fecha_primeros_sintomas;region;prop2d
2020-03-16;01;NA
2020-03-18;01;NA
2020-03-19;01;NA
2020-03-21;01;NA
2020-03-22;01;NA
2020-03-23;01;NA
2020-03-24;01;0.285714285714286
2020-03-25;01;0.357142857142857
2020-03-26;01;0.214285714285714
2020-03-28;01;0.285714285714286
2020-03-29;01;0.428571428571429
2020-03-30;01;0.428571428571429
2020-03-31;01;0.428571428571429
2020-04-01;01;0.371428571428571
2020-04-02;01;0.371428571428571
2020-04-03;01;0.419047619047619
2020-04-04;01;0.347619047619048
2020-04-05;01;0.252380952380952
2020-04-07;01;0.347619047619048
2020-04-09;01;0.347619047619048
2020-04-10;01;0.333333333333333
2020-04-11;01;0.404761904761905
2020-04-13;01;0.428571428571429
2020-04-14;01;0.571428571428571
2020-04-15;01;0.580952380952381
2020-04-16;01;0.575
2020-04-17;01;0.717857142857143
2020-04-18;01;0.646428571428571
2020-04-19;01;0.523979591836735
2020-04-20;01;0.452551020408163
2020-04-21;01;0.416836734693878
2020-04-22;01;0.35969387755102
2020-04-23;01;0.327551020408163
2020-04-24;01;0.225510204081633
2020-04-25;01;0.266326530612245
2020-04-26;01;0.293537414965986
2020-04-27;01;0.349092970521542
2020-04-28;01;0.310733182161754
2020-04-29;01;0.358352229780801
2020-04-30;01;0.350898813631733
2020-05-01;01;0.333123961755498
2020-05-02;01;0.361695390326927
2020-05-03;01;0.401988430619967
2020-05-04;01;0.412634965656746
2020-05-05;01;0.419482148974518
2020-05-06;01;0.422656752149121
2020-05-07;01;0.431790840567097
2020-05-08;01;0.452481144338375
2020-05-09;01;0.446216312824374
2020-05-10;01;0.392202529997032
2020-05-11;01;0.370335414774156
2020-05-12;01;0.345227810756939
2020-05-13;01;0.358719874249002
2020-05-14;01;0.36629473517929
2020-05-15;01;0.372624006814684
2020-05-16;01;0.353198562218241
2020-05-17;01;0.387689314884255
2020-05-18;01;0.405928129361314
2020-05-19;01;0.406951873030268
2020-05-20;01;0.38364976530193
2020-05-21;01;0.379245984124299
2020-05-22;01;0.374710836732008
2020-05-23;01;0.371829684271024
2020-05-24;01;0.346918887389829
2020-05-25;01;0.326581122388033
2020-05-26;01;0.326982782583507
2020-05-27;01;0.353226066782433
2020-05-28;01;0.346065512452067
2020-05-29;01;0.347123460714984
2020-05-30;01;0.355462280113712
2020-05-31;01;0.385198304958432
2020-06-01;01;0.392294243114739
2020-06-02;01;0.407761921503766
2020-06-03;01;0.413664282448144
2020-06-04;01;0.424047618918437
2020-06-05;01;0.405474972468552
2020-06-06;01;0.414520884740271
2020-06-07;01;0.390996040019774
2020-06-08;01;0.418947449384086
2020-06-09;01;0.439767013164654
2020-06-10;01;0.4363241726138
2020-06-11;01;0.445936713282241
2020-06-12;01;0.47375473704347
2020-06-13;01;0.487864084486151
2020-06-14;01;0.507619087936806
2020-06-15;01;0.496373451420523
2020-06-16;01;0.479566728731448
2020-06-17;01;0.485947107934127
2020-06-18;01;0.478684743528905
2020-06-19;01;0.473048565478934
2020-06-20;01;0.47323282934479
2020-06-21;01;0.46261191431211
2020-06-22;01;0.45955420918502
2020-06-23;01;0.449633574264385
2020-06-24;01;0.452717363062459
2020-06-25;01;0.453602176447273
2020-06-26;01;0.465909126254222
2020-06-27;01;0.450557313887485
2020-06-28;01;0.43838101479642
2020-06-29;01;0.45159146026493
2020-06-30;01;0.459632395937444
2020-07-01;01;0.444165121434025
2020-07-02;01;0.438835664069684
2020-07-03;01;0.435676323410343
2020-07-04;01;0.427165685112471
2020-07-05;01;0.46436938646879
2020-07-06;01;0.470245779579226
2020-07-07;01;0.458341017674464
2020-07-08;01;0.469487645000093
2020-07-09;01;0.487533552580884
2020-07-10;01;0.466520419372629
2020-07-11;01;0.466760380978772
2020-07-12;01;0.45983252622483
2020-07-13;01;0.452595588896708
2020-07-14;01;0.461153569213353
2020-07-15;01;0.465350992863664
2020-07-16;01;0.444332537634682
2020-07-17;01;0.463976025995032
2020-07-18;01;0.492387217909244
2020-07-19;01;0.501178426700452
2020-07-20;01;0.50442158442866
2020-07-21;01;0.538219493836326
2020-07-22;01;0.541781423927511
2020-07-23;01;0.558728553656595
2020-07-24;01;0.572186110592413
2020-07-25;01;0.568261811586147
2020-07-26;01;0.576624180924126
2020-07-27;01;0.556992649664688
2020-07-28;01;0.522298772113668
2020-07-29;01;0.481726293122071
2020-07-30;01;0.483656143076237
2020-07-31;01;0.478161637581732
2020-08-01;01;0.466027054018577
2020-08-02;01;0.453583052027536
2020-08-03;01;0.45897128082002
2020-08-04;01;0.484934999640882
2020-08-05;01;0.539346764346764
2020-08-06;01;0.555557503961759
2020-08-07;01;0.538603029864428
2020-08-08;01;0.555300617990588
2020-08-09;01;0.543435406789828
2020-08-10;01;0.547835896741287
2020-08-11;01;0.531395987444235
2020-08-12;01;0.504876230605329
2020-08-13;01;0.473923849652948
2020-08-14;01;0.489570108156349
2020-08-15;01;0.483076601662843
2020-08-16;01;0.487383233876452
2020-08-17;01;0.501570539108533
2020-08-18;01;0.520336666249044
2020-08-19;01;0.527978872067542
2020-08-20;01;0.511312205400875
2020-08-21;01;0.518114926489311
2020-08-22;01;0.53342104893829
2020-08-23;01;0.52737418574857
2020-08-24;01;0.540194698569083
2020-08-25;01;0.525963718820862
2020-08-26;01;0.547313797313797
2020-03-10;02;NA
2020-03-15;02;NA
2020-03-16;02;NA
2020-03-19;02;NA
2020-03-20;02;0.142857142857143
2020-03-21;02;0.142857142857143
2020-03-23;02;0.214285714285714
2020-03-24;02;0.214285714285714
2020-03-25;02;0.285714285714286
2020-03-27;02;0.333333333333333
2020-03-28;02;0.333333333333333
2020-03-29;02;0.333333333333333
2020-03-30;02;0.333333333333333
2020-03-31;02;0.357142857142857
2020-04-01;02;0.214285714285714
2020-04-02;02;0.142857142857143
2020-04-03;02;0.136054421768707
2020-04-04;02;0.136054421768707
2020-04-05;02;0.136054421768707
2020-04-06;02;0.164625850340136
2020-04-07;02;0.140816326530612
2020-04-08;02;0.140816326530612
2020-04-09;02;0.176530612244898
2020-04-10;02;0.183333333333333
2020-04-11;02;0.254761904761905
2020-04-12;02;0.326190476190476
2020-04-13;02;0.369047619047619
2020-04-14;02;0.297619047619048
2020-04-15;02;0.297619047619048
2020-04-16;02;0.285714285714286
2020-04-17;02;0.285714285714286
2020-04-18;02;0.275510204081633
2020-04-19;02;0.275510204081633
2020-04-20;02;0.255102040816327
2020-04-21;02;0.270975056689342
2020-04-22;02;0.31859410430839
2020-04-23;02;0.327751613465899
2020-04-24;02;0.291121576835863
2020-04-25;02;0.267992325135182
2020-04-26;02;0.196563753706611
2020-04-27;02;0.175099995789651
2020-04-28;02;0.221726979916635
2020-04-29;02;0.235332422093506
2020-04-30;02;0.260566447327531
2020-05-01;02;0.279972573116636
2020-05-02;02;0.286520192164255
2020-05-03;02;0.356601054697947
2020-05-04;02;0.388620759131445
2020-05-05;02;0.39105582406651
2020-05-06;02;0.380426572365829
2020-05-07;02;0.383913825853083
2020-05-08;02;0.413258948815227
2020-05-09;02;0.433551156607435
2020-05-10;02;0.427509702940737
2020-05-11;02;0.427895482512225
2020-05-12;02;0.428597483214226
2020-05-13;02;0.412634279751023
2020-05-14;02;0.400832589377904
2020-05-15;02;0.393193169973778
2020-05-16;02;0.373267889774526
2020-05-17;02;0.386296150080463
2020-05-18;02;0.390732406171224
2020-05-19;02;0.394359409798228
2020-05-20;02;0.404671195390912
2020-05-21;02;0.388713145504291
2020-05-22;02;0.37602117216323
2020-05-23;02;0.362322542026244
2020-05-24;02;0.321799723351651
2020-05-25;02;0.319346911240891
2020-05-26;02;0.318815995615636
2020-05-27;02;0.343220302991471
2020-05-28;02;0.365895505147806
2020-05-29;02;0.368503444875421
2020-05-30;02;0.387916927957754
2020-05-31;02;0.406862042040289
2020-06-01;02;0.394799903752138
2020-06-02;02;0.379423032385269
2020-06-03;02;0.365683725494206
2020-06-04;02;0.370304441705219
2020-06-05;02;0.383681220988361
2020-06-06;02;0.390409999456269
2020-06-07;02;0.386868086823448
2020-06-08;02;0.393390329595381
2020-06-09;02;0.394303799917211
2020-06-10;02;0.390303056993808
2020-06-11;02;0.391909255028577
2020-06-12;02;0.379692641304196
2020-06-13;02;0.373211726831855
2020-06-14;02;0.389556357810632
2020-06-15;02;0.391241378043403
2020-06-16;02;0.40559907643002
2020-06-17;02;0.410641244949351
2020-06-18;02;0.40683134853382
2020-06-19;02;0.413028964797466
2020-06-20;02;0.410114395971299
2020-06-21;02;0.401972088984319
2020-06-22;02;0.408596396913921
2020-06-23;02;0.407118386354858
2020-06-24;02;0.415076898125534
2020-06-25;02;0.411925979411933
2020-06-26;02;0.414010684261614
2020-06-27;02;0.411577283946582
2020-06-28;02;0.410383824106506
2020-06-29;02;0.404893303024977
2020-06-30;02;0.410207630719589
2020-07-01;02;0.409955308287058
2020-07-02;02;0.411041551365148
2020-07-03;02;0.400071180812235
2020-07-04;02;0.42547166845427
2020-07-05;02;0.43277981259546
2020-07-06;02;0.437423586272596
2020-07-07;02;0.426321275491266
2020-07-08;02;0.433393411276273
2020-07-09;02;0.443601474601105
2020-07-10;02;0.45668398033067
2020-07-11;02;0.465024039518186
2020-07-12;02;0.475922691477431
2020-07-13;02;0.480312039245595
2020-07-14;02;0.481119894080296
2020-07-15;02;0.470481596207955
2020-07-16;02;0.457452755449342
2020-07-17;02;0.454530677527264
2020-07-18;02;0.445973051578334
2020-07-19;02;0.44309505366384
2020-07-20;02;0.442402659813926
2020-07-21;02;0.454444850427545
2020-07-22;02;0.451925253563044
2020-07-23;02;0.46921848664575
2020-07-24;02;0.466783421710686
2020-07-25;02;0.456293428611997
2020-07-26;02;0.453436285754854
2020-07-27;02;0.46090188068848
2020-07-28;02;0.459780078902226
2020-07-29;02;0.466444467145562
2020-07-30;02;0.44677573008552
2020-07-31;02;0.43676742443768
2020-08-01;02;0.442384030054285
2020-08-02;02;0.453495141165396
2020-08-03;02;0.44714102056979
2020-08-04;02;0.46290149378914
2020-08-05;02;0.487762347221422
2020-08-06;02;0.521215545434345
2020-08-07;02;0.540152422510757
2020-08-08;02;0.54278978514812
2020-08-09;02;0.539615181973517
2020-08-10;02;0.544030065335769
2020-08-11;02;0.535537033976884
2020-08-12;02;0.521371367710377
2020-08-13;02;0.501732105620727
2020-08-14;02;0.497499301387922
2020-08-15;02;0.496597045748825
2020-08-16;02;0.466921407377534
2020-08-17;02;0.468020308476435
2020-08-18;02;0.463059991016118
2020-08-19;02;0.465351816837355
2020-08-20;02;0.438239584807091
2020-08-21;02;0.42614585842765
2020-08-22;02;0.40927033628897
2020-08-23;02;0.440443428987903
2020-08-24;02;0.459491048035522
2020-08-25;02;0.473795219316438
2020-08-26;02;0.460498991734496
2020-03-10;03;NA
2020-03-23;03;NA
2020-03-26;03;NA
2020-03-28;03;NA
2020-04-02;03;NA
2020-04-06;03;0.285714285714286
2020-04-07;03;0.428571428571429
2020-04-08;03;0.571428571428571
2020-04-10;03;0.571428571428571
2020-04-15;03;0.428571428571429
2020-04-16;03;0.428571428571429
2020-04-17;03;0.428571428571429
2020-04-18;03;0.357142857142857
2020-04-19;03;0.214285714285714
2020-04-20;03;0.119047619047619
2020-04-21;03;0.119047619047619
2020-04-22;03;0.147619047619048
2020-04-23;03;0.29047619047619
2020-04-24;03;0.404761904761905
2020-04-25;03;0.476190476190476
2020-04-26;03;0.619047619047619
2020-04-27;03;0.642857142857143
2020-04-28;03;0.785714285714286
2020-04-29;03;0.792857142857143
2020-04-30;03;0.745238095238095
2020-05-01;03;0.721861471861472
2020-05-02;03;0.626623376623377
2020-05-03;03;0.555194805194805
2020-05-04;03;0.598051948051948
2020-05-05;03;0.5504329004329
2020-05-06;03;0.633766233766234
2020-05-07;03;0.681385281385281
2020-05-08;03;0.685714285714286
2020-05-09;03;0.685714285714286
2020-05-10;03;0.614285714285714
2020-05-11;03;0.571428571428571
2020-05-12;03;0.523809523809524
2020-05-13;03;0.404761904761905
2020-05-14;03;0.404761904761905
2020-05-15;03;0.309523809523809
2020-05-16;03;0.333333333333333
2020-05-17;03;0.428571428571429
2020-05-18;03;0.464285714285714
2020-05-19;03;0.445238095238095
2020-05-20;03;0.516666666666667
2020-05-21;03;0.445238095238095
2020-05-22;03;0.516666666666667
2020-05-23;03;0.516666666666667
2020-05-24;03;0.492857142857143
2020-05-25;03;0.449206349206349
2020-05-26;03;0.48015873015873
2020-05-27;03;0.48015873015873
2020-05-28;03;0.424603174603175
2020-05-29;03;0.414399092970522
2020-05-30;03;0.371541950113379
2020-05-31;03;0.416996495567924
2020-06-01;03;0.424933003504432
2020-06-02;03;0.427909193980622
2020-06-03;03;0.412036178107607
2020-06-04;03;0.463832335166922
2020-06-05;03;0.448322131085289
2020-06-06;03;0.47927451203767
2020-06-07;03;0.414339447102605
2020-06-08;03;0.430212462975621
2020-06-09;03;0.478102073365231
2020-06-10;03;0.497080679300359
2020-06-11;03;0.482982934939457
2020-06-12;03;0.488697220653742
2020-06-13;03;0.497956479913002
2020-06-14;03;0.500953482910005
2020-06-15;03;0.467223324179846
2020-06-16;03;0.448670448484113
2020-06-17;03;0.419249068948317
2020-06-18;03;0.428534783234031
2020-06-19;03;0.440598275297523
2020-06-20;03;0.440386635085883
2020-06-21;03;0.452668470897131
2020-06-22;03;0.461001804230464
2020-06-23;03;0.407260307631825
2020-06-24;03;0.423372015472856
2020-06-25;03;0.413424925525766
2020-06-26;03;0.432639628950996
2020-06-27;03;0.414068200379567
2020-06-28;03;0.411127023908979
2020-06-29;03;0.446365119147074
2020-06-30;03;0.47129509113587
2020-07-01;03;0.473562664832015
2020-07-02;03;0.4587478500172
2020-07-03;03;0.449510470855009
2020-07-04;03;0.506653327997866
2020-07-05;03;0.528081899426437
2020-07-06;03;0.500326797385621
2020-07-07;03;0.523015873015873
2020-07-08;03;0.55
2020-07-09;03;0.589285714285714
2020-07-10;03;0.561530612244898
2020-07-11;03;0.520714285714286
2020-07-12;03;0.537040816326531
2020-07-13;03;0.543049886621315
2020-07-14;03;0.537335600907029
2020-07-15;03;0.488876217153528
2020-07-16;03;0.488214841492152
2020-07-17;03;0.510033023310334
2020-07-18;03;0.516592790074183
2020-07-19;03;0.494177266487699
2020-07-20;03;0.481860218456365
2020-07-21;03;0.49636571296186
2020-07-22;03;0.540063191953456
2020-07-23;03;0.530010281900546
2020-07-24;03;0.540208906805053
2020-07-25;03;0.52764006974642
2020-07-26;03;0.522300491292088
2020-07-27;03;0.53667338174071
2020-07-28;03;0.51161233167966
2020-07-29;03;0.483040903108231
2020-07-30;03;0.492904848686463
2020-07-31;03;0.461327602403334
2020-08-01;03;0.471702336489408
2020-08-02;03;0.480599262348359
2020-08-03;03;0.476982870617713
2020-08-04;03;0.494840013474856
2020-08-05;03;0.50912572776057
2020-08-06;03;0.526786638278623
2020-08-07;03;0.544918506410492
2020-08-08;03;0.542456589192458
2020-08-09;03;0.547709323197452
2020-08-10;03;0.548319727194468
2020-08-11;03;0.553610732485473
2020-08-12;03;0.560349276959867
2020-08-13;03;0.544729182768344
2020-08-14;03;0.55887484103165
2020-08-15;03;0.573977897179482
2020-08-16;03;0.53316157064887
2020-08-17;03;0.556117487970984
2020-08-18;03;0.562164351160704
2020-08-19;03;0.57447342573393
2020-08-20;03;0.547114935167892
2020-08-21;03;0.548683562618873
2020-08-22;03;0.555575793195314
2020-08-23;03;0.606857844477365
2020-08-24;03;0.574672638379115
2020-08-25;03;0.553414134977755
2020-08-26;03;0.56875805032167
2020-03-12;04;NA
2020-03-13;04;NA
2020-03-14;04;NA
2020-03-17;04;NA
2020-03-18;04;0.133333333333333
2020-03-19;04;0.133333333333333
2020-03-20;04;0.133333333333333
2020-03-21;04;0.133333333333333
2020-03-22;04;0.133333333333333
2020-03-24;04;0.228571428571429
2020-03-25;04;0.142857142857143
2020-03-26;04;0.142857142857143
2020-03-27;04;0.214285714285714
2020-03-28;04;0.285714285714286
2020-03-29;04;0.285714285714286
2020-03-30;04;0.357142857142857
2020-04-01;04;0.214285714285714
2020-04-02;04;0.357142857142857
2020-04-03;04;0.428571428571429
2020-04-04;04;0.5
2020-04-07;04;0.571428571428571
2020-04-08;04;0.571428571428571
2020-04-09;04;0.571428571428571
2020-04-10;04;0.571428571428571
2020-04-13;04;0.428571428571429
2020-04-14;04;0.428571428571429
2020-04-15;04;0.285714285714286
2020-04-16;04;0.238095238095238
2020-04-17;04;0.380952380952381
2020-04-18;04;0.30952380952381
2020-04-20;04;0.30952380952381
2020-04-21;04;0.30952380952381
2020-04-23;04;0.238095238095238
2020-04-24;04;0.238095238095238
2020-04-25;04;0.142857142857143
2020-04-26;04;1.58603289232165e-17
2020-04-27;04;0.0357142857142857
2020-04-28;04;0.0833333333333334
2020-04-29;04;0.172619047619048
2020-04-30;04;0.208333333333333
2020-05-01;04;0.247294372294372
2020-05-02;04;0.288110698824985
2020-05-03;04;0.345253555967842
2020-05-04;04;0.335513296227582
2020-05-05;04;0.328710575139147
2020-05-06;04;0.292056439800801
2020-05-07;04;0.314783712528073
2020-05-08;04;0.356568015181941
2020-05-09;04;0.387180260079901
2020-05-10;04;0.404867334909833
2020-05-11;04;0.471330283725722
2020-05-12;04;0.464127402573261
2020-05-13;04;0.49879741092748
2020-05-14;04;0.511784423914493
2020-05-15;04;0.484610510871015
2020-05-16;04;0.463181939442444
2020-05-17;04;0.469984660530879
2020-05-18;04;0.414814766486305
2020-05-19;04;0.440725130631963
2020-05-20;04;0.399642030725334
2020-05-21;04;0.384335908276354
2020-05-22;04;0.369374518314964
2020-05-23;04;0.374085764515572
2020-05-24;04;0.357670502758695
2020-05-25;04;0.376525870992945
2020-05-26;04;0.3804941249612
2020-05-27;04;0.405704208994813
2020-05-28;04;0.39828305871652
2020-05-29;04;0.394658442847006
2020-05-30;04;0.391671334577433
2020-05-31;04;0.412588397054597
2020-06-01;04;0.423373723843541
2020-06-02;04;0.420321220791038
2020-06-03;04;0.416119540118769
2020-06-04;04;0.418631179422861
2020-06-05;04;0.418631179422861
2020-06-06;04;0.41102468855065
2020-06-07;04;0.386114724565056
2020-06-08;04;0.38170694879652
2020-06-09;04;0.387365469380414
2020-06-10;04;0.37026389190732
2020-06-11;04;0.376801713780348
2020-06-12;04;0.381376730600263
2020-06-13;04;0.421002925905972
2020-06-14;04;0.431207007538625
2020-06-15;04;0.432199071030688
2020-06-16;04;0.441497815404059
2020-06-17;04;0.446766088126682
2020-06-18;04;0.446766088126682
2020-06-19;04;0.469705648566243
2020-06-20;04;0.439533234773139
2020-06-21;04;0.428372520487425
2020-06-22;04;0.436309028423933
2020-06-23;04;0.39965312312396
2020-06-24;04;0.409194602053194
2020-06-25;04;0.425807834346986
2020-06-26;04;0.425908155374273
2020-06-27;04;0.416454373861668
2020-06-28;04;0.42515203396019
2020-06-29;04;0.415718071696039
2020-06-30;04;0.445942668840566
2020-07-01;04;0.455682928580826
2020-07-02;04;0.447078573596823
2020-07-03;04;0.439580293385862
2020-07-04;04;0.449748360612753
2020-07-05;04;0.445514986228517
2020-07-06;04;0.450675444219163
2020-07-07;04;0.445201990469848
2020-07-08;04;0.439600449154021
2020-07-09;04;0.43842006832589
2020-07-10;04;0.437286281477818
2020-07-11;04;0.430619614811151
2020-07-12;04;0.42779223385877
2020-07-13;04;0.422065738132274
2020-07-14;04;0.420911336977873
2020-07-15;04;0.400408982189804
2020-07-16;04;0.400345854861984
2020-07-17;04;0.388705643221772
2020-07-18;04;0.41619705215648
2020-07-19;04;0.409003536452326
2020-07-20;04;0.410721962953361
2020-07-21;04;0.407030917157052
2020-07-22;04;0.422289275819666
2020-07-23;04;0.425442319719739
2020-07-24;04;0.449152013240753
2020-07-25;04;0.458075170132376
2020-07-26;04;0.484713130280975
2020-07-27;04;0.492440993923904
2020-07-28;04;0.506884078379228
2020-07-29;04;0.508458766188215
2020-07-30;04;0.504995050719769
2020-07-31;04;0.506626487803043
2020-08-01;04;0.472894685222856
2020-08-02;04;0.450290472198082
2020-08-03;04;0.432325663535599
2020-08-04;04;0.413371300884786
2020-08-05;04;0.434309055041129
2020-08-06;04;0.445195172668819
2020-08-07;04;0.435349128988189
2020-08-08;04;0.467754085040291
2020-08-09;04;0.488374171080938
2020-08-10;04;0.498527181233948
2020-08-11;04;0.519221774860873
2020-08-12;04;0.514981351901238
2020-08-13;04;0.502607546844506
2020-08-14;04;0.501583040656489
2020-08-15;04;0.478876273739195
2020-08-16;04;0.475021398455749
2020-08-17;04;0.506075982451509
2020-08-18;04;0.519363540465369
2020-08-19;04;0.526714337696927
2020-08-20;04;0.524237531517505
2020-08-21;04;0.530233256962456
2020-08-22;04;0.561330565451069
2020-08-23;04;0.570157710767027
2020-08-24;04;0.553846186157183
2020-08-25;04;0.538256168698006
2020-08-26;04;0.531986205371377
2020-03-10;05;NA
2020-03-12;05;NA
2020-03-13;05;NA
2020-03-14;05;0.0357142857142857
2020-03-15;05;0.0357142857142857
2020-03-16;05;0.0357142857142857
2020-03-17;05;0.0595238095238095
2020-03-18;05;0.0854978354978355
2020-03-19;05;0.116110080395795
2020-03-20;05;0.182776747062461
2020-03-21;05;0.232776747062461
2020-03-22;05;0.258750773036487
2020-03-23;05;0.323036487322202
2020-03-24;05;0.343183007468722
2020-03-25;05;0.350176014461729
2020-03-26;05;0.351309801309801
2020-03-27;05;0.327500277500277
2020-03-28;05;0.313214563214563
2020-03-29;05;0.358669108669109
2020-03-30;05;0.419383394383394
2020-03-31;05;0.432570207570208
2020-04-01;05;0.442460317460317
2020-04-02;05;0.482142857142857
2020-04-03;05;0.486904761904762
2020-04-04;05;0.435884353741497
2020-04-05;05;0.45969387755102
2020-04-06;05;0.391836734693878
2020-04-07;05;0.366439909297052
2020-04-08;05;0.343990929705215
2020-04-09;05;0.337497423211709
2020-04-10;05;0.307735518449804
2020-04-11;05;0.287327355184498
2020-04-12;05;0.263517831374974
2020-04-13;05;0.242089259946403
2020-04-14;05;0.281771799628942
2020-04-15;05;0.332792207792208
2020-04-16;05;0.308673469387755
2020-04-17;05;0.352040816326531
2020-04-18;05;0.392857142857143
2020-04-19;05;0.392857142857143
2020-04-20;05;0.373015873015873
2020-04-21;05;0.365079365079365
2020-04-22;05;0.336507936507937
2020-04-23;05;0.33140589569161
2020-04-24;05;0.324603174603175
2020-04-25;05;0.321380833034968
2020-04-26;05;0.309065562099008
2020-04-27;05;0.356684609718055
2020-04-28;05;0.347246600280046
2020-04-29;05;0.363622906900255
2020-04-30;05;0.386582090573724
2020-05-01;05;0.377708976110548
2020-05-02;05;0.39274657009551
2020-05-03;05;0.39035595867853
2020-05-04;05;0.393828180900752
2020-05-05;05;0.398044803538427
2020-05-06;05;0.39763488347284
2020-05-07;05;0.41660116563788
2020-05-08;05;0.431807848010979
2020-05-09;05;0.44844033832768
2020-05-10;05;0.438115695650096
2020-05-11;05;0.437896140614967
2020-05-12;05;0.440849953719156
2020-05-13;05;0.452107286841084
2020-05-14;05;0.416644406036589
2020-05-15;05;0.393112409459424
2020-05-16;05;0.382556755068154
2020-05-17;05;0.412212151630025
2020-05-18;05;0.395660471143918
2020-05-19;05;0.396340743252762
2020-05-20;05;0.364915342903943
2020-05-21;05;0.360898941822963
2020-05-22;05;0.369623805625662
2020-05-23;05;0.364823746548012
2020-05-24;05;0.346753496865405
2020-05-25;05;0.356333309792498
2020-05-26;05;0.357285690744879
2020-05-27;05;0.38797835616056
2020-05-28;05;0.398230584905939
2020-05-29;05;0.403302789226264
2020-05-30;05;0.404589238625921
2020-05-31;05;0.42363685767354
2020-06-01;05;0.411061634671391
2020-06-02;05;0.414871158480914
2020-06-03;05;0.403541640623107
2020-06-04;05;0.410618906791283
2020-06-05;05;0.402343155545903
2020-06-06;05;0.409545723093298
2020-06-07;05;0.399852859163585
2020-06-08;05;0.407366465246199
2020-06-09;05;0.405634863514597
2020-06-10;05;0.411901968057563
2020-06-11;05;0.423597293434257
2020-06-12;05;0.424159723130545
2020-06-13;05;0.42459985652482
2020-06-14;05;0.431766351055098
2020-06-15;05;0.42659815439754
2020-06-16;05;0.421612069054312
2020-06-17;05;0.426109423551666
2020-06-18;05;0.420339353887824
2020-06-19;05;0.42486109043287
2020-06-20;05;0.422612800527635
2020-06-21;05;0.417623663724588
2020-06-22;05;0.430984788196824
2020-06-23;05;0.439794153064266
2020-06-24;05;0.435330650970432
2020-06-25;05;0.441262369452217
2020-06-26;05;0.450415889792195
2020-06-27;05;0.437989938867078
2020-06-28;05;0.42908069335069
2020-06-29;05;0.437605090763976
2020-06-30;05;0.44171831917627
2020-07-01;05;0.443179483384045
2020-07-02;05;0.431826801607817
2020-07-03;05;0.426499018237756
2020-07-04;05;0.430563095481557
2020-07-05;05;0.437372765212575
2020-07-06;05;0.431690947030756
2020-07-07;05;0.426951242291052
2020-07-08;05;0.430813368536899
2020-07-09;05;0.442430889073058
2020-07-10;05;0.442340149738512
2020-07-11;05;0.460407591769088
2020-07-12;05;0.458233706201413
2020-07-13;05;0.455375151712424
2020-07-14;05;0.456026352363624
2020-07-15;05;0.452115309418839
2020-07-16;05;0.447583309248889
2020-07-17;05;0.451121529270625
2020-07-18;05;0.456402781556486
2020-07-19;05;0.465140528623817
2020-07-20;05;0.460925799253808
2020-07-21;05;0.461190349518358
2020-07-22;05;0.474561250786638
2020-07-23;05;0.478973036975702
2020-07-24;05;0.502792075080455
2020-07-25;05;0.490580093513634
2020-07-26;05;0.485027872625279
2020-07-27;05;0.497782974666095
2020-07-28;05;0.49397720038788
2020-07-29;05;0.488268980334372
2020-07-30;05;0.484942065690228
2020-07-31;05;0.457041394932415
2020-08-01;05;0.467238107223494
2020-08-02;05;0.462950677966077
2020-08-03;05;0.468114189153684
2020-08-04;05;0.475865045114207
2020-08-05;05;0.480880861194382
2020-08-06;05;0.493320767149394
2020-08-07;05;0.508698749328181
2020-08-08;05;0.504661791261373
2020-08-09;05;0.511450920499481
2020-08-10;05;0.511253031924555
2020-08-11;05;0.520800013734311
2020-08-12;05;0.526423315686671
2020-08-13;05;0.515036152125594
2020-08-14;05;0.490923476069256
2020-08-15;05;0.49465973980552
2020-08-16;05;0.504526921803849
2020-08-17;05;0.496704156334025
2020-08-18;05;0.491742524882327
2020-08-19;05;0.479137482865521
2020-08-20;05;0.474010794509019
2020-08-21;05;0.484927050666654
2020-08-22;05;0.489681161803744
2020-08-23;05;0.482998764945087
2020-08-24;05;0.477168649114971
2020-08-25;05;0.478162026598415
2020-08-26;05;0.487685836122224
2020-03-15;06;NA
2020-03-16;06;NA
2020-03-20;06;NA
2020-03-23;06;NA
2020-03-24;06;NA
2020-03-27;06;0.0476190476190476
2020-03-28;06;0.19047619047619
2020-03-30;06;0.333333333333333
2020-03-31;06;0.333333333333333
2020-04-01;06;0.476190476190476
2020-04-05;06;0.5
2020-04-06;06;0.5
2020-04-12;06;0.5
2020-04-13;06;0.357142857142857
2020-04-14;06;0.214285714285714
2020-04-16;06;0.357142857142857
2020-04-19;06;0.357142857142857
2020-04-20;06;0.371428571428571
2020-04-21;06;0.419047619047619
2020-04-22;06;0.466666666666667
2020-04-23;06;0.609523809523809
2020-04-24;06;0.609523809523809
2020-04-25;06;0.466666666666667
2020-04-26;06;0.323809523809524
2020-04-27;06;0.273809523809524
2020-04-28;06;0.297619047619048
2020-04-29;06;0.25
2020-04-30;06;0.135714285714286
2020-05-01;06;0.146703296703297
2020-05-02;06;0.170512820512821
2020-05-03;06;0.241941391941392
2020-05-04;06;0.261526645397613
2020-05-05;06;0.256032139903108
2020-05-06;06;0.334849873893255
2020-05-07;06;0.38081260681251
2020-05-08;06;0.434758660758564
2020-05-09;06;0.493200219200122
2020-05-10;06;0.494719976039028
2020-05-11;06;0.515832397001412
2020-05-12;06;0.516224861679591
2020-05-13;06;0.517546500511743
2020-05-14;06;0.519667391285868
2020-05-15;06;0.50235137396985
2020-05-16;06;0.496290767909244
2020-05-17;06;0.481257497556825
2020-05-18;06;0.460145076594442
2020-05-19;06;0.436146588310239
2020-05-20;06;0.422509678542127
2020-05-21;06;0.399426054848747
2020-05-22;06;0.413289828206191
2020-05-23;06;0.391644806561169
2020-05-24;06;0.402854172609245
2020-05-25;06;0.416520150680117
2020-05-26;06;0.441247501938081
2020-05-27;06;0.44067910481796
2020-05-28;06;0.443797018650159
2020-05-29;06;0.434099911959382
2020-05-30;06;0.450983028842499
2020-05-31;06;0.449885815763719
2020-06-01;06;0.443494088368856
2020-06-02;06;0.441489715191014
2020-06-03;06;0.440217303392286
2020-06-04;06;0.43668410716806
2020-06-05;06;0.429146180492965
2020-06-06;06;0.412662664009449
2020-06-07;06;0.399891517815122
2020-06-08;06;0.393375594153053
2020-06-09;06;0.387080334113554
2020-06-10;06;0.391776858032046
2020-06-11;06;0.388620711852644
2020-06-12;06;0.389710819879321
2020-06-13;06;0.4038901888974
2020-06-14;06;0.418574600397849
2020-06-15;06;0.42234579404246
2020-06-16;06;0.447702183206507
2020-06-17;06;0.456596962386526
2020-06-18;06;0.465553878486299
2020-06-19;06;0.478148833408581
2020-06-20;06;0.475213047062656
2020-06-21;06;0.486530762222114
2020-06-22;06;0.493091743886831
2020-06-23;06;0.478367349456161
2020-06-24;06;0.475871967979888
2020-06-25;06;0.490233268055474
2020-06-26;06;0.490592699926109
2020-06-27;06;0.47561700031429
2020-06-28;06;0.471359822135582
2020-06-29;06;0.476859181563465
2020-06-30;06;0.484455553445551
2020-07-01;06;0.48703899151286
2020-07-02;06;0.472162333779059
2020-07-03;06;0.462422805783953
2020-07-04;06;0.481522367778563
2020-07-05;06;0.494468444554427
2020-07-06;06;0.498914921495363
2020-07-07;06;0.510502223082665
2020-07-08;06;0.506235283331854
2020-07-09;06;0.517946786114785
2020-07-10;06;0.527897433040222
2020-07-11;06;0.533600660432096
2020-07-12;06;0.521347806073979
2020-07-13;06;0.524093560864444
2020-07-14;06;0.495672508232866
2020-07-15;06;0.497228686259632
2020-07-16;06;0.505647053606571
2020-07-17;06;0.516569553447629
2020-07-18;06;0.530313623780154
2020-07-19;06;0.54337569071219
2020-07-20;06;0.533756705503427
2020-07-21;06;0.554125810083058
2020-07-22;06;0.574413925329157
2020-07-23;06;0.565106566021797
2020-07-24;06;0.548985568871368
2020-07-25;06;0.543374499131313
2020-07-26;06;0.521814625181733
2020-07-27;06;0.529398526694096
2020-07-28;06;0.547093331888901
2020-07-29;06;0.544248557615555
2020-07-30;06;0.557308943557297
2020-07-31;06;0.571571607073692
2020-08-01;06;0.562956540829906
2020-08-02;06;0.579077572575937
2020-08-03;06;0.587434750327351
2020-08-04;06;0.568341343733944
2020-08-05;06;0.55438862978123
2020-08-06;06;0.563748609543436
2020-08-07;06;0.580081268733238
2020-08-08;06;0.601399907234811
2020-08-09;06;0.605075421156226
2020-08-10;06;0.599811067270451
2020-08-11;06;0.604434030514104
2020-08-12;06;0.588030921428068
2020-08-13;06;0.574777859009071
2020-08-14;06;0.553831627409086
2020-08-15;06;0.535104327166955
2020-08-16;06;0.530857115639944
2020-08-17;06;0.531303823403725
2020-08-18;06;0.532381409610621
2020-08-19;06;0.549566787275536
2020-08-20;06;0.532673876264978
2020-08-21;06;0.536684166821879
2020-08-22;06;0.517382696233643
2020-08-23;06;0.505897006781852
2020-08-24;06;0.497838398723244
2020-08-25;06;0.49011447582075
2020-08-26;06;0.499238243234864
2020-03-16;07;NA
2020-03-17;07;NA
2020-03-18;07;NA
2020-03-19;07;NA
2020-03-20;07;NA
2020-03-21;07;NA
2020-03-22;07;0.357142857142857
2020-03-23;07;0.285714285714286
2020-03-24;07;0.333333333333333
2020-03-26;07;0.369047619047619
2020-03-28;07;0.416666666666667
2020-03-30;07;0.464285714285714
2020-03-31;07;0.392857142857143
2020-04-01;07;0.285714285714286
2020-04-03;07;0.314285714285714
2020-04-05;07;0.338095238095238
2020-04-06;07;0.373809523809524
2020-04-07;07;0.397619047619048
2020-04-08;07;0.385714285714286
2020-04-09;07;0.314285714285714
2020-04-10;07;0.278571428571429
2020-04-11;07;0.357142857142857
2020-04-12;07;0.369047619047619
2020-04-13;07;0.404761904761905
2020-04-14;07;0.476190476190476
2020-04-15;07;0.56547619047619
2020-04-16;07;0.679761904761905
2020-04-17;07;0.822619047619048
2020-04-18;07;0.858333333333333
2020-04-19;07;0.775
2020-04-20;07;0.739285714285714
2020-04-22;07;0.682142857142857
2020-04-23;07;0.7
2020-04-24;07;0.680952380952381
2020-04-25;07;0.538095238095238
2020-04-26;07;0.442857142857143
2020-04-27;07;0.442857142857143
2020-04-28;07;0.371428571428571
2020-04-29;07;0.285714285714286
2020-04-30;07;0.142857142857143
2020-05-01;07;0.0476190476190476
2020-05-02;07;0.0904761904761905
2020-05-03;07;0.128571428571429
2020-05-04;07;0.2
2020-05-05;07;0.214285714285714
2020-05-06;07;0.294642857142857
2020-05-07;07;0.319852941176471
2020-05-08;07;0.355567226890756
2020-05-09;07;0.401995798319328
2020-05-10;07;0.383950685537373
2020-05-11;07;0.386807828394516
2020-05-12;07;0.437457179043866
2020-05-13;07;0.428528607615295
2020-05-14;07;0.459595579858738
2020-05-15;07;0.48510578394037
2020-05-16;07;0.461126192103636
2020-05-17;07;0.48160291582784
2020-05-18;07;0.466616392916789
2020-05-19;07;0.483614101090967
2020-05-20;07;0.476571847569841
2020-05-21;07;0.501247172245165
2020-05-22;07;0.502522682449247
2020-05-23;07;0.512404529925079
2020-05-24;07;0.505577314587226
2020-05-25;07;0.51893822173473
2020-05-26;07;0.513928525548563
2020-05-27;07;0.509766297276973
2020-05-28;07;0.485251306095315
2020-05-29;07;0.481481464825474
2020-05-30;07;0.462122723143683
2020-05-31;07;0.449449681899213
2020-06-01;07;0.442565534045083
2020-06-02;07;0.427045965893936
2020-06-03;07;0.449072958509164
2020-06-04;07;0.460662779622794
2020-06-05;07;0.462569825414732
2020-06-06;07;0.485822229824772
2020-06-07;07;0.492878665452636
2020-06-08;07;0.500806081481597
2020-06-09;07;0.517527572709667
2020-06-10;07;0.509070246371546
2020-06-11;07;0.529325539500033
2020-06-12;07;0.530555601569613
2020-06-13;07;0.530839048281631
2020-06-14;07;0.534114905216024
2020-06-15;07;0.53796255892719
2020-06-16;07;0.542057497262236
2020-06-17;07;0.563868136953671
2020-06-18;07;0.566494723849921
2020-06-19;07;0.57159174297253
2020-06-20;07;0.572226663607451
2020-06-21;07;0.580849809138098
2020-06-22;07;0.591468431587077
2020-06-23;07;0.598976946616848
2020-06-24;07;0.5838047238816
2020-06-25;07;0.590779230856107
2020-06-26;07;0.599243516570393
2020-06-27;07;0.594873768671233
2020-06-28;07;0.589079772311199
2020-06-29;07;0.584838700882628
2020-06-30;07;0.577989200625771
2020-07-01;07;0.583271313470909
2020-07-02;07;0.561474672109051
2020-07-03;07;0.558903243537622
2020-07-04;07;0.549939658103448
2020-07-05;07;0.549301407465198
2020-07-06;07;0.548602649701223
2020-07-07;07;0.541914172783738
2020-07-08;07;0.537368718238283
2020-07-09;07;0.542450592885375
2020-07-10;07;0.524756109151288
2020-07-11;07;0.535759345397243
2020-07-12;07;0.526686642399306
2020-07-13;07;0.521378906656788
2020-07-14;07;0.520376400391123
2020-07-15;07;0.534445664460387
2020-07-16;07;0.533276833291556
2020-07-17;07;0.533413713339008
2020-07-18;07;0.519731905664482
2020-07-19;07;0.525143376277782
2020-07-20;07;0.521247272381678
2020-07-21;07;0.53554124908167
2020-07-22;07;0.515133085816364
2020-07-23;07;0.519033312573733
2020-07-24;07;0.527699658264633
2020-07-25;07;0.539902039217015
2020-07-26;07;0.561095739134119
2020-07-27;07;0.561433757280356
2020-07-28;07;0.547139780580364
2020-07-29;07;0.560621536919263
2020-07-30;07;0.545214460846825
2020-07-31;07;0.547346657008872
2020-08-01;07;0.535782031158532
2020-08-02;07;0.529144224520725
2020-08-03;07;0.541122461547886
2020-08-04;07;0.555486730429044
2020-08-05;07;0.553309495898869
2020-08-06;07;0.590310850708443
2020-08-07;07;0.605561976034195
2020-08-08;07;0.595881180639114
2020-08-09;07;0.595246260004193
2020-08-10;07;0.593490496970235
2020-08-11;07;0.594274392618046
2020-08-12;07;0.6047194156977
2020-08-13;07;0.578345789324074
2020-08-14;07;0.547790233768518
2020-08-15;07;0.562975048953334
2020-08-16;07;0.564403620381905
2020-08-17;07;0.576886751286088
2020-08-18;07;0.566550616832307
2020-08-19;07;0.572011956297671
2020-08-20;07;0.574523730238016
2020-08-21;07;0.597539603253889
2020-08-22;07;0.617635297033793
2020-08-23;07;0.597794027192523
2020-08-24;07;0.581586963815649
2020-08-25;07;0.585620577261027
2020-08-26;07;0.563814594593987
2020-03-10;08;NA
2020-03-11;08;NA
2020-03-12;08;NA
2020-03-13;08;0.0357142857142857
2020-03-14;08;0.0357142857142857
2020-03-15;08;0.0595238095238095
2020-03-16;08;0.0595238095238095
2020-03-17;08;0.0952380952380952
2020-03-18;08;0.138095238095238
2020-03-19;08;0.16007326007326
2020-03-20;08;0.148168498168498
2020-03-21;08;0.187129537129537
2020-03-22;08;0.21374018138724
2020-03-23;08;0.222143542731778
2020-03-24;08;0.222143542731778
2020-03-25;08;0.236429257017492
2020-03-26;08;0.292373312961548
2020-03-27;08;0.328087598675834
2020-03-28;08;0.328087598675834
2020-03-29;08;0.357032509973686
2020-03-30;08;0.398629148629149
2020-03-31;08;0.430141753671165
2020-04-01;08;0.450920974450386
2020-04-02;08;0.434223386324227
2020-04-03;08;0.446128148228989
2020-04-04;08;0.468391599063868
2020-04-05;08;0.42077255144482
2020-04-06;08;0.452405204506045
2020-04-07;08;0.43279736136879
2020-04-08;08;0.383446712018141
2020-04-09;08;0.357936507936508
2020-04-10;08;0.334126984126984
2020-04-11;08;0.330045351473923
2020-04-12;08;0.384013605442177
2020-04-13;08;0.355952380952381
2020-04-14;08;0.344047619047619
2020-04-15;08;0.386904761904762
2020-04-16;08;0.48452380952381
2020-04-17;08;0.559353741496599
2020-04-18;08;0.573639455782313
2020-04-19;08;0.595068027210884
2020-04-20;08;0.65578231292517
2020-04-21;08;0.734353741496599
2020-04-22;08;0.734353741496599
2020-04-23;08;0.68265306122449
2020-04-24;08;0.66734693877551
2020-04-25;08;0.643537414965986
2020-04-26;08;0.593537414965986
2020-04-27;08;0.507823129251701
2020-04-28;08;0.441156462585034
2020-04-29;08;0.41437074829932
2020-04-30;08;0.368452380952381
2020-05-01;08;0.288095238095238
2020-05-02;08;0.288095238095238
2020-05-03;08;0.26991341991342
2020-05-04;08;0.312770562770563
2020-05-05;08;0.353586889301175
2020-05-06;08;0.388944032158318
2020-05-07;08;0.419163812378098
2020-05-08;08;0.420949526663812
2020-05-09;08;0.439997145711431
2020-05-10;08;0.466970172684458
2020-05-11;08;0.444992150706436
2020-05-12;08;0.42981684981685
2020-05-13;08;0.409340659340659
2020-05-14;08;0.379120879120879
2020-05-15;08;0.43038138332256
2020-05-16;08;0.439905192846369
2020-05-17;08;0.433711386652563
2020-05-18;08;0.426588879530056
2020-05-19;08;0.433328806269983
2020-05-20;08;0.432324790205726
2020-05-21;08;0.444873052753988
2020-05-22;08;0.419662968720375
2020-05-23;08;0.412860247631939
2020-05-24;08;0.43311998789168
2020-05-25;08;0.469088648860341
2020-05-26;08;0.47550840194676
2020-05-27;08;0.49405627766014
2020-05-28;08;0.528949379717421
2020-05-29;08;0.541117883482564
2020-05-30;08;0.549825366475761
2020-05-31;08;0.547950366475761
2020-06-01;08;0.532510806036201
2020-06-02;08;0.505019624378352
2020-06-03;08;0.497216024469489
2020-06-04;08;0.48718962585034
2020-06-05;08;0.48577457600914
2020-06-06;08;0.471295409342473
2020-06-07;08;0.465161410467333
2020-06-08;08;0.463969221361475
2020-06-09;08;0.480550854014536
2020-06-10;08;0.477220850684533
2020-06-11;08;0.48201367690593
2020-06-12;08;0.466162183766302
2020-06-13;08;0.461175344377367
2020-06-14;08;0.452154268064537
2020-06-15;08;0.468289448451415
2020-06-16;08;0.479104683636398
2020-06-17;08;0.496245151863823
2020-06-18;08;0.501881025424225
2020-06-19;08;0.522881628196979
2020-06-20;08;0.521705812306411
2020-06-21;08;0.545227627047345
2020-06-22;08;0.542352567834258
2020-06-23;08;0.527455699996213
2020-06-24;08;0.524301245754803
2020-06-25;08;0.524076627605656
2020-06-26;08;0.513869675626552
2020-06-27;08;0.510352119535793
2020-06-28;08;0.488795444917894
2020-06-29;08;0.481482147528261
2020-06-30;08;0.49701009783882
2020-07-01;08;0.493202430096726
2020-07-02;08;0.480545788492716
2020-07-03;08;0.46560647943576
2020-07-04;08;0.473324754715796
2020-07-05;08;0.493174823346353
2020-07-06;08;0.51669605073702
2020-07-07;08;0.511372182059114
2020-07-08;08;0.51543469699483
2020-07-09;08;0.503199563707065
2020-07-10;08;0.511225951832409
2020-07-11;08;0.531000387922634
2020-07-12;08;0.523596206737965
2020-07-13;08;0.513655390917715
2020-07-14;08;0.503451309285062
2020-07-15;08;0.492849666030358
2020-07-16;08;0.49521891839961
2020-07-17;08;0.49596184445155
2020-07-18;08;0.490723749213455
2020-07-19;08;0.49861411466196
2020-07-20;08;0.479243145272059
2020-07-21;08;0.489310259366018
2020-07-22;08;0.501369628568245
2020-07-23;08;0.515558817757434
2020-07-24;08;0.531757672665966
2020-07-25;08;0.533908210300375
2020-07-26;08;0.538583982418007
2020-07-27;08;0.540572286511575
2020-07-28;08;0.547572176210282
2020-07-29;08;0.550293264645656
2020-07-30;08;0.556925917706881
2020-07-31;08;0.559355877684011
2020-08-01;08;0.561497761243432
2020-08-02;08;0.550471750217421
2020-08-03;08;0.573963813709484
2020-08-04;08;0.574611095631102
2020-08-05;08;0.566110704324137
2020-08-06;08;0.56140112818599
2020-08-07;08;0.541196276433968
2020-08-08;08;0.527129419149913
2020-08-09;08;0.51807278235605
2020-08-10;08;0.507015175792825
2020-08-11;08;0.502777979027327
2020-08-12;08;0.512825655915191
2020-08-13;08;0.513453599400277
2020-08-14;08;0.525817235763914
2020-08-15;08;0.541350254356908
2020-08-16;08;0.553339094082974
2020-08-17;08;0.554555430804928
2020-08-18;08;0.54469497838417
2020-08-19;08;0.555483846777056
2020-08-20;08;0.549799609892118
2020-08-21;08;0.544881451127805
2020-08-22;08;0.538604245334136
2020-08-23;08;0.539700272236615
2020-08-24;08;0.545627155810557
2020-08-25;08;0.561014451130497
2020-08-26;08;0.551391335034585
2020-03-10;09;NA
2020-03-11;09;NA
2020-03-12;09;0
2020-03-13;09;0
2020-03-14;09;0.0178571428571429
2020-03-15;09;0.0337301587301587
2020-03-16;09;0.0408730158730159
2020-03-17;09;0.0538600288600289
2020-03-18;09;0.071002886002886
2020-03-19;09;0.0805266955266955
2020-03-20;09;0.0889300568712333
2020-03-21;09;0.11075545369663
2020-03-22;09;0.124957625793539
2020-03-23;09;0.151428214028833
2020-03-24;09;0.187313381492948
2020-03-25;09;0.210170524350091
2020-03-26;09;0.236361000540567
2020-03-27;09;0.265772765246449
2020-03-28;09;0.282481203007519
2020-03-29;09;0.311519315530205
2020-03-30;09;0.312388628772743
2020-03-31;09;0.307472492277659
2020-04-01;09;0.308825875736306
2020-04-02;09;0.310378670767362
2020-04-03;09;0.343992116145513
2020-04-04;09;0.337051688152454
2020-04-05;09;0.316899426620882
2020-04-06;09;0.335326720910245
2020-04-07;09;0.337084962668487
2020-04-08;09;0.343350626828888
2020-04-09;09;0.356503714150773
2020-04-10;09;0.32403618168324
2020-04-11;09;0.335810122028609
2020-04-12;09;0.334116163812912
2020-04-13;09;0.306050831399754
2020-04-14;09;0.325642668134447
2020-04-15;09;0.332968675460455
2020-04-16;09;0.381927389380806
2020-04-17;09;0.390585398038814
2020-04-18;09;0.424599003480991
2020-04-19;09;0.453265988669715
2020-04-20;09;0.50325120014561
2020-04-21;09;0.519577730757855
2020-04-22;09;0.541555752735877
2020-04-23;09;0.513605442176871
2020-04-24;09;0.533213285314126
2020-04-25;09;0.51734026944111
2020-04-26;09;0.53712048922133
2020-04-27;09;0.488264583222566
2020-04-28;09;0.478060501589913
2020-04-29;09;0.418994567523979
2020-04-30;09;0.402511051040463
2020-05-01;09;0.344212731712732
2020-05-02;09;0.277834665334665
2020-05-03;09;0.236763236763237
2020-05-04;09;0.265210979496694
2020-05-05;09;0.248727463013177
2020-05-06;09;0.318782408068122
2020-05-07;09;0.291048237476809
2020-05-08;09;0.313865697794269
2020-05-09;09;0.327664399092971
2020-05-10;09;0.347956606885178
2020-05-11;09;0.331128823140101
2020-05-12;09;0.340469482480761
2020-05-13;09;0.295414537425816
2020-05-14;09;0.320151705020126
2020-05-15;09;0.343350728219149
2020-05-16;09;0.370136442504864
2020-05-17;09;0.361478433846855
2020-05-18;09;0.383408258408258
2020-05-19;09;0.358531411117618
2020-05-20;09;0.373425028138895
2020-05-21;09;0.362293302721455
2020-05-22;09;0.362293302721455
2020-05-23;09;0.359934812155417
2020-05-24;09;0.390614277617491
2020-05-25;09;0.388233325236539
2020-05-26;09;0.421710755617558
2020-05-27;09;0.410178483134097
2020-05-28;09;0.41544510591224
2020-05-29;09;0.392246082713217
2020-05-30;09;0.389905325158954
2020-05-31;09;0.350567851038871
2020-06-01;09;0.352431205076138
2020-06-02;09;0.320361234230657
2020-06-03;09;0.318785603978557
2020-06-04;09;0.340371827602132
2020-06-05;09;0.351096838327142
2020-06-06;09;0.375817731469088
2020-06-07;09;0.410449766101123
2020-06-08;09;0.407344176039011
2020-06-09;09;0.452242135222684
2020-06-10;09;0.476987033181868
2020-06-11;09;0.456936907868585
2020-06-12;09;0.457755908687586
2020-06-13;09;0.437072888004565
2020-06-14;09;0.426250377182054
2020-06-15;09;0.410642796357082
2020-06-16;09;0.379873565587851
2020-06-17;09;0.394519423931189
2020-06-18;09;0.418328947740712
2020-06-19;09;0.434562713974479
2020-06-20;09;0.427107206518971
2020-06-21;09;0.400791417045287
2020-06-22;09;0.420022186276056
2020-06-23;09;0.451811825208552
2020-06-24;09;0.444998288983251
2020-06-25;09;0.442535234796059
2020-06-26;09;0.423827751802862
2020-06-27;09;0.420390013071006
2020-06-28;09;0.474483580322468
2020-06-29;09;0.483742839581727
2020-06-30;09;0.465579574275604
2020-07-01;09;0.493949559167328
2020-07-02;09;0.496412613354521
2020-07-03;09;0.499074547693474
2020-07-04;09;0.479614131948228
2020-07-05;09;0.434594974860105
2020-07-06;09;0.42023367478452
2020-07-07;09;0.440947960498805
2020-07-08;09;0.422659485688591
2020-07-09;09;0.430595993625099
2020-07-10;09;0.413903447041248
2020-07-11;09;0.477061341778091
2020-07-12;09;0.489540816326531
2020-07-13;09;0.482738095238095
2020-07-14;09;0.455952380952381
2020-07-15;09;0.446572871572872
2020-07-16;09;0.438636363636364
2020-07-17;09;0.457305194805195
2020-07-18;09;0.412407235621521
2020-07-19;09;0.424558302945002
2020-07-20;09;0.46188134026804
2020-07-21;09;0.482714673601373
2020-07-22;09;0.457173548060248
2020-07-23;09;0.442022032908732
2020-07-24;09;0.446256928447976
2020-07-25;09;0.484805681282443
2020-07-26;09;0.484559375863724
2020-07-27;09;0.457440420173339
2020-07-28;09;0.455739739901231
2020-07-29;09;0.492644501805993
2020-07-30;09;0.510901607019619
2020-07-31;09;0.528439056782133
2020-08-01;09;0.498763418410843
2020-08-02;09;0.510417553749188
2020-08-03;09;0.545451567354631
2020-08-04;09;0.545451567354631
2020-08-05;09;0.523392743825219
2020-08-06;09;0.48826744932961
2020-08-07;09;0.485079967440302
2020-08-08;09;0.512771478827466
2020-08-09;09;0.515713616781045
2020-08-10;09;0.487791538858967
2020-08-11;09;0.474941954580812
2020-08-12;09;0.484638140747586
2020-08-13;09;0.513256484636866
2020-08-14;09;0.488625942764945
2020-08-15;09;0.477571520996237
2020-08-16;09;0.480832390561455
2020-08-17;09;0.496036698448689
2020-08-18;09;0.505175707587698
2020-08-19;09;0.485395487807479
2020-08-20;09;0.463286644270064
2020-08-21;09;0.461144858020332
2020-08-22;09;0.442437375027134
2020-08-23;09;0.380491562219252
2020-08-24;09;0.35749504653981
2020-08-25;09;0.354107130108415
2020-08-26;09;0.363928558679844
2020-03-10;10;NA
2020-03-12;10;NA
2020-03-13;10;NA
2020-03-14;10;NA
2020-03-15;10;NA
2020-03-16;10;NA
2020-03-17;10;0.113095238095238
2020-03-18;10;0.113095238095238
2020-03-19;10;0.133503401360544
2020-03-20;10;0.141906762705082
2020-03-21;10;0.0964522172505366
2020-03-22;10;0.104388725187045
2020-03-23;10;0.0907832830101738
2020-03-24;10;0.137861205088096
2020-03-25;10;0.180718347945239
2020-03-26;10;0.181738756108504
2020-03-27;10;0.19589178574141
2020-03-28;10;0.178321121111922
2020-03-29;10;0.213241756032557
2020-03-30;10;0.229823388685618
2020-03-31;10;0.200602609464839
2020-04-01;10;0.205364514226743
2020-04-02;10;0.226793085655315
2020-04-03;10;0.226214716655893
2020-04-04;10;0.256772394272394
2020-04-05;10;0.237724775224775
2020-04-06;10;0.251755387469673
2020-04-07;10;0.231914117628403
2020-04-08;10;0.241437927152213
2020-04-09;10;0.259805274090988
2020-04-10;10;0.266398680684395
2020-04-11;10;0.227437641723356
2020-04-12;10;0.25124716553288
2020-04-13;10;0.281859410430839
2020-04-14;10;0.337414965986395
2020-04-15;10;0.327891156462585
2020-04-16;10;0.302380952380952
2020-04-17;10;0.321428571428571
2020-04-18;10;0.357142857142857
2020-04-19;10;0.380952380952381
2020-04-20;10;0.380952380952381
2020-04-21;10;0.452380952380952
2020-04-22;10;0.452380952380952
2020-04-23;10;0.530952380952381
2020-04-24;10;0.554761904761905
2020-04-25;10;0.519047619047619
2020-04-26;10;0.447619047619048
2020-04-27;10;0.483333333333333
2020-04-28;10;0.392424242424242
2020-04-29;10;0.392424242424242
2020-04-30;10;0.278138528138528
2020-05-01;10;0.245670995670996
2020-05-02;10;0.302813852813853
2020-05-03;10;0.338528138528139
2020-05-04;10;0.302813852813853
2020-05-05;10;0.298484848484848
2020-05-06;10;0.250865800865801
2020-05-07;10;0.286580086580087
2020-05-08;10;0.319047619047619
2020-05-09;10;0.369047619047619
2020-05-10;10;0.40952380952381
2020-05-11;10;0.452380952380952
2020-05-12;10;0.452380952380952
2020-05-13;10;0.476190476190476
2020-05-14;10;0.456349206349206
2020-05-15;10;0.48015873015873
2020-05-16;10;0.413832199546485
2020-05-17;10;0.394784580498866
2020-05-18;10;0.379399965114251
2020-05-19;10;0.379399965114251
2020-05-20;10;0.379399965114251
2020-05-21;10;0.415475001189287
2020-05-22;10;0.395867158052032
2020-05-23;10;0.397907974378563
2020-05-24;10;0.429200491385365
2020-05-25;10;0.401727963912838
2020-05-26;10;0.432030994215868
2020-05-27;10;0.465364327549202
2020-05-28;10;0.480082942267816
2020-05-29;10;0.463976499690785
2020-05-30;10;0.476064411778697
2020-05-31;10;0.494771894771895
2020-06-01;10;0.513568887253098
2020-06-02;10;0.536837285521496
2020-06-03;10;0.536837285521496
2020-06-04;10;0.508265856950067
2020-06-05;10;0.508892423366108
2020-06-06;10;0.504367536488279
2020-06-07;10;0.456048208757187
2020-06-08;10;0.396434889745372
2020-06-09;10;0.38453012784061
2020-06-10;10;0.398815842126324
2020-06-11;10;0.427387270697753
2020-06-12;10;0.480018849645121
2020-06-13;10;0.526537457088098
2020-06-14;10;0.528938417472252
2020-06-15;10;0.57524924949737
2020-06-16;10;0.577233376481497
2020-06-17;10;0.579397878645999
2020-06-18;10;0.60660876299974
2020-06-19;10;0.589064903350618
2020-06-20;10;0.541815568834202
2020-06-21;10;0.561336420653191
2020-06-22;10;0.539712882900621
2020-06-23;10;0.519871613059351
2020-06-24;10;0.511213604401342
2020-06-25;10;0.498081394995841
2020-06-26;10;0.468777365691812
2020-06-27;10;0.471352733060392
2020-06-28;10;0.483630647259439
2020-06-29;10;0.501591181349005
2020-06-30;10;0.526591181349005
2020-07-01;10;0.55599573905545
2020-07-02;10;0.561985091318094
2020-07-03;10;0.566180895513898
2020-07-04;10;0.589387785264736
2020-07-05;10;0.57216627872192
2020-07-06;10;0.553851260406901
2020-07-07;10;0.548082029637671
2020-07-08;10;0.528417731671486
2020-07-09;10;0.514772738790613
2020-07-10;10;0.490464971086619
2020-07-11;10;0.490181242898223
2020-07-12;10;0.489567463551898
2020-07-13;10;0.496527170511605
2020-07-14;10;0.478595102579537
2020-07-15;10;0.460125866897187
2020-07-16;10;0.464958243822587
2020-07-17;10;0.484850427110997
2020-07-18;10;0.46272368167598
2020-07-19;10;0.466656590872048
2020-07-20;10;0.467777039051319
2020-07-21;10;0.461147847347501
2020-07-22;10;0.486260439673208
2020-07-23;10;0.499608203020971
2020-07-24;10;0.503281672408726
2020-07-25;10;0.539247363032802
2020-07-26;10;0.528909552694992
2020-07-27;10;0.539894669633333
2020-07-28;10;0.552743957030932
2020-07-29;10;0.542853847140822
2020-07-30;10;0.535999590286565
2020-07-31;10;0.531546900119589
2020-08-01;10;0.501448556434289
2020-08-02;10;0.525287151701456
2020-08-03;10;0.543940917343173
2020-08-04;10;0.54987967728651
2020-08-05;10;0.563196868569803
2020-08-06;10;0.563367750319632
2020-08-07;10;0.568513547918259
2020-08-08;10;0.577907957856148
2020-08-09;10;0.565286293805912
2020-08-10;10;0.550003153522772
2020-08-11;10;0.555342589068157
2020-08-12;10;0.559032200505953
2020-08-13;10;0.549917432453747
2020-08-14;10;0.547063460676356
2020-08-15;10;0.559485820924804
2020-08-16;10;0.574723916162899
2020-08-17;10;0.555890973149628
2020-08-18;10;0.549849082709241
2020-08-19;10;0.554270851416724
2020-08-20;10;0.558938526125816
2020-08-21;10;0.538140206798085
2020-08-22;10;0.537129084452281
2020-08-23;10;0.538529644676371
2020-08-24;10;0.561300316627371
2020-08-25;10;0.559127225168565
2020-08-26;10;0.566919432960773
2020-03-14;11;NA
2020-03-30;11;NA
2020-05-05;11;NA
2020-05-20;11;NA
2020-05-21;11;NA
2020-05-22;11;NA
2020-05-24;11;0.547619047619048
2020-05-26;11;0.595238095238095
2020-05-28;11;0.666666666666667
2020-06-01;11;0.666666666666667
2020-06-06;11;0.666666666666667
2020-06-08;11;0.619047619047619
2020-06-09;11;0.619047619047619
2020-06-10;11;0.761904761904762
2020-06-14;11;0.714285714285714
2020-06-18;11;0.571428571428571
2020-06-19;11;0.428571428571429
2020-06-20;11;0.285714285714286
2020-06-22;11;0.357142857142857
2020-06-23;11;0.357142857142857
2020-06-24;11;0.357142857142857
2020-06-26;11;0.357142857142857
2020-06-27;11;0.357142857142857
2020-07-03;11;0.357142857142857
2020-07-06;11;0.357142857142857
2020-07-07;11;0.380952380952381
2020-07-08;11;0.285714285714286
2020-07-09;11;0.285714285714286
2020-07-10;11;0.428571428571429
2020-07-11;11;0.428571428571429
2020-07-12;11;0.571428571428571
2020-07-13;11;0.714285714285714
2020-07-14;11;0.619047619047619
2020-07-18;11;0.571428571428571
2020-07-22;11;0.476190476190476
2020-07-24;11;0.476190476190476
2020-07-25;11;0.619047619047619
2020-07-27;11;0.571428571428571
2020-07-28;11;0.571428571428571
2020-07-31;11;0.571428571428571
2020-08-04;11;0.714285714285714
2020-08-10;11;0.80952380952381
2020-08-11;11;0.666666666666667
2020-08-15;11;0.523809523809524
2020-08-16;11;0.428571428571429
2020-08-17;11;0.357142857142857
2020-08-21;11;0.5
2020-08-22;11;0.357142857142857
2020-08-24;11;0.357142857142857
2020-08-25;11;0.5
2020-03-12;12;NA
2020-03-13;12;NA
2020-03-14;12;NA
2020-03-15;12;NA
2020-03-16;12;NA
2020-03-17;12;0.19047619047619
2020-03-18;12;0.208333333333333
2020-03-19;12;0.0833333333333333
2020-03-20;12;0.0992063492063492
2020-03-21;12;0.119614512471655
2020-03-22;12;0.167233560090703
2020-03-23;12;0.170034680538882
2020-03-24;12;0.229558490062692
2020-03-25;12;0.249796585300787
2020-03-26;12;0.294439442443644
2020-03-27;12;0.356488504492706
2020-03-28;12;0.407508912655972
2020-03-29;12;0.431318436465495
2020-03-30;12;0.45232683982684
2020-03-31;12;0.51780303030303
2020-04-01;12;0.561340445269017
2020-04-02;12;0.570269016697588
2020-04-03;12;0.635204081632653
2020-04-04;12;0.659013605442177
2020-04-05;12;0.648809523809524
2020-04-06;12;0.577380952380952
2020-04-07;12;0.495238095238095
2020-04-08;12;0.437414965986395
2020-04-09;12;0.437414965986395
2020-04-10;12;0.360491889063318
2020-04-11;12;0.306070120355835
2020-04-12;12;0.316274201988488
2020-04-13;12;0.423417059131345
2020-04-14;12;0.487702773417059
2020-04-15;12;0.535321821036107
2020-04-16;12;0.525117739403454
2020-04-17;12;0.506802721088435
2020-04-18;12;0.465986394557823
2020-04-19;12;0.394557823129252
2020-04-20;12;0.287414965986395
2020-04-21;12;0.32312925170068
2020-04-22;12;0.280272108843537
2020-04-23;12;0.276190476190476
2020-04-24;12;0.3
2020-04-25;12;0.3
2020-04-26;12;0.371428571428571
2020-04-27;12;0.436363636363636
2020-04-28;12;0.325252525252525
2020-04-29;12;0.353823953823954
2020-04-30;12;0.350252525252525
2020-05-01;12;0.308899141793879
2020-05-02;12;0.374833207727945
2020-05-03;12;0.394313727208464
2020-05-04;12;0.42028775318249
2020-05-05;12;0.474256007150744
2020-05-06;12;0.506398864293601
2020-05-07;12;0.517762500657238
2020-05-08;12;0.487687312687313
2020-05-09;12;0.56461038961039
2020-05-10;12;0.502272727272727
2020-05-11;12;0.482792207792208
2020-05-12;12;0.482792207792208
2020-05-13;12;0.488744588744589
2020-05-14;12;0.495238095238095
2020-05-15;12;0.495238095238095
2020-05-16;12;0.4
2020-05-17;12;0.407142857142857
2020-05-18;12;0.389285714285714
2020-05-19;12;0.344387755102041
2020-05-20;12;0.320578231292517
2020-05-21;12;0.356292517006803
2020-05-22;12;0.437925170068027
2020-05-23;12;0.461734693877551
2020-05-24;12;0.568877551020408
2020-05-25;12;0.658163265306122
2020-05-26;12;0.664965986394558
2020-05-27;12;0.700680272108844
2020-05-28;12;0.736394557823129
2020-05-29;12;0.683333333333333
2020-05-30;12;0.65952380952381
2020-05-31;12;0.65952380952381
2020-06-01;12;0.516666666666667
2020-06-02;12;0.54047619047619
2020-06-03;12;0.54047619047619
2020-06-04;12;0.397619047619048
2020-06-05;12;0.416666666666667
2020-06-06;12;0.404761904761905
2020-06-07;12;0.285714285714286
2020-06-08;12;0.380952380952381
2020-06-09;12;0.398809523809524
2020-06-10;12;0.373299319727891
2020-06-11;12;0.462585034013605
2020-06-12;12;0.518862090290662
2020-06-13;12;0.530766852195424
2020-06-14;12;0.592671614100185
2020-06-15;12;0.545052566481138
2020-06-16;12;0.537399505256648
2020-06-17;12;0.539100185528757
2020-06-18;12;0.592671614100185
2020-06-19;12;0.578061224489796
2020-06-20;12;0.578061224489796
2020-06-21;12;0.520918367346939
2020-06-22;12;0.544727891156463
2020-06-23;12;0.516666666666667
2020-06-24;12;0.514965986394558
2020-06-25;12;0.486394557823129
2020-06-26;12;0.468537414965986
2020-06-27;12;0.49234693877551
2020-06-28;12;0.578061224489796
2020-06-29;12;0.547448979591837
2020-06-30;12;0.589115646258503
2020-07-02;12;0.614625850340136
2020-07-03;12;0.581972789115646
2020-07-04;12;0.581972789115646
2020-07-05;12;0.539115646258503
2020-07-06;12;0.465646258503401
2020-07-07;12;0.531972789115646
2020-07-08;12;0.579591836734694
2020-07-09;12;0.586734693877551
2020-07-10;12;0.576530612244898
2020-07-11;12;0.596011131725417
2020-07-12;12;0.6785508142651
2020-07-13;12;0.709163059163059
2020-07-14;12;0.673448773448773
2020-07-15;12;0.625829725829726
2020-07-16;12;0.575036075036075
2020-07-17;12;0.567099567099567
2020-07-18;12;0.583333333333333
2020-07-19;12;0.507936507936508
2020-07-20;12;0.484126984126984
2020-07-21;12;0.444444444444444
2020-07-22;12;0.396825396825397
2020-07-23;12;0.385281385281385
2020-07-24;12;0.417027417027417
2020-07-25;12;0.381313131313131
2020-07-26;12;0.42723149866007
2020-07-27;12;0.461245104102247
2020-07-28;12;0.500927643784787
2020-07-29;12;0.502998037159528
2020-07-30;12;0.493907128068619
2020-07-31;12;0.452240461401952
2020-08-01;12;0.44913487133984
2020-08-02;12;0.458411309187707
2020-08-03;12;0.445561724909551
2020-08-04;12;0.462045241393067
2020-08-05;12;0.499657387700866
2020-08-06;12;0.558841061170254
2020-08-07;12;0.546936299265492
2020-08-08;12;0.543548382834097
2020-08-09;12;0.520962273291466
2020-08-10;12;0.53529608762528
2020-08-11;12;0.548887759111689
2020-08-12;12;0.552495262719192
2020-08-13;12;0.532705528643744
2020-08-14;12;0.531470128823438
2020-08-15;12;0.536664934018243
2020-08-16;12;0.558818143127974
2020-08-17;12;0.568465638489755
2020-08-18;12;0.549551164805545
2020-08-19;12;0.550618590530505
2020-08-20;12;0.542901669770106
2020-08-21;12;0.572688320599289
2020-08-22;12;0.577746420394231
2020-08-23;12;0.574571817219628
2020-08-24;12;0.551114369434033
2020-08-25;12;0.555481605458878
2020-08-26;12;0.557101147938128
2020-03-10;13;0.0908757761477797
2020-03-11;13;0.145820831092835
2020-03-12;13;0.163512118133967
2020-03-13;13;0.192923882839849
2020-03-14;13;0.193764218974303
2020-03-15;13;0.222335647545732
2020-03-16;13;0.235322660532745
2020-03-17;13;0.265880338149246
2020-03-18;13;0.256940125819203
2020-03-19;13;0.280910369654442
2020-03-20;13;0.282110849846519
2020-03-21;13;0.291247837975103
2020-03-22;13;0.271323936211008
2020-03-23;13;0.278150443037515
2020-03-24;13;0.285407891471434
2020-03-25;13;0.283212572665946
2020-03-26;13;0.280063990828839
2020-03-27;13;0.28945174593088
2020-03-28;13;0.297811308661445
2020-03-29;13;0.313398475731663
2020-03-30;13;0.319558981892169
2020-03-31;13;0.312141199964583
2020-04-01;13;0.304336321915803
2020-04-02;13;0.302552363494676
2020-04-03;13;0.292855393797706
2020-04-04;13;0.285162764507184
2020-04-05;13;0.290156711238419
2020-04-06;13;0.289766124381667
2020-04-07;13;0.318273111221987
2020-04-08;13;0.338169086579256
2020-04-09;13;0.34004053406425
2020-04-10;13;0.341483535507251
2020-04-11;13;0.354648801613694
2020-04-12;13;0.360490499820045
2020-04-13;13;0.370571903474213
2020-04-14;13;0.373842442459038
2020-04-15;13;0.37694803252115
2020-04-16;13;0.386729418543549
2020-04-17;13;0.403889435703567
2020-04-18;13;0.413321670135801
2020-04-19;13;0.412388622600812
2020-04-20;13;0.392910032600989
2020-04-21;13;0.375225110530895
2020-04-22;13;0.372052553567174
2020-04-23;13;0.365350183178025
2020-04-24;13;0.352906719305989
2020-04-25;13;0.332493992497914
2020-04-26;13;0.327085642458691
2020-04-27;13;0.331040157113131
2020-04-28;13;0.337224228843089
2020-04-29;13;0.340671429825908
2020-04-30;13;0.341613658889567
2020-05-01;13;0.342470674593045
2020-05-02;13;0.3558542190544
2020-05-03;13;0.370310326070374
2020-05-04;13;0.385218692345208
2020-05-05;13;0.390595375846892
2020-05-06;13;0.3959902686975
2020-05-07;13;0.40837709340476
2020-05-08;13;0.419171242188525
2020-05-09;13;0.425979442171405
2020-05-10;13;0.424095407194923
2020-05-11;13;0.419997555714347
2020-05-12;13;0.414686595347207
2020-05-13;13;0.408831737462487
2020-05-14;13;0.398586019754726
2020-05-15;13;0.38610131898901
2020-05-16;13;0.381167196648434
2020-05-17;13;0.380352991654303
2020-05-18;13;0.379440016450709
2020-05-19;13;0.369174997629305
2020-05-20;13;0.35681875392884
2020-05-21;13;0.349545350442876
2020-05-22;13;0.350564996821791
2020-05-23;13;0.346455848396923
2020-05-24;13;0.341757606179371
2020-05-25;13;0.331988047755095
2020-05-26;13;0.332934112548192
2020-05-27;13;0.338781050528806
2020-05-28;13;0.336748643121108
2020-05-29;13;0.3367814956057
2020-05-30;13;0.337396920222107
2020-05-31;13;0.34246667278947
2020-06-01;13;0.3416858903593
2020-06-02;13;0.345338862743323
2020-06-03;13;0.347415469902443
2020-06-04;13;0.351994951874145
2020-06-05;13;0.349678231812887
2020-06-06;13;0.343395492717096
2020-06-07;13;0.335501289095035
2020-06-08;13;0.343673235948563
2020-06-09;13;0.349913688507341
2020-06-10;13;0.350466557296583
2020-06-11;13;0.353763993445306
2020-06-12;13;0.353034842380336
2020-06-13;13;0.361552661152534
2020-06-14;13;0.369476795711455
2020-06-15;13;0.371395506195913
2020-06-16;13;0.372835508979708
2020-06-17;13;0.382694863308739
2020-06-18;13;0.387366722861384
2020-06-19;13;0.390795588631594
2020-06-20;13;0.389478277931383
2020-06-21;13;0.389091845523648
2020-06-22;13;0.398920710379051
2020-06-23;13;0.401924777400645
2020-06-24;13;0.404865981004605
2020-06-25;13;0.409808440790982
2020-06-26;13;0.422641369478055
2020-06-27;13;0.411968871246539
2020-06-28;13;0.407414346384064
2020-06-29;13;0.399884909055384
2020-06-30;13;0.404954033479348
2020-07-01;13;0.404223236159384
2020-07-02;13;0.400485429479079
2020-07-03;13;0.397220812854138
2020-07-04;13;0.414229026835689
2020-07-05;13;0.424754780166474
2020-07-06;13;0.432243612256369
2020-07-07;13;0.43595777518841
2020-07-08;13;0.448975923944568
2020-07-09;13;0.463290229011388
2020-07-10;13;0.459882390014246
2020-07-11;13;0.470214692364718
2020-07-12;13;0.474762054894451
2020-07-13;13;0.48137751455794
2020-07-14;13;0.476645719740101
2020-07-15;13;0.459594291074767
2020-07-16;13;0.452875243293247
2020-07-17;13;0.463327320103858
2020-07-18;13;0.456899024883436
2020-07-19;13;0.461413098170743
2020-07-20;13;0.452205108416554
2020-07-21;13;0.453989368937834
2020-07-22;13;0.470550193404924
2020-07-23;13;0.474653100390504
2020-07-24;13;0.473886061161926
2020-07-25;13;0.480690118995652
2020-07-26;13;0.475700911086868
2020-07-27;13;0.483980569469837
2020-07-28;13;0.495828409698824
2020-07-29;13;0.500391426622737
2020-07-30;13;0.500535484245787
2020-07-31;13;0.501727270091038
2020-08-01;13;0.490702054360006
2020-08-02;13;0.500374840644887
2020-08-03;13;0.508564569254417
2020-08-04;13;0.503515367492788
2020-08-05;13;0.496302065077102
2020-08-06;13;0.506804467873083
2020-08-07;13;0.506935433350583
2020-08-08;13;0.519773886537998
2020-08-09;13;0.524169907637816
2020-08-10;13;0.513943517723099
2020-08-11;13;0.515165404425863
2020-08-12;13;0.52061859419434
2020-08-13;13;0.516605295514582
2020-08-14;13;0.503551952390064
2020-08-15;13;0.498703594660322
2020-08-16;13;0.499292490231292
2020-08-17;13;0.502497734737019
2020-08-18;13;0.501860764081598
2020-08-19;13;0.503523518385197
2020-08-20;13;0.499661883263003
2020-08-21;13;0.512217677724834
2020-08-22;13;0.514284490414589
2020-08-23;13;0.50547249136074
2020-08-24;13;0.506722198460638
2020-08-25;13;0.513980744512288
2020-08-26;13;0.515385973036458
2020-03-10;14;NA
2020-03-15;14;NA
2020-03-16;14;NA
2020-03-17;14;NA
2020-03-18;14;NA
2020-03-19;14;0.142857142857143
2020-03-20;14;0.158730158730159
2020-03-21;14;0.174603174603175
2020-03-22;14;0.174603174603175
2020-03-23;14;0.103174603174603
2020-03-24;14;0.138888888888889
2020-03-25;14;0.200113378684807
2020-03-26;14;0.15249433106576
2020-03-27;14;0.231859410430839
2020-03-28;14;0.287414965986395
2020-03-29;14;0.38265306122449
2020-03-30;14;0.430272108843537
2020-03-31;14;0.496598639455782
2020-04-01;14;0.578231292517007
2020-04-02;14;0.625850340136054
2020-04-03;14;0.602040816326531
2020-04-05;14;0.602040816326531
2020-04-06;14;0.506802721088435
2020-04-07;14;0.602040816326531
2020-04-08;14;0.5
2020-04-09;14;0.357142857142857
2020-04-10;14;0.428571428571429
2020-04-11;14;0.5
2020-04-12;14;0.476190476190476
2020-04-13;14;0.476190476190476
2020-04-14;14;0.333333333333333
2020-04-20;14;0.404761904761905
2020-04-23;14;0.404761904761905
2020-04-25;14;0.261904761904762
2020-04-26;14;0.119047619047619
2020-04-27;14;0.214285714285714
2020-04-28;14;0.30952380952381
2020-05-01;14;0.30952380952381
2020-05-03;14;0.380952380952381
2020-05-04;14;0.452380952380952
2020-05-06;14;0.595238095238095
2020-05-08;14;0.595238095238095
2020-05-09;14;0.538095238095238
2020-05-10;14;0.538095238095238
2020-05-11;14;0.585714285714286
2020-05-12;14;0.478571428571429
2020-05-13;14;0.407142857142857
2020-05-14;14;0.3
2020-05-15;14;0.320408163265306
2020-05-16;14;0.273654916512059
2020-05-17;14;0.275355596784168
2020-05-18;14;0.294403215831787
2020-05-19;14;0.353927025355597
2020-05-20;14;0.455967841682127
2020-05-21;14;0.44882498453927
2020-05-22;14;0.510049474335189
2020-05-23;14;0.550453514739229
2020-05-24;14;0.501133786848073
2020-05-25;14;0.505895691609977
2020-05-26;14;0.490022675736962
2020-05-27;14;0.435600907029479
2020-05-28;14;0.478458049886621
2020-05-29;14;0.53968253968254
2020-05-30;14;0.46031746031746
2020-05-31;14;0.436507936507937
2020-06-01;14;0.404040404040404
2020-06-02;14;0.350649350649351
2020-06-03;14;0.374458874458874
2020-06-04;14;0.384662956091528
2020-06-05;14;0.32752009894867
2020-06-06;14;0.392455163883735
2020-06-07;14;0.463883735312307
2020-06-08;14;0.460636982065553
2020-06-09;14;0.520377241805813
2020-06-10;14;0.550989486703772
2020-06-11;14;0.469356833642548
2020-06-12;14;0.43126159554731
2020-06-13;14;0.366326530612245
2020-06-14;14;0.324659863945578
2020-06-15;14;0.388945578231293
2020-06-16;14;0.356802721088435
2020-06-17;14;0.336394557823129
2020-06-18;14;0.479251700680272
2020-06-19;14;0.495124716553288
2020-06-20;14;0.590362811791383
2020-06-21;14;0.565362811791383
2020-06-22;14;0.506179138321995
2020-06-23;14;0.564852607709751
2020-06-24;14;0.578458049886621
2020-06-25;14;0.50702947845805
2020-06-26;14;0.538775510204082
2020-06-27;14;0.491156462585034
2020-06-28;14;0.523809523809524
2020-06-29;14;0.525850340136054
2020-06-30;14;0.556462585034014
2020-07-01;14;0.53265306122449
2020-07-02;14;0.556462585034014
2020-07-03;14;0.461224489795918
2020-07-04;14;0.556462585034014
2020-07-05;14;0.523809523809524
2020-07-06;14;0.528571428571429
2020-07-07;14;0.46734693877551
2020-07-08;14;0.443537414965986
2020-07-09;14;0.419727891156463
2020-07-10;14;0.473299319727891
2020-07-11;14;0.366156462585034
2020-07-12;14;0.45187074829932
2020-07-13;14;0.49216378859236
2020-07-14;14;0.481959706959707
2020-07-15;14;0.505769230769231
2020-07-17;14;0.481959706959707
2020-07-18;14;0.542673992673993
2020-07-19;14;0.626007326007326
2020-07-20;14;0.547435897435897
2020-07-21;14;0.573809523809524
2020-07-22;14;0.573809523809524
2020-07-23;14;0.604421768707483
2020-07-24;14;0.556802721088435
2020-07-25;14;0.513945578231293
2020-07-26;14;0.490136054421769
2020-07-27;14;0.56156462585034
2020-07-28;14;0.518707482993197
2020-07-29;14;0.542517006802721
2020-07-30;14;0.547619047619048
2020-07-31;14;0.642857142857143
2020-08-01;14;0.657142857142857
2020-08-02;14;0.669047619047619
2020-08-03;14;0.59047619047619
2020-08-04;14;0.614285714285714
2020-08-05;14;0.661904761904762
2020-08-06;14;0.615986394557823
2020-08-07;14;0.592176870748299
2020-08-08;14;0.649319727891156
2020-08-09;14;0.613605442176871
2020-08-10;14;0.627891156462585
2020-08-11;14;0.604081632653061
2020-08-12;14;0.461224489795918
2020-08-13;14;0.4
2020-08-14;14;0.376190476190476
2020-08-15;14;0.269047619047619
2020-08-16;14;0.286904761904762
2020-08-17;14;0.329761904761905
2020-08-18;14;0.339965986394558
2020-08-19;14;0.387585034013605
2020-08-20;14;0.387585034013605
2020-08-21;14;0.387585034013605
2020-08-22;14;0.447108843537415
2020-08-23;14;0.398639455782313
2020-08-24;14;0.437925170068027
2020-08-25;14;0.427721088435374
2020-08-26;14;0.494387755102041
2020-03-14;15;NA
2020-03-18;15;NA
2020-03-21;15;NA
2020-03-22;15;NA
2020-03-24;15;0.5
2020-03-25;15;0.571428571428571
2020-03-26;15;0.619047619047619
2020-03-27;15;0.523809523809524
2020-03-28;15;0.380952380952381
2020-03-29;15;0.238095238095238
2020-03-30;15;0.198412698412698
2020-03-31;15;0.26984126984127
2020-04-01;15;0.23015873015873
2020-04-02;15;0.243764172335601
2020-04-03;15;0.277777777777778
2020-04-04;15;0.349206349206349
2020-04-05;15;0.420634920634921
2020-04-06;15;0.511337868480726
2020-04-07;15;0.582766439909297
2020-04-08;15;0.64030612244898
2020-04-09;15;0.614795918367347
2020-04-10;15;0.58078231292517
2020-04-11;15;0.509353741496599
2020-04-12;15;0.473639455782313
2020-04-13;15;0.398809523809524
2020-04-14;15;0.255952380952381
2020-04-15;15;0.166666666666667
2020-04-16;15;0.130952380952381
2020-04-17;15;0.174242424242424
2020-04-18;15;0.20995670995671
2020-04-19;15;0.281385281385281
2020-04-20;15;0.335807050092764
2020-04-21;15;0.478664192949907
2020-04-22;15;0.597711811997526
2020-04-23;15;0.669140383426098
2020-04-24;15;0.578231292517007
2020-04-25;15;0.542517006802721
2020-04-26;15;0.52108843537415
2020-04-27;15;0.504761904761905
2020-04-28;15;0.476190476190476
2020-04-29;15;0.464285714285714
2020-04-30;15;0.428571428571429
2020-05-01;15;0.428571428571429
2020-05-02;15;0.428571428571429
2020-05-03;15;0.4
2020-05-04;15;0.361904761904762
2020-05-05;15;0.283333333333333
2020-05-06;15;0.255555555555556
2020-05-07;15;0.326984126984127
2020-05-08;15;0.422222222222222
2020-05-09;15;0.450793650793651
2020-05-10;15;0.411507936507936
2020-05-11;15;0.39750233426704
2020-05-12;15;0.39750233426704
2020-05-13;15;0.358953581432573
2020-05-14;15;0.380382152861144
2020-05-15;15;0.410144057623049
2020-05-16;15;0.476810724289716
2020-05-17;15;0.557854680333672
2020-05-18;15;0.571860282574568
2020-05-19;15;0.607574568288854
2020-05-20;15;0.597370486656201
2020-05-21;15;0.536468231017103
2020-05-22;15;0.482896802445675
2020-05-23;15;0.470992040540913
2020-05-24;15;0.479233798782671
2020-05-25;15;0.487170306719179
2020-05-26;15;0.476966225086526
2020-05-27;15;0.523277057111644
2020-05-28;15;0.534972963544392
2020-05-29;15;0.520687249258678
2020-05-30;15;0.539394732251875
2020-05-31;15;0.503680446537589
2020-06-01;15;0.528124890982034
2020-06-02;15;0.552614686900401
2020-06-03;15;0.556643990929705
2020-06-04;15;0.553809523809524
2020-06-05;15;0.573589743589744
2020-06-06;15;0.54847200418629
2020-06-07;15;0.543369963369963
2020-06-08;15;0.536839351125065
2020-06-09;15;0.561724143751793
2020-06-10;15;0.579411218581726
2020-06-11;15;0.563320166776388
2020-06-12;15;0.545510390345922
2020-06-13;15;0.561881774064244
2020-06-14;15;0.598729846626603
2020-06-15;15;0.621605973821667
2020-06-16;15;0.594340228813986
2020-06-17;15;0.597083261510936
2020-06-18;15;0.627913542341217
2020-06-19;15;0.666064679538576
2020-06-20;15;0.603073249200206
2020-06-21;15;0.577820723947681
2020-06-22;15;0.552903780426086
2020-06-23;15;0.552903780426086
2020-06-24;15;0.545117351060124
2020-06-25;15;0.51364817424211
2020-06-26;15;0.486151178412606
2020-06-27;15;0.541562433823861
2020-06-28;15;0.537816180077608
2020-06-29;15;0.541217540621825
2020-06-30;15;0.543598493002778
2020-07-01;15;0.539288148175191
2020-07-02;15;0.554162808398689
2020-07-03;15;0.530313733885162
2020-07-04;15;0.524269777841206
2020-07-05;15;0.533610437181866
2020-07-06;15;0.509800913372342
2020-07-07;15;0.480209076637648
2020-07-08;15;0.475408769417986
2020-07-09;15;0.486099298401198
2020-07-10;15;0.504697060086517
2020-07-11;15;0.486002340172285
2020-07-12;15;0.490669278172556
2020-07-13;15;0.510422133443105
2020-07-14;15;0.503080172268391
2020-07-15;15;0.488700585308159
2020-07-16;15;0.476350604665496
2020-07-17;15;0.469716249032252
2020-07-18;15;0.467564168687919
2020-07-19;15;0.44501781280823
2020-07-20;15;0.435800879223429
2020-07-21;15;0.454343872535136
2020-07-22;15;0.421325964517228
2020-07-23;15;0.377267620458884
2020-07-24;15;0.363787391461413
2020-07-25;15;0.36549654970098
2020-07-26;15;0.365234786727353
2020-07-27;15;0.365454518654402
2020-07-28;15;0.367458768630254
2020-07-29;15;0.392059168230654
2020-07-30;15;0.418203680089451
2020-07-31;15;0.422842647414986
2020-08-01;15;0.40498157386384
2020-08-02;15;0.411034842628973
2020-08-03;15;0.415657171194963
2020-08-04;15;0.421270892093159
2020-08-05;15;0.444089622658368
2020-08-06;15;0.460416153270613
2020-08-07;15;0.460826190994084
2020-08-08;15;0.499178031051681
2020-08-09;15;0.509382112684334
2020-08-10;15;0.503423282781842
2020-08-11;15;0.485624687934067
2020-08-12;15;0.49519430073281
2020-08-13;15;0.511323332990875
2020-08-14;15;0.542953864621406
2020-08-15;15;0.515501839035052
2020-08-16;15;0.523154900259542
2020-08-17;15;0.531038321186441
2020-08-18;15;0.566488056636177
2020-08-19;15;0.565075494248005
2020-08-20;15;0.559768972812451
2020-08-21;15;0.544889982323704
2020-08-22;15;0.586556648990371
2020-08-23;15;0.581304548150035
2020-08-24;15;0.596314900116909
2020-08-25;15;0.585973389775398
2020-08-26;15;0.588547392349401
2020-03-12;16;NA
2020-03-13;16;NA
2020-03-14;16;NA
2020-03-15;16;NA
2020-03-16;16;0.583333333333333
2020-03-17;16;0.654761904761905
2020-03-18;16;0.54047619047619
2020-03-19;16;0.54047619047619
2020-03-20;16;0.507142857142857
2020-03-21;16;0.5
2020-03-22;16;0.464285714285714
2020-03-23;16;0.435714285714286
2020-03-24;16;0.411904761904762
2020-03-25;16;0.403741496598639
2020-03-26;16;0.368027210884354
2020-03-27;16;0.343537414965986
2020-03-28;16;0.331632653061224
2020-03-29;16;0.325139146567718
2020-03-30;16;0.386363636363636
2020-03-31;16;0.424458874458874
2020-04-01;16;0.463574520717378
2020-04-02;16;0.523098330241187
2020-04-03;16;0.5639146567718
2020-04-04;16;0.611533704390847
2020-04-05;16;0.689455782312925
2020-04-06;16;0.713945578231292
2020-04-07;16;0.77108843537415
2020-04-08;16;0.759183673469388
2020-04-09;16;0.663945578231292
2020-04-10;16;0.561904761904762
2020-04-11;16;0.419047619047619
2020-04-12;16;0.419047619047619
2020-04-13;16;0.333333333333333
2020-04-14;16;0.285714285714286
2020-04-15;16;0.273809523809524
2020-04-16;16;0.345238095238095
2020-04-17;16;0.488095238095238
2020-04-18;16;0.488095238095238
2020-04-19;16;0.345238095238095
2020-04-20;16;0.369047619047619
2020-04-21;16;0.297619047619048
2020-04-22;16;0.309523809523809
2020-04-23;16;0.309523809523809
2020-04-24;16;0.248299319727891
2020-04-25;16;0.319727891156463
2020-04-26;16;0.405442176870748
2020-04-27;16;0.429251700680272
2020-04-28;16;0.453061224489796
2020-04-29;16;0.441156462585034
2020-04-30;16;0.451360544217687
2020-05-01;16;0.47687074829932
2020-05-02;16;0.44625850340136
2020-05-03;16;0.39625850340136
2020-05-04;16;0.39625850340136
2020-05-05;16;0.374613481756339
2020-05-06;16;0.386518243661101
2020-05-07;16;0.364409400123686
2020-05-08;16;0.308286951144094
2020-05-09;16;0.29604205318491
2020-05-10;16;0.373109722357843
2020-05-11;16;0.416399765647886
2020-05-12;16;0.485663834911955
2020-05-13;16;0.561854311102431
2020-05-14;16;0.585663834911955
2020-05-15;16;0.621378120626241
2020-05-16;16;0.683715782963903
2020-05-17;16;0.616648113790971
2020-05-18;16;0.564700061842919
2020-05-19;16;0.540890538033395
2020-05-20;16;0.451713048855906
2020-05-21;16;0.41599876314162
2020-05-22;16;0.390488559059988
2020-05-23;16;0.380324809765804
2020-05-24;16;0.417559832807278
2020-05-25;16;0.447862863110308
2020-05-26;16;0.445217360464806
2020-05-27;16;0.466707774812363
2020-05-28;16;0.509035817140405
2020-05-29;16;0.479557359090519
2020-05-30;16;0.47673409539769
2020-05-31;16;0.438897568596817
2020-06-01;16;0.421898307695117
2020-06-02;16;0.413554799351608
2020-06-03;16;0.441980455328285
2020-06-04;16;0.437747651095481
2020-06-05;16;0.471307741798428
2020-06-06;16;0.473742806733493
2020-06-07;16;0.508987167635749
2020-06-08;16;0.538355012334604
2020-06-09;16;0.577915451895044
2020-06-10;16;0.586390602752729
2020-06-11;16;0.578227337446606
2020-06-12;16;0.588551467098467
2020-06-13;16;0.591818017621115
2020-06-14;16;0.605210874763973
2020-06-15;16;0.624227572352099
2020-06-16;16;0.62721760557469
2020-06-17;16;0.619908635475022
2020-06-18;16;0.639760212469456
2020-06-19;16;0.632701388940045
2020-06-20;16;0.593033739516298
2020-06-21;16;0.54214088237344
2020-06-22;16;0.515565605798164
2020-06-23;16;0.494208225636797
2020-06-24;16;0.509023040451612
2020-06-25;16;0.467521064167027
2020-06-26;16;0.45089768754365
2020-06-27;16;0.457632887827238
2020-06-28;16;0.475215305409655
2020-06-29;16;0.443612273806624
2020-06-30;16;0.474224518704583
2020-07-01;16;0.478457322937387
2020-07-02;16;0.498544543764663
2020-07-03;16;0.50298746926022
2020-07-04;16;0.517602347469569
2020-07-05;16;0.560611062892077
2020-07-06;16;0.607028909309924
2020-07-07;16;0.563567080133809
2020-07-08;16;0.57250779927861
2020-07-09;16;0.576877100190464
2020-07-10;16;0.604229965111387
2020-07-11;16;0.617264856487292
2020-07-12;16;0.614345681154323
2020-07-13;16;0.632599649408292
2020-07-14;16;0.657566580625223
2020-07-15;16;0.623229036083597
2020-07-16;16;0.620793971148532
2020-07-17;16;0.611335843069714
2020-07-18;16;0.612359908609909
2020-07-19;16;0.593463461142033
2020-07-20;16;0.559789991754277
2020-07-21;16;0.561278086992373
2020-07-22;16;0.571198721913008
2020-07-23;16;0.585713618780846
2020-07-24;16;0.549523142590369
2020-07-25;16;0.541586634653861
2020-07-26;16;0.510974389755902
2020-07-27;16;0.487194442994589
2020-07-28;16;0.442647591996125
2020-07-29;16;0.440318399449541
2020-07-30;16;0.391837468615669
2020-07-31;16;0.446179205310347
2020-08-01;16;0.415566960412388
2020-08-02;16;0.416927504630075
2020-08-03;16;0.452180148578371
2020-08-04;16;0.500867786326318
2020-08-05;16;0.511054121730044
2020-08-06;16;0.545020155696078
2020-08-07;16;0.524011752334734
2020-08-08;16;0.568909711518407
2020-08-09;16;0.638977738729291
2020-08-10;16;0.619969719721272
2020-08-11;16;0.589373906516764
2020-08-12;16;0.552381425313756
2020-08-13;16;0.503030775963107
2020-08-14;16;0.501100274032605
2020-08-15;16;0.479902117350577
2020-08-16;16;0.431857899663502
2020-08-17;16;0.444741567719584
2020-08-18;16;0.431707627856376
2020-08-19;16;0.444727983623843
2020-08-20;16;0.476762615658475
2020-08-21;16;0.462209601105461
2020-08-22;16;0.462856379341373
2020-08-23;16;0.480515109500104
2020-08-24;16;0.474161143625898
2020-08-25;16;0.494213763977174
2020-08-26;16;0.518078072701124
