"fecha";"region";"provincia";"media.estimado";"media.linf";"media.lsup"
2020-03-08;"15";"151";15.2804223664008;13.4903523827903;17.0636451479846
2020-03-15;"15";"151";15.2804223664008;13.4903523827903;17.0636451479846
2020-03-22;"15";"151";14.7473744398244;11.8669423141853;17.6821165762763
2020-03-29;"15";"151";13.4840514377753;11.4873012237992;15.6118645099097
2020-04-05;"15";"151";10.6554108571734;9.06545802322841;12.4058143070924
2020-04-12;"15";"151";12.6953477192347;10.5601974919081;14.9401677549209
2020-04-19;"15";"151";14.489913450389;12.1763180019965;16.8575163028261
2020-04-26;"15";"151";14.9857964923263;12.6750120095845;17.338117520777
2020-05-03;"15";"151";15.802018637721;13.398245305627;18.2364773005103
2020-05-10;"15";"151";11.2850941337215;9.20520734827003;13.5277714614111
2020-05-17;"15";"151";8.70781673615995;7.37648920279331;10.1655180929693
2020-05-24;"15";"151";7.36409135937523;6.44463953049318;8.37111637711278
2020-05-31;"15";"151";6.01213096788688;5.31909491052681;6.81038964573392
2020-06-07;"15";"151";5.86792772237395;5.16631062604824;6.66633426245543
2020-06-14;"15";"151";5.26543409496271;4.67014335748267;5.95454868958361
2020-06-21;"15";"151";5.06513220487284;4.50846961322452;5.70152449039991
2020-06-28;"15";"151";4.9841989654792;4.47280608003558;5.56431642368397
2020-07-05;"15";"151";4.82490062184344;4.37300609388609;5.33466857079762
2020-07-12;"15";"151";4.68140249660837;4.36238927974314;5.0380140843372
2020-07-19;"15";"151";5.63651604489301;4.74019939509154;7.79004965491965
2020-07-26;"15";"151";7.27379207818414;5.26588120174574;10.2871186840586
2020-08-02;"15";"151";5.40136487488646;4.39118482905453;11.6204210032479
2020-08-09;"15";"151";5.12357168446418;3.55263087611418;9.78329140279557
2020-03-08;"15";"152";15.0026108367838;13.1730868537624;16.8099984945532
2020-03-15;"15";"152";15.0026108367838;13.1730868537624;16.8099984945532
2020-03-22;"15";"152";14.9908522409169;12.1076490593531;17.8557365146254
2020-03-29;"15";"152";14.9913786707369;12.169424501557;17.8491010108699
2020-04-05;"15";"152";14.9961955859583;12.0533686329221;17.886658926279
2020-04-12;"15";"152";15.0025224931272;12.0489068102008;17.9019455126821
2020-04-19;"15";"152";14.9828611242179;12.0894824558235;17.8532542098664
2020-04-26;"15";"152";14.989703155389;12.0567623210802;17.897511308124
2020-05-03;"15";"152";14.9524639931905;12.065479923222;17.8865707136747
2020-05-10;"15";"152";14.9846360589301;12.0523563928706;17.9347990410267
2020-05-17;"15";"152";14.9607957792575;12.0839774729389;17.9137256469649
2020-05-24;"15";"152";14.9367985594368;12.043904609005;17.8177050229235
2020-05-31;"15";"152";14.7351404597181;11.9002001571438;17.5938780030871
2020-06-07;"15";"152";14.631097647307;11.752441103121;17.5229222869373
2020-06-14;"15";"152";12.821953372269;10.224020866741;15.5631760900908
2020-06-21;"15";"152";14.5909514299865;11.6947940522818;17.5519156930813
2020-06-28;"15";"152";14.127002498168;11.2616565739967;17.0358135447313
2020-07-05;"15";"152";12.4131777796181;9.76735566808924;15.3010125891897
2020-07-12;"15";"152";12.0363535295156;9.20702210151592;14.9709580222848
2020-07-19;"15";"152";9.93127825666773;7.04667736881943;14.0418785845089
2020-07-26;"15";"152";13.9240031838678;8.89652530425412;19.2530891507541
2020-08-02;"15";"152";8.98963320891243;5.32649007759743;15.5796252918638
2020-08-09;"15";"152";13.1568459041786;5.45122744603776;22.5482601605037
2020-03-08;"1";"011";14.9627007996301;13.1657539253444;16.7774756893088
2020-03-15;"1";"011";14.9627007996301;13.1657539253444;16.7774756893088
2020-03-22;"1";"011";15.1696000702968;12.7518310526609;17.6674320163831
2020-03-29;"1";"011";14.4959677165471;12.0606352789462;17.0652732202714
2020-04-05;"1";"011";14.2578515286061;11.8892597062133;16.8040676711789
2020-04-12;"1";"011";12.839644885338;10.7425242692767;15.086514141809
2020-04-19;"1";"011";12.5629092858894;10.6304857698393;14.672123157288
2020-04-26;"1";"011";9.44560982787516;8.06079691097574;10.9729297457924
2020-05-03;"1";"011";8.67407278583915;7.72628601041021;9.71709880045075
2020-05-10;"1";"011";7.6228579611339;7.04431718336973;8.25310707426968
2020-05-17;"1";"011";6.91801480848287;6.5035109849408;7.35355759072949
2020-05-24;"1";"011";6.72334958289096;6.38798856697862;7.07250063577738
2020-05-31;"1";"011";6.06422367423185;5.7041973736996;6.45263681055899
2020-06-07;"1";"011";6.00296756167806;5.65266829244385;6.38531650715766
2020-06-14;"1";"011";5.30405093181984;4.93194331721675;5.71196054652219
2020-06-21;"1";"011";5.34184052818036;4.92459630811446;5.80585543771956
2020-06-28;"1";"011";5.72840232448105;5.25459988225969;6.25679817800775
2020-07-05;"1";"011";5.54307200922763;5.05119428431907;6.08706245715506
2020-07-12;"1";"011";5.7070963445442;5.1786267767012;6.30204178296443
2020-07-19;"1";"011";5.9491640225753;4.88451028027045;8.09111509319826
2020-07-26;"1";"011";7.49720099079176;5.37240108265745;10.430083029267
2020-08-02;"1";"011";4.70413065127633;3.7402073032563;7.93872858129343
2020-08-09;"1";"011";6.43632487476567;3.38076900464633;12.6263926655894
2020-03-08;"1";"014";14.9853505719019;13.1773441577886;16.7852597506978
2020-03-15;"1";"014";14.9853505719019;13.1773441577886;16.7852597506978
2020-03-22;"1";"014";14.8240774472232;11.9794427118047;17.7109535942435
2020-03-29;"1";"014";14.9609857867914;12.0495928558158;17.8938928741921
2020-04-05;"1";"014";13.6950365646683;11.2505952150763;16.2486310861807
2020-04-12;"1";"014";12.5878072526937;10.1024636744552;15.2824436989177
2020-04-19;"1";"014";13.3180844434433;10.7212425679524;16.0038604364622
2020-04-26;"1";"014";14.467338956773;11.6640094815989;17.3176016313027
2020-05-03;"1";"014";12.6089986556443;10.2381665873496;15.1510507844751
2020-05-10;"1";"014";11.8993465298312;9.53068408082511;14.429595517068
2020-05-17;"1";"014";11.3040933593141;9.38097742284482;13.4351409656658
2020-05-24;"1";"014";9.20053889153946;7.79380399772632;10.7994866052643
2020-05-31;"1";"014";9.49490591227098;8.19405181411515;10.9490707982255
2020-06-07;"1";"014";7.59414052351928;6.62992565898888;8.6964614681191
2020-06-14;"1";"014";6.86789009799427;5.85336382624073;8.00981779026347
2020-06-21;"1";"014";7.90138286872119;6.76139445386618;9.19090893626604
2020-06-28;"1";"014";7.72907672843771;6.52787801765078;9.10868535592333
2020-07-05;"1";"014";6.59636763083623;5.65130859604658;7.64542609780397
2020-07-12;"1";"014";7.03458635512929;6.01537146088071;8.19258716386594
2020-07-19;"1";"014";6.91500507962581;5.27902823818758;9.79980576606354
2020-07-26;"1";"014";8.65705528574061;5.58641376227084;13.0814709576617
2020-08-02;"1";"014";2.95560820496434;1.38316000464765;7.83645535688435
2020-08-09;"1";"014";6.77103055035922;3.4004483637573;13.1490428751353
2020-03-08;"2";"021";15.3642143082257;13.6188382232886;17.1239751647199
2020-03-15;"2";"021";15.3642143082257;13.6188382232886;17.1239751647199
2020-03-22;"2";"021";17.3186226297045;15.0857057997866;19.5383044299278
2020-03-29;"2";"021";16.598782756012;14.5269430455283;18.7370086310426
2020-04-05;"2";"021";15.717172561419;13.6181136056578;17.8697683104673
2020-04-12;"2";"021";14.7217658646683;12.9128245890023;16.594686438564
2020-04-19;"2";"021";16.0137056546463;14.2647015691398;17.7588105674318
2020-04-26;"2";"021";13.398731645815;12.0331026058332;14.804182591992
2020-05-03;"2";"021";12.6285084379775;11.5982468110242;13.6916219777942
2020-05-10;"2";"021";12.3526106079471;11.5934810440528;13.1466426676191
2020-05-17;"2";"021";9.63850113084335;9.08203956767304;10.2177193468491
2020-05-24;"2";"021";8.93220736117337;8.39532082753108;9.50649433842817
2020-05-31;"2";"021";7.52968664713805;7.05518586386023;8.04173926173685
2020-06-07;"2";"021";7.73428233164353;7.25600757750957;8.25327250290262
2020-06-14;"2";"021";6.99651988527389;6.6335556674854;7.38637144749624
2020-06-21;"2";"021";6.5305202267831;6.20617612850685;6.88101146834605
2020-06-28;"2";"021";6.32817639115121;6.04526492475386;6.63101673183026
2020-07-05;"2";"021";6.04882762015427;5.77165561229689;6.34759406226996
2020-07-12;"2";"021";5.30795495224269;4.99912787481078;5.64793499847874
2020-07-19;"2";"021";6.06825910850851;4.97130136005292;8.58614270101038
2020-07-26;"2";"021";7.19428850886496;5.54965685832162;9.72056531070285
2020-08-02;"2";"021";5.35856223945197;4.15666172564742;9.84138614941464
2020-08-09;"2";"021";6.05207605166141;3.59635618985372;11.6333802070269
2020-03-08;"2";"022";15.1643809878138;13.3805776049429;16.9578249338815
2020-03-15;"2";"022";15.1643809878138;13.3805776049429;16.9578249338815
2020-03-22;"2";"022";15.8269431941325;13.105733259242;18.5995600609982
2020-03-29;"2";"022";15.1211078181034;12.3138128659516;17.896371690412
2020-04-05;"2";"022";15.1729554317484;12.5383272023326;17.8774930213071
2020-04-12;"2";"022";15.8086849523102;13.2942371688206;18.2937091881223
2020-04-19;"2";"022";13.9517413886623;11.6178303343842;16.4075962939663
2020-04-26;"2";"022";12.8150900199967;10.7472826676668;14.997455751394
2020-05-03;"2";"022";13.0992658154456;11.3446472653867;14.9849468451333
2020-05-10;"2";"022";12.4878240800701;11.2115130994259;13.8337367147226
2020-05-17;"2";"022";12.4547991704795;11.7171370485536;13.2322826999444
2020-05-24;"2";"022";12.4874853240173;11.8553895366771;13.1687658871977
2020-05-31;"2";"022";12.1388244272337;11.690997032765;12.607897264286
2020-06-07;"2";"022";10.3411851417995;9.98933788841217;10.7014588211907
2020-06-14;"2";"022";8.56917994361267;8.24905939772991;8.906384070466
2020-06-21;"2";"022";7.1841173041314;6.82495031373076;7.5637213194472
2020-06-28;"2";"022";5.75640923834959;5.41026675519184;6.12052962815929
2020-07-05;"2";"022";5.52727704757014;5.16551387247947;5.91442780753735
2020-07-12;"2";"022";5.24367058050303;4.84915306606956;5.68117122676968
2020-07-19;"2";"022";5.30119263266672;4.49639550978074;7.0166252829535
2020-07-26;"2";"022";7.00059105179921;4.90666137831966;10.144534824199
2020-08-02;"2";"022";3.89543485808002;2.73348237929756;8.27654028806683
2020-08-09;"2";"022";5.19637721555229;2.57343113370856;11.2506941196308
2020-03-08;"2";"023";15.0049882745031;13.1927587346131;16.8127670545006
2020-03-15;"2";"023";15.0049882745031;13.1927587346131;16.8127670545006
2020-03-22;"2";"023";15.4055628588179;12.5778157730662;18.2134536134923
2020-03-29;"2";"023";14.8058000167342;11.9131002915449;17.7195367079065
2020-04-05;"2";"023";14.7885764293038;12.1455894267929;17.4770576679335
2020-04-12;"2";"023";13.269469246221;10.7192016962273;15.9493873785055
2020-04-19;"2";"023";14.4266458431165;11.9036898226989;17.0030156384701
2020-04-26;"2";"023";12.5611786003073;10.2352983911425;15.0588403257058
2020-05-03;"2";"023";11.9858183459461;10.3000729626935;13.7790470788208
2020-05-10;"2";"023";11.0326252718704;9.54068988470908;12.6946007228633
2020-05-17;"2";"023";11.1641164169054;9.49669002124;12.9848316832236
2020-05-24;"2";"023";12.1262496537448;10.1742109958571;14.231736642181
2020-05-31;"2";"023";12.7056022919234;10.4908127693848;15.0832460508501
2020-06-07;"2";"023";11.5095469919027;9.4114290295951;13.8106440194441
2020-06-14;"2";"023";11.9833062395408;10.0794856223546;14.0565047586219
2020-06-21;"2";"023";9.12071797161593;7.92777489458853;10.4254461169314
2020-06-28;"2";"023";8.45253523831758;7.39598174570145;9.67891855292045
2020-07-05;"2";"023";8.05393759678495;6.71832709170448;9.58850343048516
2020-07-12;"2";"023";9.80446387813421;7.69658579282326;12.1910039609521
2020-07-19;"2";"023";7.60020718550383;5.68558075136209;10.3367464958826
2020-07-26;"2";"023";11.1419306813736;6.80492669940147;16.515071437675
2020-08-02;"2";"023";5.07502214902401;3.10201765750866;9.15944074473536
2020-08-09;"2";"023";8.48718958281824;3.15961869428845;17.0135460224975
2020-03-08;"3";"031";15.0044842746135;13.2107058285384;16.793790744624
2020-03-15;"3";"031";15.0044842746135;13.2107058285384;16.793790744624
2020-03-22;"3";"031";15.052574678808;12.1287161954381;17.9752970177962
2020-03-29;"3";"031";15.8563479614857;12.839178128573;18.8742705208988
2020-04-05;"3";"031";15.4412346157013;12.540193870222;18.3709164242675
2020-04-12;"3";"031";17.7570746937239;14.6973734464833;20.7200880424211
2020-04-19;"3";"031";14.4247730179035;11.4869586802035;17.4241335440728
2020-04-26;"3";"031";15.0489055257114;12.1858357247283;17.9788946804048
2020-05-03;"3";"031";10.7197027921765;8.73446414222918;12.9433282777581
2020-05-10;"3";"031";9.67799036264859;7.6074264699517;11.8779702900347
2020-05-17;"3";"031";10.7548889991928;8.43809413544384;13.2970247178251
2020-05-24;"3";"031";9.3605679117632;7.34076921011894;11.6385070747222
2020-05-31;"3";"031";8.57516321680887;7.18085264175015;10.1586817785177
2020-06-07;"3";"031";7.24969730559687;6.25514637102357;8.37251528271824
2020-06-14;"3";"031";7.07490236529961;6.29282337016107;7.97763458861004
2020-06-21;"3";"031";6.81009837883773;6.06099059264702;7.6739719195518
2020-06-28;"3";"031";6.35444151993728;5.58338898085832;7.24480410024139
2020-07-05;"3";"031";5.85125530168299;5.15731586641007;6.64681457221705
2020-07-12;"3";"031";5.67083746025405;4.97351610220776;6.47742315902364
2020-07-19;"3";"031";6.38235320315348;5.18941614479232;8.37781982685871
2020-07-26;"3";"031";8.48859688614464;6.07459164754933;11.7993690133323
2020-08-02;"3";"031";6.23326375991104;4.86215732948125;10.2800943060606
2020-08-09;"3";"031";7.77375761955166;4.63226965947717;13.8363960580307
2020-03-08;"3";"032";14.9766337632083;13.1660010248452;16.7706935136846
2020-03-15;"3";"032";14.9766337632083;13.1660010248452;16.7706935136846
2020-03-22;"3";"032";15.0035657489892;12.1386541853955;17.8894803731985
2020-03-29;"3";"032";14.7127970141963;11.8732125787788;17.5866640803484
2020-04-05;"3";"032";15.0136250673546;12.0835211591014;17.9439045295145
2020-04-12;"3";"032";14.9671880481722;12.0848581654202;17.8760848542919
2020-04-19;"3";"032";14.929537088144;12.0369325125488;17.8451901801739
2020-04-26;"3";"032";14.9685085087109;12.0339891549669;17.8723837080315
2020-05-03;"3";"032";14.653061473017;11.8062566696947;17.5160737143981
2020-05-10;"3";"032";14.6618585458403;11.6918373542859;17.6514533196407
2020-05-17;"3";"032";13.8603766033873;11.1363037367106;16.6281378241321
2020-05-24;"3";"032";13.5516026515721;10.7334957204866;16.44421917717
2020-05-31;"3";"032";13.6414011011984;10.9915896267922;16.4028411139745
2020-06-07;"3";"032";13.3755102757822;10.751818362473;16.1259667222357
2020-06-14;"3";"032";12.1985149986326;9.78386049805217;14.7968522921943
2020-06-21;"3";"032";11.4384943406533;9.13384165456147;13.9620371624887
2020-06-28;"3";"032";13.0310971868353;10.2648707345916;15.9506827355075
2020-07-05;"3";"032";11.0705268273212;8.67320880014008;13.6982001416946
2020-07-12;"3";"032";11.5428926135318;9.22811031986867;14.1078949312091
2020-07-19;"3";"032";11.5736811691971;7.71253511770957;16.3408300955981
2020-07-26;"3";"032";11.1701990379651;8.03976693898919;15.0526317767517
2020-08-02;"3";"032";11.9315680589882;5.44689075416793;19.0860526146538
2020-08-09;"3";"032";10.1528539692271;5.22685832780061;17.1040534948276
2020-03-08;"03";"033";15.0025576713503;13.2003878794975;16.7957051858325
2020-03-15;"03";"033";15.0025576713503;13.2003878794975;16.7957051858325
2020-03-22;"03";"033";15.0041368260207;12.0755766874961;17.9277852489841
2020-03-29;"03";"033";15.0315706325419;12.1482781047616;17.9384009007734
2020-04-05;"03";"033";15.0766427504366;12.128097732318;18.0392210195376
2020-04-12;"03";"033";15.5172997878412;12.5332997307485;18.5434233569494
2020-04-19;"03";"033";15.9979795340727;13.2201369906144;18.7738458792978
2020-04-26;"03";"033";15.7706341458699;12.8868439449345;18.6705162128629
2020-05-03;"03";"033";12.8801396538255;10.2135318202069;15.6698940466969
2020-05-10;"03";"033";11.8939936385245;9.36936722457831;14.5928903847829
2020-05-17;"03";"033";14.2560860998344;11.3653530027076;17.2113089182793
2020-05-24;"03";"033";12.4665761177819;9.83496943513355;15.25781249643
2020-05-31;"03";"033";11.4372203213912;9.20331217665249;13.8942230758205
2020-06-07;"03";"033";9.17324156160956;7.48861099432671;11.0665660655737
2020-06-14;"03";"033";9.21767182782767;7.77786236623012;10.8540223684926
2020-06-21;"03";"033";7.33890954955005;6.1791748087591;8.70361191564285
2020-06-28;"03";"033";7.25012385942166;5.94511432704615;8.7580159679329
2020-07-05;"03";"033";6.20655522240562;5.06320309032874;7.53872138304901
2020-07-12;"03";"033";5.75910692051718;4.53906142343443;7.18393924412699
2020-07-19;"03";"033";7.05994853975725;4.79154383740901;10.7283405214945
2020-07-26;"03";"033";9.31648317601469;5.89177881709777;13.9138845073968
2020-08-02;"03";"033";7.64029890907082;5.02147296507435;12.6019680899648
2020-08-09;"03";"033";8.33436875139485;3.89026751011682;16.2708884470775
2020-03-08;"4";"041";14.8918286004496;13.1433161388557;16.6338210584965
2020-03-15;"4";"041";14.8918286004496;13.1433161388557;16.6338210584965
2020-03-22;"4";"041";13.8728316228769;11.5468970996331;16.3018150430569
2020-03-29;"4";"041";14.0977792093725;11.5336537952549;16.7954837341689
2020-04-05;"4";"041";14.7299871053885;11.9570606954219;17.5358614872144
2020-04-12;"4";"041";15.9415250884403;13.056812327726;18.8797873315829
2020-04-19;"4";"041";14.892929190987;12.0235830451811;17.8509243591904
2020-04-26;"4";"041";15.1111999123625;12.3904846191644;17.8785923449418
2020-05-03;"4";"041";16.2892799198307;13.9942485652567;18.5523643859939
2020-05-10;"4";"041";15.0752865898963;13.9424832156132;16.1949933642187
2020-05-17;"4";"041";14.9004373877596;13.9098366528935;15.8904975197246
2020-05-24;"4";"041";11.4831179379209;10.5928604038649;12.4136109544637
2020-05-31;"4";"041";8.62844867585828;8.06304260526004;9.25127043351228
2020-06-07;"4";"041";7.69194413851498;7.03874454871145;8.42518962100681
2020-06-14;"4";"041";6.16113956516733;5.60336608901207;6.78683539639735
2020-06-21;"4";"041";5.64159695532165;5.15281343432412;6.18026603272221
2020-06-28;"4";"041";5.6510034420619;5.18026575187661;6.17013772441583
2020-07-05;"4";"041";5.65418135992776;5.24747328887208;6.11186493627291
2020-07-12;"4";"041";6.20390726678879;5.85781096913791;6.58101708094353
2020-07-19;"4";"041";6.3788495706953;5.42054577074311;8.52835447930192
2020-07-26;"4";"041";6.89919963137073;5.34180792739018;9.50758632294085
2020-08-02;"4";"041";5.63080728889732;4.13780533335767;11.4599559212268
2020-08-09;"4";"041";6.15503261924694;3.90029141572605;12.4181441640114
2020-03-08;"4";"042";15.0941497588673;13.293622228091;16.8872944084926
2020-03-15;"4";"042";15.0941497588673;13.293622228091;16.8872944084926
2020-03-22;"4";"042";15.0408338637088;12.3206694119664;17.7873973368736
2020-03-29;"4";"042";13.8836429396901;11.335984146267;16.5615669683134
2020-04-05;"4";"042";13.6641385799666;11.1523403423503;16.2840645620352
2020-04-12;"4";"042";12.7144356097138;10.1608423316017;15.4220197744181
2020-04-19;"4";"042";14.9505423817999;11.9926659640787;17.956483221238
2020-04-26;"4";"042";14.7703328509163;11.9068408321095;17.7009291263287
2020-05-03;"4";"042";15.6570633508456;12.7841112502723;18.5505922617639
2020-05-10;"4";"042";15.5472947739152;12.7420761078878;18.382223201949
2020-05-17;"4";"042";14.730327285805;12.0704113373943;17.4159424953156
2020-05-24;"4";"042";14.0010917530569;11.6507000687933;16.4068143004954
2020-05-31;"4";"042";10.0201778504551;8.325457079507;11.8960932660148
2020-06-07;"4";"042";9.89614620558511;8.20614082748273;11.7939161133992
2020-06-14;"4";"042";9.92658362407782;8.02328731703517;12.0485421078058
2020-06-21;"4";"042";9.15088291992316;7.40541296264121;11.1380719768907
2020-06-28;"4";"042";7.70267923785048;6.44465649545845;9.11147628525337
2020-07-05;"4";"042";8.72263555274765;7.32053131094407;10.3115799203848
2020-07-12;"4";"042";7.37227472519429;6.2088332691942;8.71173709439886
2020-07-19;"4";"042";9.5723645619822;7.76484650532461;12.6803818073631
2020-07-26;"4";"042";9.94243823658775;6.88497882551595;14.1729787089379
2020-08-02;"4";"042";7.29829730161933;5.31942449878627;12.2591912908601
2020-08-09;"4";"042";11.9588016991475;5.63710242603546;20.5065165633563
2020-03-08;"4";"043";15.1661183052155;13.3838106348934;16.935784047947
2020-03-15;"4";"043";15.1661183052155;13.3838106348934;16.935784047947
2020-03-22;"4";"043";14.9727112802719;12.2098661678817;17.7391318620986
2020-03-29;"4";"043";13.9801045614833;11.237484452077;16.8346199562169
2020-04-05;"4";"043";15.5691006371789;12.6963474197777;18.3981263442858
2020-04-12;"4";"043";14.9084978547355;11.995982254212;17.8501416049872
2020-04-19;"4";"043";15.4860252699165;12.7628130430276;18.1997504563147
2020-04-26;"4";"043";15.416548053468;12.5055565002356;18.351090231488
2020-05-03;"4";"043";14.7397421210848;12.4707145773777;17.0718207974164
2020-05-10;"4";"043";12.8128665509426;10.8469453797029;14.8342858453623
2020-05-17;"4";"043";15.6441274210738;14.1745389876808;17.0841458109193
2020-05-24;"4";"043";11.0584132583473;10.0192108943472;12.166949392984
2020-05-31;"4";"043";8.22119961484052;7.43500905348331;9.09793711424831
2020-06-07;"4";"043";7.76845015355915;7.05398898254735;8.58665277941289
2020-06-14;"4";"043";6.24053310781569;5.60948527591733;6.96871870981985
2020-06-21;"4";"043";6.68747680813668;5.83561986843793;7.68394089434211
2020-06-28;"4";"043";6.76498535131781;5.82082013391757;7.83173826190122
2020-07-05;"4";"043";6.82549832198597;5.78165399551582;8.06054771063873
2020-07-12;"4";"043";7.68408201779777;6.47550810130555;9.04855338522271
2020-07-19;"4";"043";7.29795345363374;5.77738563700084;9.91794350665994
2020-07-26;"4";"043";8.10382587465366;6.02692652676939;11.0355655185515
2020-08-02;"4";"043";6.51981127044998;4.70291657703384;10.9941048847336
2020-08-09;"4";"043";7.50018782942105;3.9549374569173;13.8102981380165
2020-03-08;"5";"051";15.1139272832415;13.3921428933682;16.8615871751238
2020-03-15;"5";"051";15.1139272832415;13.3921428933682;16.8615871751238
2020-03-22;"5";"051";13.881874983791;12.0344855500419;15.8187456469097
2020-03-29;"5";"051";15.2147444651094;13.127174752511;17.3692154817509
2020-04-05;"5";"051";14.5425700584568;12.3565525835898;16.7904726273241
2020-04-12;"5";"051";12.6288574217713;10.5945850123938;14.8190854039723
2020-04-19;"5";"051";11.7424192561611;9.72360660386411;13.9462422129811
2020-04-26;"5";"051";10.3250934659275;8.68214318997071;12.1294008346631
2020-05-03;"5";"051";10.254863988303;9.16596550761133;11.4402859709081
2020-05-10;"5";"051";9.3534598138596;8.57066668324277;10.1860772061602
2020-05-17;"5";"051";9.8382171487634;9.21960317495669;10.4948482037049
2020-05-24;"5";"051";8.88558173736766;8.45759194479983;9.34764295859394
2020-05-31;"5";"051";7.23872167164536;6.86975127760608;7.63215533422406
2020-06-07;"5";"051";6.36779926846965;6.05127938398208;6.70932001517648
2020-06-14;"5";"051";6.07355252207954;5.74463207207948;6.42514359732919
2020-06-21;"5";"051";6.05120293136073;5.72957075580513;6.40199690680223
2020-06-28;"5";"051";5.69183295120756;5.34604997776591;6.06832098089238
2020-07-05;"5";"051";5.68541502695673;5.29349663363124;6.11767201318999
2020-07-12;"5";"051";5.33222094060431;4.91044163211439;5.80314297175923
2020-07-19;"5";"051";5.91528006483068;4.90907867458103;8.16487369206625
2020-07-26;"5";"051";7.53850030142878;5.65692396403859;10.3357784669802
2020-08-02;"5";"051";5.33799182233061;4.08492866631026;10.3148946094216
2020-08-09;"5";"051";4.99729618761738;3.1727503546139;9.36628584273156
2020-03-08;"5";"052";14.9589696559723;13.1577463882598;16.7566125523526
2020-03-15;"5";"052";14.9589696559723;13.1577463882598;16.7566125523526
2020-03-22;"5";"052";14.409236413106;11.6225360157941;17.2725780106312
2020-03-29;"5";"052";14.6945023025394;11.8124698311957;17.570608313597
2020-04-05;"5";"052";14.1760818962508;11.3029310570682;17.1274690812117
2020-04-12;"5";"052";14.986567860248;12.104947189726;17.8996884056587
2020-04-19;"5";"052";14.9033953696229;12.003727776032;17.8314935865038
2020-04-26;"5";"052";15.0075878224061;12.1231504669072;17.9003752082101
2020-05-03;"5";"052";14.9864943797106;12.0879238874048;17.9701422849127
2020-05-10;"5";"052";14.9672886486714;12.0845322032438;17.8287698180958
2020-05-17;"5";"052";15.0104903206328;12.1249075853656;17.9125652051098
2020-05-24;"5";"052";14.9965363351197;12.0993352963945;17.8780607363447
2020-05-31;"5";"052";15.0019103222053;12.1431201097602;17.8808025240747
2020-06-07;"5";"052";14.9740084146761;12.056278293343;17.8828796135212
2020-06-14;"5";"052";14.9980308456841;12.0697973884732;17.8910332587019
2020-06-21;"5";"052";14.971972928433;12.0524538693745;17.9419494121506
2020-06-28;"5";"052";14.9954706658036;12.0728233401778;17.943590679703
2020-07-05;"5";"052";14.8966227335504;11.8941631537506;17.9471382334682
2020-07-12;"5";"052";14.9366865576902;11.9500285725452;17.9414688723344
2020-07-19;"5";"052";14.4637107153137;9.61056110719194;19.5625274025171
2020-07-26;"5";"052";14.5880933546782;10.013017110814;19.365901258977
2020-08-02;"5";"052";14.0972201858304;5.55480087882665;23.447062056213
2020-08-09;"5";"052";14.1595380030333;6.80457444741066;22.719770737771
2020-03-08;"5";"053";15.004070739242;13.1667301877669;16.7978844469114
2020-03-15;"5";"053";15.004070739242;13.1667301877669;16.7978844469114
2020-03-22;"5";"053";14.8360725058489;12.0659740488294;17.6508755297482
2020-03-29;"5";"053";14.9787281433086;12.270269918222;17.7356006219597
2020-04-05;"5";"053";15.4621680547536;12.6236380468425;18.3206402988002
2020-04-12;"5";"053";14.0100650950245;11.2676685496422;16.8411190673031
2020-04-19;"5";"053";14.1707315761704;11.2614899394384;17.142476980892
2020-04-26;"5";"053";13.0893165103154;10.3377773585953;15.9792190214237
2020-05-03;"5";"053";13.6792299263089;11.1521044015574;16.3090648694089
2020-05-10;"5";"053";10.1743260654175;8.29604330476248;12.2757854648576
2020-05-17;"5";"053";10.1591359291773;8.8392707545748;11.5961941430823
2020-05-24;"5";"053";9.38226475393673;8.49550607110745;10.3893570664244
2020-05-31;"5";"053";8.56452085257364;7.7676024356841;9.47291329866392
2020-06-07;"5";"053";7.08844885940848;6.35715352513538;7.92073882617866
2020-06-14;"5";"053";6.97660291778428;6.1294144035085;7.9466129266597
2020-06-21;"5";"053";6.62164740087325;5.76893723043302;7.6111632695641
2020-06-28;"5";"053";7.13926189581277;6.21592137365639;8.19275074049358
2020-07-05;"5";"053";6.44317571369639;5.46195995725186;7.58601452770788
2020-07-12;"5";"053";6.72284930991675;5.58022987275954;8.03919644193213
2020-07-19;"5";"053";6.48439450090329;4.86710352359406;9.19278547620952
2020-07-26;"5";"053";7.68766835552109;5.20619630309972;11.2582603831801
2020-08-02;"5";"053";6.40796060315921;3.30579164077092;13.2173572260298
2020-08-09;"5";"053";6.39601158185819;3.26688413707095;12.7162118925327
2020-03-08;"05";"054";15.0523889952682;13.2365510624959;16.8722656295543
2020-03-15;"05";"054";15.0523889952682;13.2365510624959;16.8722656295543
2020-03-22;"05";"054";15.823552312872;12.9336506681148;18.6997406938266
2020-03-29;"05";"054";15.5016930256661;12.6801741178256;18.3054348919396
2020-04-05;"05";"054";15.9308058868007;13.016872180975;18.8875738803178
2020-04-12;"05";"054";14.9348400143305;12.0106902306699;17.8855960176476
2020-04-19;"05";"054";15.4589438072326;12.5085171063457;18.4412478522824
2020-04-26;"05";"054";14.0754565536125;11.3425989172626;16.8577210263541
2020-05-03;"05";"054";14.2952483495508;11.5146633555287;17.1473827068808
2020-05-10;"05";"054";14.8036510341967;12.0225293279522;17.6685010066406
2020-05-17;"05";"054";11.3729786363997;9.46474983127202;13.4720085982098
2020-05-24;"05";"054";12.1524668595922;10.463164705881;13.9621350724567
2020-05-31;"05";"054";9.80400459317243;8.60520965168621;11.1677018252083
2020-06-07;"05";"054";10.0924933529202;8.77336461663397;11.5546687961991
2020-06-14;"05";"054";8.48305158768002;7.3991389708695;9.71647667126822
2020-06-21;"05";"054";8.06349525005277;6.98081248453655;9.30972011802506
2020-06-28;"05";"054";8.702712163773;7.59636756828023;9.97868852474209
2020-07-05;"05";"054";8.86651121140925;7.69396042255629;10.1786765642777
2020-07-12;"05";"054";8.53064172640697;7.22493946039758;10.0471775545424
2020-07-19;"05";"054";8.51003482568921;6.79878774133849;11.4700022444761
2020-07-26;"05";"054";8.97978053412492;6.29979627681547;12.6581795825001
2020-08-02;"05";"054";8.78248950735862;6.27420942904556;14.3974825318348
2020-08-09;"05";"054";7.4569445704374;4.38559379528729;13.2713867753178
2020-03-08;"05";"055";14.9094970495433;13.118655294473;16.6985134985076
2020-03-15;"05";"055";14.9094970495433;13.118655294473;16.6985134985076
2020-03-22;"05";"055";14.5585689131315;11.8910575318688;17.3281647598047
2020-03-29;"05";"055";13.5274514451603;11.2135007969213;16.0363060284283
2020-04-05;"05";"055";14.5776162559699;12.1056348165036;17.1401227750815
2020-04-12;"05";"055";13.5556805009619;11.2548472824338;15.9792251722323
2020-04-19;"05";"055";13.2118684093581;10.732092910956;15.8102667240949
2020-04-26;"05";"055";13.2224503967422;10.5409961519755;16.0446250159416
2020-05-03;"05";"055";13.0832844606644;10.792178048078;15.5288477485748
2020-05-10;"05";"055";10.9686389459116;9.120827513005;13.0017984357701
2020-05-17;"05";"055";11.0852375913324;9.55146652096085;12.7806202087803
2020-05-24;"05";"055";10.8043167478417;9.718692224337;12.0020296645444
2020-05-31;"05";"055";9.5449615752664;8.48055253806175;10.7585027127351
2020-06-07;"05";"055";7.57241883587425;6.90198386974924;8.33087865084069
2020-06-14;"05";"055";7.34689522102087;6.65069499692332;8.13283997627639
2020-06-21;"05";"055";6.5342005845457;5.97122024929527;7.18358568361589
2020-06-28;"05";"055";6.21010190623514;5.67914860860602;6.81130481412991
2020-07-05;"05";"055";6.7057385315092;6.15288282750141;7.32703202586825
2020-07-12;"05";"055";6.461298485377;5.84471318410165;7.17891892438945
2020-07-19;"05";"055";6.89368367401905;5.74498046715214;9.20440921136754
2020-07-26;"05";"055";7.81806406395273;6.02020704530868;10.5986258265425
2020-08-02;"05";"055";7.47921889231371;4.73624288128319;13.3664767455752
2020-08-09;"05";"055";5.68209744813341;3.68259497913102;10.692145058648
2020-03-08;"05";"056";15.2097774378982;13.4236380219836;16.9901485405449
2020-03-15;"05";"056";15.2097774378982;13.4236380219836;16.9901485405449
2020-03-22;"05";"056";13.7919372514444;11.2357650672549;16.4502714919704
2020-03-29;"05";"056";14.7400170765014;12.2721275806884;17.2874598277959
2020-04-05;"05";"056";12.3403201391389;10.1426941166176;14.6864569623659
2020-04-12;"05";"056";12.1251818053298;9.84348881728527;14.5876778093393
2020-04-19;"05";"056";10.4686666292108;8.52041962205321;12.6256136992515
2020-04-26;"05";"056";11.1457868980916;9.35736525960694;13.0856711351406
2020-05-03;"05";"056";9.9738142044938;8.72951886313794;11.3914829707388
2020-05-10;"05";"056";9.05432108492307;7.89697959525384;10.3631568401803
2020-05-17;"05";"056";9.12374128236986;8.20417876121121;10.1435854992409
2020-05-24;"05";"056";9.4237538748728;8.64582260502615;10.2788553906963
2020-05-31;"05";"056";7.17752403999794;6.51802322838918;7.92232525339006
2020-06-07;"05";"056";7.9114875279425;7.19298657398429;8.68756752996406
2020-06-14;"05";"056";8.27705516400515;7.6353335256899;9.00215043153191
2020-06-21;"05";"056";7.37390133693083;6.57016523779779;8.3092313724406
2020-06-28;"05";"056";6.72226251931557;5.87429883375632;7.70313849677303
2020-07-05;"05";"056";6.45484424405484;5.56991487410643;7.4756362099936
2020-07-12;"05";"056";7.10409326974767;5.9472751532766;8.4641662351892
2020-07-19;"05";"056";5.80989100226382;4.50705016726393;8.0009158318034
2020-07-26;"05";"056";8.36897466116602;5.63718619228038;11.9817662384987
2020-08-02;"05";"056";3.91202912560174;2.47566127100158;8.33271324246722
2020-08-09;"05";"056";8.02451580513793;3.55064384901204;16.0722350597588
2020-03-08;"05";"057";14.9301589627591;13.1134133893656;16.7462611503182
2020-03-15;"05";"057";14.9301589627591;13.1134133893656;16.7462611503182
2020-03-22;"05";"057";14.8491956188116;12.1329575364287;17.6063068869643
2020-03-29;"05";"057";13.9717131071432;11.2812973923514;16.784742153214
2020-04-05;"05";"057";14.9783483532513;12.1472979365648;17.8647477274168
2020-04-12;"05";"057";14.371723236917;11.5185964006312;17.2697891484133
2020-04-19;"05";"057";14.1474731372929;11.2161746911259;17.1693932902391
2020-04-26;"05";"057";13.0035255076238;10.465493590105;15.714235155842
2020-05-03;"05";"057";12.1119257387392;9.74475153517037;14.5874933272196
2020-05-10;"05";"057";11.4888114511136;9.48193279158563;13.6660828495072
2020-05-17;"05";"057";9.44360399665772;8.28863001798372;10.7111003958125
2020-05-24;"05";"057";9.792683426654;8.83668096987104;10.8187337273134
2020-05-31;"05";"057";8.29891122261274;7.5869312463602;9.10027499458346
2020-06-07;"05";"057";6.42495302048229;5.80452255303614;7.15570846247483
2020-06-14;"05";"057";6.10080448134809;5.4649316253799;6.813945770549
2020-06-21;"05";"057";6.63055610868603;5.83529568428754;7.55841432966554
2020-06-28;"05";"057";6.45058116789027;5.63104313192753;7.40530630751177
2020-07-05;"05";"057";6.9092581231094;5.87599058586527;8.10074694801085
2020-07-12;"05";"057";6.74995754739404;5.73460140619239;7.93809144796046
2020-07-19;"05";"057";6.35609111655963;4.94178843942859;8.9332200488727
2020-07-26;"05";"057";7.58823679913176;4.66492345884606;11.7664931218208
2020-08-02;"05";"057";5.05087622150342;3.28942397486391;9.49978937579416
2020-08-09;"05";"057";5.48588340520665;3.00674139938964;11.1219987051875
2020-03-08;"05";"058";15.2100131745986;13.3627908086544;17.050852728411
2020-03-15;"05";"058";15.2100131745986;13.3627908086544;17.050852728411
2020-03-22;"05";"058";14.6413190317615;12.1131119602608;17.2294211260753
2020-03-29;"05";"058";13.9350885371622;11.3940822454953;16.5680015206443
2020-04-05;"05";"058";13.5661033129017;11.078165256718;16.1826673801503
2020-04-12;"05";"058";12.7718719907687;10.4116928825266;15.3117367861239
2020-04-19;"05";"058";13.1384731186827;10.6240802515237;15.8109857594926
2020-04-26;"05";"058";12.6844024088276;10.4723085375858;15.082000781985
2020-05-03;"05";"058";12.009111627095;10.2351576752373;13.9305117831971
2020-05-10;"05";"058";9.4768448850777;8.36923247717785;10.7060700140839
2020-05-17;"05";"058";10.3306311499539;9.44483259845721;11.2831073101785
2020-05-24;"05";"058";9.5865328596864;8.83354967753321;10.4296037426151
2020-05-31;"05";"058";7.6663482573863;6.97143887684718;8.45177078487006
2020-06-07;"05";"058";7.66049170635785;7.06317323401544;8.33059665035958
2020-06-14;"05";"058";7.10076072357435;6.50140677252733;7.77442700888191
2020-06-21;"05";"058";6.6803782862701;6.21173809855419;7.18917596198834
2020-06-28;"05";"058";6.47487688667883;5.93092049238099;7.09205377205077
2020-07-05;"05";"058";6.11696608530407;5.59067802280259;6.7040189531725
2020-07-12;"05";"058";6.38173333752307;5.63403132954944;7.2516551560684
2020-07-19;"05";"058";6.79177919389322;5.64671521164409;8.98003979525008
2020-07-26;"05";"058";7.76476805236986;5.65928726646072;11.0424921793447
2020-08-02;"05";"058";6.29958525087753;4.5830721656689;12.0918738916794
2020-08-09;"05";"058";6.33434182501586;3.65993232634594;12.8375861338729
2020-03-08;"13";"131";14.9096930183748;14.0735588647386;15.7571435725235
2020-03-15;"13";"131";14.9096930183748;14.0735588647386;15.7571435725235
2020-03-22;"13";"131";13.1579204726071;12.551782856088;13.7763369838444
2020-03-29;"13";"131";11.7312629697057;11.09998672822;12.3752659383335
2020-04-05;"13";"131";10.8602762901052;10.2526396914199;11.4875010272728
2020-04-12;"13";"131";8.94695998256181;8.44434394030298;9.46551506509719
2020-04-19;"13";"131";7.70292236720223;7.33165867313327;8.08773690390645
2020-04-26;"13";"131";7.40213796111891;7.16710570882764;7.6454445839596
2020-05-03;"13";"131";8.10722012348915;7.95642490138194;8.26118308387563
2020-05-10;"13";"131";8.43879057221458;8.34224038801811;8.53664190035877
2020-05-17;"13";"131";8.7657591129118;8.68960171542645;8.84244623622
2020-05-24;"13";"131";8.46055602267593;8.39485271331406;8.52638740610407
2020-05-31;"13";"131";7.4898394978969;7.42867379015751;7.55123453090236
2020-06-07;"13";"131";6.90913056202609;6.84299010384384;6.97577081333174
2020-06-14;"13";"131";5.71405763445763;5.65219865843793;5.77721445711609
2020-06-21;"13";"131";5.32741943114206;5.26188000883412;5.39378987338709
2020-06-28;"13";"131";4.88205602291774;4.80607224283594;4.96113669273803
2020-07-05;"13";"131";4.91528308893877;4.83019299565545;5.00305938816971
2020-07-12;"13";"131";4.6129495023221;4.51442095315684;4.7147174693051
2020-07-19;"13";"131";5.2932202884599;4.61201498388836;7.26084551745259
2020-07-26;"13";"131";6.54348273923249;4.95097951692123;9.04303954058624
2020-08-02;"13";"131";4.54804094822532;3.82640985968488;7.94396274057852
2020-08-09;"13";"131";5.70993758187264;3.13668023867322;11.9445739346072
2020-03-08;"13";"132";15.8812565075399;14.1534813982063;17.6242420724435
2020-03-15;"13";"132";15.8812565075399;14.1534813982063;17.6242420724435
2020-03-22;"13";"132";14.8583644079493;13.1175172649993;16.661210690017
2020-03-29;"13";"132";11.4269859399568;10.0283939373223;12.9238884522982
2020-04-05;"13";"132";11.1176511703041;9.89652704761767;12.4022181242071
2020-04-12;"13";"132";9.00222360129495;8.05702873590585;10.0222780754309
2020-04-19;"13";"132";7.77514206803303;6.9615683192121;8.63989060724876
2020-04-26;"13";"132";7.59853921769453;6.91687542137545;8.35805467028431
2020-05-03;"13";"132";7.65801371804368;7.21249426866244;8.14044653142434
2020-05-10;"13";"132";8.79248438743301;8.49315682822162;9.10290359282057
2020-05-17;"13";"132";7.8202468405251;7.62774026246056;8.01752806992241
2020-05-24;"13";"132";7.54853645758782;7.38862218836498;7.71600591458315
2020-05-31;"13";"132";7.07596416321212;6.90880645853152;7.24832326761832
2020-06-07;"13";"132";6.5022165715628;6.30298236761038;6.70454594124455
2020-06-14;"13";"132";5.75852977567485;5.59337738341937;5.93654536881887
2020-06-21;"13";"132";5.73392406006584;5.53257302391576;5.94966942256888
2020-06-28;"13";"132";5.31561859761226;5.10059662460547;5.54948912656555
2020-07-05;"13";"132";5.13266210330527;4.88584406260329;5.40163343664408
2020-07-12;"13";"132";5.41437216900956;5.09775544882678;5.7628137470216
2020-07-19;"13";"132";5.95508516197187;5.04317670009835;7.91620661917557
2020-07-26;"13";"132";8.83019528447447;6.21343446561386;12.142097494171
2020-08-02;"13";"132";5.1056130804279;4.11039495033813;8.81518720134245
2020-08-09;"13";"132";7.04382206905399;3.54981266379553;12.9215267741269
2020-03-08;"13";"133";15.3208851946442;13.572721994736;17.0913026229032
2020-03-15;"13";"133";15.3208851946442;13.572721994736;17.0913026229032
2020-03-22;"13";"133";13.9566687172016;11.908426076689;16.1237747280897
2020-03-29;"13";"133";11.6855899830225;9.54429138901381;14.0424620669749
2020-04-05;"13";"133";12.2588792817413;10.2060222687919;14.4946629385987
2020-04-12;"13";"133";12.1165398439879;9.83491869193685;14.5580676588247
2020-04-19;"13";"133";11.0311078297658;9.08232168370334;13.1656574968209
2020-04-26;"13";"133";11.8016063316236;10.1567300908142;13.573645340655
2020-05-03;"13";"133";9.76053989078408;8.8656177630886;10.7197589423409
2020-05-10;"13";"133";10.4921448112358;9.88255285246268;11.1262133394567
2020-05-17;"13";"133";10.1723755927539;9.73938776925533;10.6117941399934
2020-05-24;"13";"133";9.71027199614185;9.34710482923642;10.08170308139
2020-05-31;"13";"133";8.41413061871152;8.08430106997451;8.75575342461173
2020-06-07;"13";"133";7.25013869067051;6.94994009780282;7.56469538173332
2020-06-14;"13";"133";5.97925877195271;5.66482422443764;6.32107041852919
2020-06-21;"13";"133";5.37733174686078;5.03166887189152;5.75663420711167
2020-06-28;"13";"133";5.0144197699233;4.57327428906353;5.50903748821483
2020-07-05;"13";"133";5.31878079023121;4.84140304578537;5.85313619458129
2020-07-12;"13";"133";5.1472148844882;4.56039419981575;5.82479122690564
2020-07-19;"13";"133";6.09969007206941;4.65313501189153;8.91065238042947
2020-07-26;"13";"133";7.70544352159095;5.39903345164315;11.0316509084684
2020-08-02;"13";"133";5.14739323220548;3.26222155017348;11.1963277468765
2020-08-09;"13";"133";6.08554214463405;2.560549624225;12.7626178336117
2020-03-08;"13";"134";15.2638323491694;13.4737018135308;17.097987652271
2020-03-15;"13";"134";15.2638323491694;13.4737018135308;17.097987652271
2020-03-22;"13";"134";15.0019299199749;12.7237315062558;17.3664971190682
2020-03-29;"13";"134";14.1459844467621;12.0797953151347;16.3045659041833
2020-04-05;"13";"134";10.6394964011667;9.08724336086518;12.3626314670455
2020-04-12;"13";"134";11.7255167144081;10.112056085833;13.4632263755543
2020-04-19;"13";"134";7.63580723830562;6.51814405191031;8.87685258551057
2020-04-26;"13";"134";8.45286771074462;7.35474267400317;9.62923838608984
2020-05-03;"13";"134";8.3663113181441;7.65410722172272;9.11903186408139
2020-05-10;"13";"134";8.74279209651333;8.27795479748562;9.22841700194839
2020-05-17;"13";"134";7.69720022177724;7.40139654670708;8.00902702931125
2020-05-24;"13";"134";7.66421404484384;7.40210842637456;7.93734060823265
2020-05-31;"13";"134";7.19848779548825;6.97854873608227;7.42899682718952
2020-06-07;"13";"134";6.41164188590893;6.18295051986781;6.65044520956261
2020-06-14;"13";"134";5.90052625078286;5.70112332502269;6.11366587119295
2020-06-21;"13";"134";5.72543165155875;5.51133568028666;5.95529717908594
2020-06-28;"13";"134";5.31906435477645;5.06130358243438;5.59696868578725
2020-07-05;"13";"134";5.45182355830271;5.15817600875117;5.77298931419119
2020-07-12;"13";"134";5.2474038096926;4.88406262440836;5.65668966470298
2020-07-19;"13";"134";6.03866899467022;4.98408839138548;8.39252873071651
2020-07-26;"13";"134";7.34564620902622;5.45957590941605;10.2317545857825
2020-08-02;"13";"134";4.95038707485778;3.90740401183339;8.40347648125598
2020-08-09;"13";"134";6.52916608870505;3.09373654753715;12.7322317119523
2020-03-08;"13";"135";14.9968340779943;13.2058566426592;16.8000795332922
2020-03-15;"13";"135";14.9968340779943;13.2058566426592;16.8000795332922
2020-03-22;"13";"135";15.5098272038372;12.7019049899186;18.3003140115973
2020-03-29;"13";"135";12.573940524975;9.94108234133514;15.3679415161176
2020-04-05;"13";"135";13.1971514338434;10.5866522338958;15.9340477984973
2020-04-12;"13";"135";11.7009233217985;9.35160253705033;14.2464654298633
2020-04-19;"13";"135";10.9901682920333;8.8360044379245;13.3199369730789
2020-04-26;"13";"135";10.4315967763116;8.60823139817651;12.4308196417318
2020-05-03;"13";"135";10.2839290398813;8.90054764249923;11.7810127537094
2020-05-10;"13";"135";10.6881865471054;9.70380662687364;11.7438883604597
2020-05-17;"13";"135";10.5841268447723;9.87670309596775;11.3180345287274
2020-05-24;"13";"135";8.74833667544477;8.21130920313776;9.31091025784272
2020-05-31;"13";"135";7.84379175374061;7.39919956550326;8.3110443054967
2020-06-07;"13";"135";7.42178008432053;6.98550042182718;7.88468039019779
2020-06-14;"13";"135";6.09274873625667;5.70582605445265;6.5055792789056
2020-06-21;"13";"135";5.93169772274648;5.55398968354429;6.34650245692581
2020-06-28;"13";"135";5.57313270505436;5.17826018527051;6.02416856765108
2020-07-05;"13";"135";5.8255719205742;5.33791398625112;6.38102108867083
2020-07-12;"13";"135";5.54868371535457;4.98668053270717;6.19019462901874
2020-07-19;"13";"135";6.6315653211057;5.45417249970601;9.03149273116273
2020-07-26;"13";"135";7.20721102450889;5.07645830316039;10.3568511030441
2020-08-02;"13";"135";5.22383316337883;3.71953167162;10.5136976659808
2020-08-09;"13";"135";5.41047859921608;2.7840538206152;11.655427859454
2020-03-08;"13";"136";14.7095667798155;12.9717027170685;16.4464408306561
2020-03-15;"13";"136";14.7095667798155;12.9717027170685;16.4464408306561
2020-03-22;"13";"136";13.5614416455992;11.2145361291342;16.0099922197459
2020-03-29;"13";"136";12.1575009458772;10.0236803041514;14.5140694187986
2020-04-05;"13";"136";11.9474239300674;9.73245730495086;14.3156682923084
2020-04-12;"13";"136";10.9132533872794;8.71031124201317;13.3166331380651
2020-04-19;"13";"136";12.074412295773;9.95911800811428;14.3242497257017
2020-04-26;"13";"136";9.44720060630547;7.88748437442107;11.1853378340102
2020-05-03;"13";"136";11.3841972154905;10.2640329204232;12.5729645493878
2020-05-10;"13";"136";11.3733240605494;10.6525861777583;12.1304455789682
2020-05-17;"13";"136";12.5114625676054;11.9832113415482;13.0487874058409
2020-05-24;"13";"136";11.2006217926119;10.8415855206813;11.5655193808295
2020-05-31;"13";"136";10.2483152025733;9.87018031766231;10.6392194952661
2020-06-07;"13";"136";9.8023232896883;9.41156407024847;10.2043718260007
2020-06-14;"13";"136";7.39909182295562;7.08232535152607;7.73540750512129
2020-06-21;"13";"136";5.89978719678584;5.60981810036176;6.2098514377391
2020-06-28;"13";"136";5.68644621285146;5.35956380841794;6.04330846082075
2020-07-05;"13";"136";5.80897360342095;5.42153660689948;6.23370802809239
2020-07-12;"13";"136";5.6500959396481;5.24928580734793;6.10334507817052
2020-07-19;"13";"136";7.37960688702532;6.06661200440302;10.6102587800823
2020-07-26;"13";"136";7.19266879282839;5.22801942730764;10.2237126806354
2020-08-02;"13";"136";5.13900379329472;3.51142111381872;9.86540056725267
2020-08-09;"13";"136";5.85364141730424;2.87199628110833;12.0727633068251
2020-03-08;"6";"061";14.787213818308;13.0015606883115;16.5988065398689
2020-03-15;"6";"061";14.787213818308;13.0015606883115;16.5988065398689
2020-03-22;"6";"061";13.8456982083702;11.5676396035641;16.2024876319443
2020-03-29;"6";"061";13.9418991041957;11.4462247312918;16.5848859716009
2020-04-05;"6";"061";12.8458816225795;10.1807000278684;15.6919813578566
2020-04-12;"6";"061";13.1750360432116;10.5466161014834;15.974555688742
2020-04-19;"6";"061";14.1001323900934;11.4996062802138;16.8347219596446
2020-04-26;"6";"061";10.9873540899939;8.782075117528;13.3557895179718
2020-05-03;"6";"061";11.1811163640534;9.41530953223352;13.0782484297687
2020-05-10;"6";"061";8.83697405022573;7.78483670518456;9.9996774168098
2020-05-17;"6";"061";10.1449131508505;9.37220341032702;10.9654024713716
2020-05-24;"6";"061";12.7076664976344;12.0182766465825;13.4087043427738
2020-05-31;"6";"061";11.4551270959937;10.9188994850016;12.0038067746728
2020-06-07;"6";"061";9.14116198423535;8.76069023311424;9.54862586769435
2020-06-14;"6";"061";6.64730306688861;6.39480620246255;6.91811014680879
2020-06-21;"6";"061";4.75673558283742;4.58615502114125;4.9395175263174
2020-06-28;"6";"061";4.96690188805377;4.76301214462267;5.18583414688265
2020-07-05;"6";"061";4.57167039538137;4.35395341796245;4.80910480873766
2020-07-12;"6";"061";4.42922901678651;4.16952707731639;4.71328571378173
2020-07-19;"6";"061";5.20201535502991;4.42255657353736;6.98262589547195
2020-07-26;"6";"061";7.60660081505748;5.38173222673701;10.5990231585158
2020-08-02;"6";"061";5.09134896785034;4.26159020379068;7.9227068541892
2020-08-09;"6";"061";7.00909682027591;3.61832784198529;12.9587871411954
2020-03-08;"6";"062";14.9970197461099;13.1873202177569;16.797052834512
2020-03-15;"6";"062";14.9970197461099;13.1873202177569;16.797052834512
2020-03-22;"6";"062";15.0120297102002;12.1395121432481;17.8975893137129
2020-03-29;"6";"062";14.9828451074653;12.1029902791737;17.8925025467715
2020-04-05;"6";"062";14.9765093614654;12.0796279404615;17.8627984559043
2020-04-12;"6";"062";14.7535740447538;11.8888122076739;17.6478312684213
2020-04-19;"6";"062";14.82088199914;11.9470456784653;17.6856273101681
2020-04-26;"6";"062";13.0790195145757;10.4939854778733;15.7690084592239
2020-05-03;"6";"062";14.1652380604998;11.3845703793739;16.9924334944002
2020-05-10;"6";"062";13.1758499042192;10.6887554374927;15.7797225417615
2020-05-17;"6";"062";13.2889804759534;10.8281620040732;15.9203928585268
2020-05-24;"6";"062";14.481112580663;12.3390966597157;16.6512708029874
2020-05-31;"6";"062";12.4987364205153;10.1271802291302;15.0296591759704
2020-06-07;"6";"062";11.3929339910594;9.3614092490688;13.5982086453412
2020-06-14;"6";"062";9.06129061417203;7.40268920904944;10.9442663003274
2020-06-21;"6";"062";10.4146512689102;8.35742353806312;12.7131779664355
2020-06-28;"6";"062";10.7195110657076;8.6361902940351;13.0151806119583
2020-07-05;"6";"062";10.5316682809222;8.49200349897379;12.8255230376867
2020-07-12;"6";"062";10.1489513223482;7.80350933476353;12.7323956861711
2020-07-19;"6";"062";8.86713337959736;5.93785055583243;13.1023349084987
2020-07-26;"6";"062";10.4183534123747;6.45247433616232;15.313384817257
2020-08-02;"6";"062";8.4466687159627;2.83385816610286;17.1904842699081
2020-08-09;"6";"062";8.677556670485;2.65045871535577;18.2345170512859
2020-03-08;"6";"063";14.9704112932123;13.1815453627174;16.7824970841465
2020-03-15;"6";"063";14.9704112932123;13.1815453627174;16.7824970841465
2020-03-22;"6";"063";14.5238595953577;11.7430938063666;17.3554431684314
2020-03-29;"6";"063";14.3092236067583;11.5650859493923;17.0914915819955
2020-04-05;"6";"063";14.4741005773541;11.555197423358;17.4156983808554
2020-04-12;"6";"063";14.7587074876039;11.8039001640082;17.6865986905356
2020-04-19;"6";"063";14.8493047336336;11.9968437559805;17.7614606702442
2020-04-26;"6";"063";14.9786504456914;12.2114438813156;17.8308026355504
2020-05-03;"6";"063";13.6015779855654;10.9908912488511;16.3003041890291
2020-05-10;"6";"063";13.263415131995;11.1709258273926;15.5202402269818
2020-05-17;"6";"063";11.808504669395;10.2768206038509;13.4321682230692
2020-05-24;"6";"063";14.0463790896587;12.4970538542272;15.6260096024665
2020-05-31;"6";"063";10.5142410110126;9.14229939555181;11.9907047274323
2020-06-07;"6";"063";8.39153460580004;7.32490171574254;9.60561215775705
2020-06-14;"6";"063";7.66063016107575;6.52550738222458;8.91482365364529
2020-06-21;"6";"063";7.29848137211221;6.31941194432037;8.45254107010661
2020-06-28;"6";"063";7.01343199310223;6.15195824879877;7.99589511531709
2020-07-05;"6";"063";7.01558532398282;6.0606681309465;8.12616217694189
2020-07-12;"6";"063";5.99422320141187;5.0557516786143;7.11073602449485
2020-07-19;"6";"063";6.37510232449785;5.18586198538516;8.30820133229941
2020-07-26;"6";"063";7.89330240983309;5.25724363626687;11.6320281906627
2020-08-02;"6";"063";4.90824942578734;3.87901975153552;7.4365943262119
2020-08-09;"6";"063";5.62857029552322;2.30408189347172;12.3826811160156
2020-03-08;"7";"071";14.5122292005701;12.8682962859832;16.171714989747
2020-03-15;"7";"071";14.5122292005701;12.8682962859832;16.171714989747
2020-03-22;"7";"071";12.4461805134138;9.92527611117232;15.083003392524
2020-03-29;"7";"071";10.8849280209372;8.84456751078646;13.1449508965173
2020-04-05;"7";"071";11.8502868222105;9.59077061807907;14.2357019898901
2020-04-12;"7";"071";10.640782153078;8.8217164314935;12.6529433352555
2020-04-19;"7";"071";5.70482450282087;4.62775458515404;6.9585282586829
2020-04-26;"7";"071";9.21361975941229;7.29944298493991;11.4071942343701
2020-05-03;"7";"071";10.9044866982736;9.1184309201912;12.882944862863
2020-05-10;"7";"071";9.2809169687693;7.72756606979247;11.0185929337712
2020-05-17;"7";"071";8.2816841626183;7.27413496166774;9.4269604265023
2020-05-24;"7";"071";6.14129564244671;5.38369713693914;7.02487061713492
2020-05-31;"7";"071";6.94327098340698;6.21849243481294;7.78073332994469
2020-06-07;"7";"071";6.49943706801151;5.82550117134598;7.25390155155725
2020-06-14;"7";"071";5.8086390328916;5.32580892827975;6.3557055055805
2020-06-21;"7";"071";5.09217142898754;4.72493434836738;5.50991447487448
2020-06-28;"7";"071";4.44179365093287;4.07169891547108;4.86762175242983
2020-07-05;"7";"071";4.51283611569806;4.09914250410352;4.99642877488961
2020-07-12;"7";"071";4.67033176173117;4.15534588435386;5.28504494011769
2020-07-19;"7";"071";5.21559449763853;4.10266680397375;7.44913453090988
2020-07-26;"7";"071";6.3234429607893;4.42174178653821;9.3665834060579
2020-08-02;"7";"071";5.01040208660585;3.09208910393478;10.8816076808344
2020-08-09;"7";"071";4.37053618716243;2.43755041241139;9.49830738514666
2020-03-08;"7";"072";14.9432217404517;13.1251272491607;16.7656786929873
2020-03-15;"7";"072";14.9432217404517;13.1251272491607;16.7656786929873
2020-03-22;"7";"072";14.7040637120229;11.8129797449429;17.5975649646976
2020-03-29;"7";"072";14.2168081273054;11.3930949849686;17.0462930126897
2020-04-05;"7";"072";13.8168398831434;10.911925683353;16.7765380782449
2020-04-12;"7";"072";14.5798819509856;11.7399878288861;17.4142690418101
2020-04-19;"7";"072";13.8920952363358;11.0901349238248;16.754096178137
2020-04-26;"7";"072";13.9291765955867;11.1002704716496;16.8713923353903
2020-05-03;"7";"072";14.1312049632883;11.286500946894;17.0698897154757
2020-05-10;"7";"072";14.3016103264699;11.6358568864167;17.0422857690012
2020-05-17;"7";"072";11.0748317530458;8.91273637824568;13.4985816328589
2020-05-24;"7";"072";11.6056576263994;9.45783334154381;13.9872678411962
2020-05-31;"7";"072";7.87833147083838;6.55289982932966;9.39280062083947
2020-06-07;"7";"072";6.83409274094326;5.49007120052964;8.40310433965473
2020-06-14;"7";"072";7.62735594497715;6.26928188474244;9.17389215734578
2020-06-21;"7";"072";6.08834603251262;4.70825312715519;7.70711847317294
2020-06-28;"7";"072";7.82464918156353;6.02122354748688;9.90325925051475
2020-07-05;"7";"072";8.40089521506103;6.44166249162177;10.6497892489827
2020-07-12;"7";"072";6.91520164156244;5.32625342729165;8.82613368081626
2020-07-19;"7";"072";7.62166335569098;4.36276549309099;12.8566685167315
2020-07-26;"7";"072";9.01660823061068;5.23897392732257;14.1201370014981
2020-08-02;"7";"072";8.24068677116249;2.74212016976188;18.4104610353935
2020-08-09;"7";"072";10.5217295401498;3.30140122191933;21.2073438208111
2020-03-08;"7";"073";14.7441437633766;12.9741229062522;16.5356800245353
2020-03-15;"7";"073";14.7441437633766;12.9741229062522;16.5356800245353
2020-03-22;"7";"073";14.3541308621463;11.6384408446327;17.1134944375516
2020-03-29;"7";"073";13.6848912455864;11.2582655244175;16.1533615991963
2020-04-05;"7";"073";14.0616202254486;11.2185057138518;17.088994438787
2020-04-12;"7";"073";11.9538200935155;9.59625042542227;14.475548766688
2020-04-19;"7";"073";10.7193145577847;8.43981610037437;13.2088585505735
2020-04-26;"7";"073";11.9383064043155;9.57437920615935;14.5363604976648
2020-05-03;"7";"073";12.8629833087959;10.3963008037029;15.5199194719025
2020-05-10;"7";"073";11.152745471207;9.29927691391375;13.1935400322394
2020-05-17;"7";"073";9.61504253580938;8.32483267030363;11.0820563416838
2020-05-24;"7";"073";7.01151593070455;6.37175806986761;7.73615694844014
2020-05-31;"7";"073";6.58005191350106;6.1072219074673;7.13441021103828
2020-06-07;"7";"073";5.86820342846466;5.46238258948485;6.32827026597877
2020-06-14;"7";"073";6.44834651016041;6.09620597670363;6.85401637611713
2020-06-21;"7";"073";5.17585249383692;4.81474199142264;5.58897566452229
2020-06-28;"7";"073";4.6260212587919;4.19953722105875;5.12253901066751
2020-07-05;"7";"073";4.8709256251458;4.36169252716723;5.47764955593169
2020-07-12;"7";"073";5.28092482252006;4.69607741667628;5.95704467089132
2020-07-19;"7";"073";5.91706175855955;4.6001863249405;8.71777003325231
2020-07-26;"7";"073";6.31914186531155;4.68321459286767;9.17451179620215
2020-08-02;"7";"073";5.27715972872816;3.25259626616382;11.7398994430959
2020-08-09;"7";"073";4.0465644937098;2.66043809186032;8.18388524001699
2020-03-08;"7";"074";14.8422903624226;13.0469274759126;16.6554953680736
2020-03-15;"7";"074";14.8422903624226;13.0469274759126;16.6554953680736
2020-03-22;"7";"074";14.6036567691072;11.7589288888039;17.509318742248
2020-03-29;"7";"074";12.701407592696;10.2885823378336;15.2186255178225
2020-04-05;"7";"074";11.3460973332575;8.99990447013834;13.9097386472729
2020-04-12;"7";"074";12.1776879402391;9.89591664995;14.7246486012932
2020-04-19;"7";"074";10.9440716597049;8.67494536468183;13.3966982206194
2020-04-26;"7";"074";13.769852381689;11.1605707662701;16.5314869012042
2020-05-03;"7";"074";12.0567893301409;9.7691996872824;14.54374603686
2020-05-10;"7";"074";10.2565552206799;8.59983600581163;12.1240815773575
2020-05-17;"7";"074";9.49989306004703;8.09001030555297;11.115843680042
2020-05-24;"7";"074";7.71425391463136;6.8446453546414;8.70125104445199
2020-05-31;"7";"074";7.05670737962185;6.47122945394145;7.7280005557682
2020-06-07;"7";"074";7.50213777884286;6.78919588121239;8.30820528896985
2020-06-14;"7";"074";6.27396819809736;5.7091384739314;6.92491747285465
2020-06-21;"7";"074";5.64704644296997;5.00492382593241;6.39313458762956
2020-06-28;"7";"074";5.97458603798638;5.20726491888788;6.87518724080288
2020-07-05;"7";"074";6.00882893673921;5.22661256909038;6.9277034128832
2020-07-12;"7";"074";4.95482545248488;4.29044724823966;5.74846508787657
2020-07-19;"7";"074";5.6895944950854;4.36381234114812;8.54382740968475
2020-07-26;"7";"074";6.49520817170962;4.58026586311922;9.31322582362609
2020-08-02;"7";"074";5.34830829933617;3.40349940471224;10.7372300695298
2020-08-09;"7";"074";4.66856836248043;2.60995024385679;10.437905264507
2020-03-08;"16";"161";12.819804543664;11.3273231994827;14.3629583988286
2020-03-15;"16";"161";12.819804543664;11.3273231994827;14.3629583988286
2020-03-22;"16";"161";10.525025896297;9.53723270600819;11.5965517629037
2020-03-29;"16";"161";7.90258706841419;7.1504551664144;8.74568251981878
2020-04-05;"16";"161";7.23858443905818;6.24561580771899;8.3976647189612
2020-04-12;"16";"161";7.96012805431441;6.52083161470773;9.60733719777218
2020-04-19;"16";"161";8.56406021929632;6.78519748193509;10.5607005104725
2020-04-26;"16";"161";9.65692285726354;7.78266358773448;11.7418364107519
2020-05-03;"16";"161";10.8403824937056;8.63701548287727;13.2402932081101
2020-05-10;"16";"161";11.7776654990168;9.92568551603945;13.760036201276
2020-05-17;"16";"161";6.15505735579664;5.16714324268273;7.2823617189093
2020-05-24;"16";"161";7.42767229462525;6.46901645177313;8.51935682099207
2020-05-31;"16";"161";6.9472738876604;6.11466789393885;7.89608972050103
2020-06-07;"16";"161";5.94844918447241;5.11897475359022;6.88423177778196
2020-06-14;"16";"161";4.65589383210837;3.97526047901996;5.44302409031273
2020-06-21;"16";"161";4.11628318952748;3.4329367797477;4.89510557854904
2020-06-28;"16";"161";5.12315888858487;4.28876306836893;6.08390333975323
2020-07-05;"16";"161";5.17359389732001;4.45355514687309;5.9940047372709
2020-07-12;"16";"161";3.72956993163774;3.1092411384473;4.45863511668971
2020-07-19;"16";"161";4.85713631904352;3.21331555147188;7.99822565338886
2020-07-26;"16";"161";6.62620165993073;4.48898101373532;9.96378633232319
2020-08-02;"16";"161";7.02542717611335;3.68588063995421;15.3379987925331
2020-08-09;"16";"161";4.67264095139635;2.68288528670901;9.42734116824353
2020-03-08;"16";"162";14.9330086628853;13.1361549828418;16.724911805339
2020-03-15;"16";"162";14.9330086628853;13.1361549828418;16.724911805339
2020-03-22;"16";"162";14.5163507111063;11.676868263442;17.3674558526818
2020-03-29;"16";"162";14.2703260454777;11.6128082824711;16.964656638771
2020-04-05;"16";"162";12.2342355061701;9.81384252786729;14.8742859276586
2020-04-12;"16";"162";14.8179315125459;11.9329667444352;17.7490107149246
2020-04-19;"16";"162";13.6921978239869;10.8378517470446;16.6151401456051
2020-04-26;"16";"162";14.6689494802135;11.774043693299;17.6083431195206
2020-05-03;"16";"162";14.7930984922923;11.7912914988109;17.7972217104611
2020-05-10;"16";"162";12.9048098165166;10.3840542882329;15.6065903941
2020-05-17;"16";"162";11.7242408697612;9.23835591037384;14.3989492463421
2020-05-24;"16";"162";12.335104520382;9.92983352064792;14.8801722870251
2020-05-31;"16";"162";10.8169954068285;8.44230431532183;13.4001819985091
2020-06-07;"16";"162";11.5598192810343;8.99071516941017;14.3218471129697
2020-06-14;"16";"162";10.6937613673266;8.25653809057073;13.3807895471327
2020-06-21;"16";"162";9.81648073426538;7.45055670953038;12.4221143595448
2020-06-28;"16";"162";12.7987779555205;10.2855504665233;15.502550087703
2020-07-05;"16";"162";11.2142082771992;8.66381715685088;14.0384618239622
2020-07-12;"16";"162";10.5866897254366;8.27418302660658;13.1295864267991
2020-07-19;"16";"162";9.78601343279926;5.89927598462872;14.9066764119837
2020-07-26;"16";"162";9.33854338051992;6.37940520098803;13.296238190798
2020-08-02;"16";"162";11.6453691624961;3.00214079981121;21.2980343941162
2020-08-09;"16";"162";7.22126638713995;2.7908932184357;13.7671885709082
2020-03-08;"16";"163";14.6536184019812;12.8937191060806;16.4292041814984
2020-03-15;"16";"163";14.6536184019812;12.8937191060806;16.4292041814984
2020-03-22;"16";"163";13.2053109319637;10.8780029019123;15.7092846156342
2020-03-29;"16";"163";12.3322531333168;10.2247914055527;14.6111050248329
2020-04-05;"16";"163";11.5131628350018;9.32132683132023;13.9047214119241
2020-04-12;"16";"163";12.0965216995207;9.70280367364397;14.6471877433122
2020-04-19;"16";"163";11.79001602781;9.50258275436643;14.2746226059845
2020-04-26;"16";"163";11.1960615462843;8.79615164750684;13.8102149470221
2020-05-03;"16";"163";13.4103381735536;10.6926290798565;16.2264525024264
2020-05-10;"16";"163";13.3363698824748;10.6552699401267;16.131075952402
2020-05-17;"16";"163";10.3913053317703;8.31801978032043;12.7095526497313
2020-05-24;"16";"163";11.9373814027959;9.9482845989043;14.044942676556
2020-05-31;"16";"163";9.35264427531075;7.8871166247615;11.047463300697
2020-06-07;"16";"163";8.2411866784859;6.87020678860165;9.7733576348456
2020-06-14;"16";"163";7.27822204494105;5.86014869887257;8.91379749232411
2020-06-21;"16";"163";7.65018577912631;6.05582014390416;9.43877622022745
2020-06-28;"16";"163";7.60492151355376;6.10804783455902;9.31711301223648
2020-07-05;"16";"163";6.19301056116058;5.006895778449;7.54315163657497
2020-07-12;"16";"163";6.08871518170062;4.8450685147374;7.51133463151658
2020-07-19;"16";"163";5.80092518262658;4.09928989779636;8.84408483548403
2020-07-26;"16";"163";6.92605228484986;4.57841904648929;10.4808244722329
2020-08-02;"16";"163";4.36400836472859;2.3611065952779;9.91093366854475
2020-08-09;"16";"163";4.70594293202922;2.67641850399422;9.49069806984046
2020-03-08;"8";"081";13.6668139589015;12.1910894195418;15.1819616576555
2020-03-15;"8";"081";13.6668139589015;12.1910894195418;15.1819616576555
2020-03-22;"8";"081";9.75558414892112;8.72354779967572;10.8969437903713
2020-03-29;"8";"081";8.79392168726911;7.67920956359022;10.0348535846445
2020-04-05;"8";"081";7.97681131078043;6.79309426697642;9.29092767762017
2020-04-12;"8";"081";7.96091961692524;6.60146595936459;9.4927523771943
2020-04-19;"8";"081";6.60710409162364;5.36927206558127;8.05079806468885
2020-04-26;"8";"081";8.31344101082065;6.65906271564355;10.1810614007429
2020-05-03;"8";"081";9.64604016717175;7.99777807571524;11.4479939916739
2020-05-10;"8";"081";7.12695913452444;6.01610082099511;8.37550787993701
2020-05-17;"8";"081";8.34868463084777;6.99577106785385;9.83227475080643
2020-05-24;"8";"081";5.67657429014565;5.06911157017559;6.36482719444248
2020-05-31;"8";"081";4.89964496114631;4.4206963218447;5.4334768909739
2020-06-07;"8";"081";5.41807206928583;4.95039619604738;5.95309918003359
2020-06-14;"8";"081";4.46948551733404;4.20460904388962;4.76260650351474
2020-06-21;"8";"081";4.12439391374087;3.89359136309486;4.37771761147548
2020-06-28;"8";"081";4.26611800297189;3.95818307739186;4.60620679559085
2020-07-05;"8";"081";4.27471260702809;3.93559694372586;4.6484299103573
2020-07-12;"8";"081";4.47574178759976;4.12295509981135;4.86756727652945
2020-07-19;"8";"081";5.10805927796473;4.40083377968835;6.6557046506398
2020-07-26;"8";"081";6.71073027896227;5.13325269939508;9.17610658505412
2020-08-02;"8";"081";4.40888962781158;3.655510859001;8.12947822407092
2020-08-09;"8";"081";4.45379210984579;2.81890259573933;8.84648763441279
2020-03-08;"8";"082";14.8333037670078;13.0401713440976;16.6445301624318
2020-03-15;"8";"082";14.8333037670078;13.0401713440976;16.6445301624318
2020-03-22;"8";"082";14.4122192284045;11.7243493192838;17.1515874553668
2020-03-29;"8";"082";14.5216860582283;11.8084981819038;17.271802362422
2020-04-05;"8";"082";14.3012464412795;11.4191299235975;17.1767938821092
2020-04-12;"8";"082";14.7624584929936;11.9363520374912;17.6276936857215
2020-04-19;"8";"082";14.7255930541108;11.8375893906962;17.686885569617
2020-04-26;"8";"082";14.6129994348759;11.7048863051606;17.565517748221
2020-05-03;"8";"082";13.6936031808147;11.1104606285251;16.4100761900061
2020-05-10;"8";"082";12.2079450760049;9.60190815378622;14.9857476683689
2020-05-17;"8";"082";11.5877397347406;9.32931966184767;14.0896600022631
2020-05-24;"8";"082";10.4358393114838;8.34861324151263;12.7438833489723
2020-05-31;"8";"082";8.82031706244855;7.09449267713587;10.7815434127633
2020-06-07;"8";"082";9.12792296188144;7.25964384933948;11.2251547390621
2020-06-14;"8";"082";8.62562328577962;6.90649442647135;10.6147448735555
2020-06-21;"8";"082";5.67371087446047;4.73047585828893;6.76969933463751
2020-06-28;"8";"082";6.35490138262531;5.32576344668721;7.54905058290565
2020-07-05;"8";"082";7.38986755430485;6.09786533246082;8.92013521348841
2020-07-12;"8";"082";6.73544418972043;5.45879032260033;8.24222341056112
2020-07-19;"8";"082";5.92739608549231;4.4350619535274;8.63643910159083
2020-07-26;"8";"082";6.99611134942086;4.39665531607881;10.940773091402
2020-08-02;"8";"082";3.74817985617349;2.18996716463025;9.50300213401996
2020-08-09;"8";"082";6.89664610634443;2.20226273609381;15.7731851306219
2020-03-08;"8";"083";14.6812356237523;12.9483883272335;16.4227345091319
2020-03-15;"8";"083";14.6812356237523;12.9483883272335;16.4227345091319
2020-03-22;"8";"083";13.2456135707433;10.7576782490942;15.8608975406419
2020-03-29;"8";"083";12.2829953536382;9.98831483377646;14.672579420186
2020-04-05;"8";"083";12.8494979271991;10.4044361841908;15.4405636427792
2020-04-12;"8";"083";12.5708059133282;10.0606059494767;15.2693862216252
2020-04-19;"8";"083";12.1088498410616;9.6072948293363;14.7854079344027
2020-04-26;"8";"083";11.8286819326819;9.1981336985006;14.6069297153197
2020-05-03;"8";"083";11.9498332735278;9.64662410929266;14.4419593284499
2020-05-10;"8";"083";8.34833754529959;7.08464048145248;9.7701171251673
2020-05-17;"8";"083";6.46457814936328;5.52206110343418;7.54289414595351
2020-05-24;"8";"083";6.86449797132999;6.10178168910105;7.72347947310775
2020-05-31;"8";"083";5.15275492318249;4.48524419438737;5.92083210211039
2020-06-07;"8";"083";5.99710791142204;5.22374036498119;6.86904179426149
2020-06-14;"8";"083";5.9092246749649;5.25624313045601;6.63716921539567
2020-06-21;"8";"083";4.71786824602768;4.24116647732543;5.25685259238212
2020-06-28;"8";"083";4.44198618810688;3.97101520712271;4.97377196397867
2020-07-05;"8";"083";4.78866563756914;4.24891992431642;5.40284657090947
2020-07-12;"8";"083";4.41551131979906;3.85022902126275;5.06714812119798
2020-07-19;"8";"083";5.07980010523932;3.89022536041956;7.55731086421989
2020-07-26;"8";"083";6.35976051493267;4.44271598010025;9.3762815073022
2020-08-02;"8";"083";3.93435204843713;2.82535127346437;7.63656393976182
2020-08-09;"8";"083";4.92050078017225;2.00116168019774;10.8835059856063
2020-03-08;"9";"091";16.6376602479728;15.0651484709037;18.2113562912525
2020-03-15;"9";"091";16.6376602479728;15.0651484709037;18.2113562912525
2020-03-22;"9";"091";18.8413882255533;17.648549961318;20.014829409163
2020-03-29;"9";"091";17.1876293390567;16.1153357821014;18.2719951162915
2020-04-05;"9";"091";15.9360916088758;14.8565726867911;17.0121747841933
2020-04-12;"9";"091";14.0920355965123;13.1377088804941;15.0551398610551
2020-04-19;"9";"091";11.1477564888545;10.1971339396344;12.18981951562
2020-04-26;"9";"091";8.77871238489719;7.53757717498669;10.1721043936255
2020-05-03;"9";"091";10.114799542435;8.61673309771794;11.7536443405076
2020-05-10;"9";"091";7.12017647122203;6.08421639848798;8.3013788624112
2020-05-17;"9";"091";7.31226330293821;6.31274678142587;8.42312425102338
2020-05-24;"9";"091";6.40598881166818;5.726470775183;7.1584026349122
2020-05-31;"9";"091";5.76150174276964;5.15454194789034;6.45264636580768
2020-06-07;"9";"091";6.22624747601369;5.44050122166829;7.11991601633048
2020-06-14;"9";"091";5.76901742781655;5.01423700904815;6.64521260902136
2020-06-21;"9";"091";5.82869720603655;4.93247650998923;6.87375037577787
2020-06-28;"9";"091";6.23027120942647;5.40007559030064;7.17046102771433
2020-07-05;"9";"091";6.30153407389979;5.39250237875548;7.34156390426911
2020-07-12;"9";"091";7.23245490475902;6.17548934310289;8.43794347794278
2020-07-19;"9";"091";6.76707181921245;5.3345305125409;9.30045416451614
2020-07-26;"9";"091";7.84366889407023;5.68732009562799;11.2481087347853
2020-08-02;"9";"091";5.67050764471261;3.60255589392014;10.2198318429165
2020-08-09;"9";"091";7.46791122601412;3.15553326277975;14.975303590521
2020-03-08;"9";"092";15.3427184942351;13.5345579199762;17.1673518463561
2020-03-15;"9";"092";15.3427184942351;13.5345579199762;17.1673518463561
2020-03-22;"9";"092";15.9800546386483;13.2593686051076;18.6847301661809
2020-03-29;"9";"092";12.7424742833091;10.6678893461163;14.9563166203197
2020-04-05;"9";"092";15.5394911820805;13.2584611084901;17.8333869149611
2020-04-12;"9";"092";14.3697493349736;12.3148547514307;16.4662380192244
2020-04-19;"9";"092";12.2001447645462;10.7951522499776;13.7424701304543
2020-04-26;"9";"092";9.33640329395083;7.86487358223976;11.0042486927226
2020-05-03;"9";"092";9.77410152602791;8.12291185079376;11.6005080736345
2020-05-10;"9";"092";10.0291678563127;8.2657012121138;11.963112318234
2020-05-17;"9";"092";9.596310480713;8.07908514466814;11.2895973977799
2020-05-24;"9";"092";9.13145253308947;7.93525946962049;10.4554221329074
2020-05-31;"9";"092";9.04390076664125;7.66191817116089;10.5552730913964
2020-06-07;"9";"092";7.65773503302042;6.63720694422818;8.79807602909801
2020-06-14;"9";"092";6.39987267153809;5.48663470709835;7.46917240477802
2020-06-21;"9";"092";7.83881201521671;6.61838798744026;9.24004405432109
2020-06-28;"9";"092";8.09619494626984;6.82911114154101;9.52458849393962
2020-07-05;"9";"092";7.42930986378061;6.08619042926559;8.99159405684293
2020-07-12;"9";"092";8.23967703306273;6.80611176265028;9.91584318727594
2020-07-19;"9";"092";7.58928359847484;5.89171431102735;10.3469997729563
2020-07-26;"9";"092";8.47983453338725;6.06654092499538;12.064580868334
2020-08-02;"9";"092";6.34231146129946;4.40898606945414;11.8566871730096
2020-08-09;"9";"092";7.85646762893385;4.2184000235634;14.4931378012008
2020-03-08;"14";"141";14.9730497539585;13.1797439655146;16.7703893123396
2020-03-15;"14";"141";14.9730497539585;13.1797439655146;16.7703893123396
2020-03-22;"14";"141";15.2952530993972;13.2926792269644;17.3567446255407
2020-03-29;"14";"141";12.9538681087384;11.0308432255112;15.0581252088759
2020-04-05;"14";"141";17.4237807155924;14.9197069283204;19.9112128531598
2020-04-12;"14";"141";19.2997625353711;16.6265337163219;21.8899793188202
2020-04-19;"14";"141";16.5417935464835;13.575515390748;19.4981298708577
2020-04-26;"14";"141";13.9897234897379;11.2849458633951;16.8077412319491
2020-05-03;"14";"141";12.9817112852203;10.2716742595045;15.8379481207442
2020-05-10;"14";"141";13.4245017285297;10.6661491154204;16.2942497144736
2020-05-17;"14";"141";11.0470027079677;9.08727446737006;13.1891243322968
2020-05-24;"14";"141";7.73800057752142;6.28236630787019;9.39178383388429
2020-05-31;"14";"141";8.34257735209108;6.78416595452363;10.0802340906939
2020-06-07;"14";"141";7.48008449535478;5.98250667059808;9.18301482945336
2020-06-14;"14";"141";6.80300485666841;5.58918875214034;8.18411750809434
2020-06-21;"14";"141";7.19201912814288;5.77504822349171;8.83520748329792
2020-06-28;"14";"141";7.40656237396751;5.79430939108005;9.27153092023049
2020-07-05;"14";"141";8.3183009551688;6.62129854588645;10.2737698105468
2020-07-12;"14";"141";7.46749108928816;5.97122786130895;9.21871627798345
2020-07-19;"14";"141";5.42293011884566;3.74371041182385;8.39722337363662
2020-07-26;"14";"141";7.23797430669678;4.55352944815925;10.982774294482
2020-08-02;"14";"141";3.90163785087071;2.17213006473659;10.0237036356665
2020-08-09;"14";"141";6.85440037113683;3.04298094251957;13.8275485904154
2020-03-08;"14";"142";15.0600038723569;13.2857340251392;16.8576904180037
2020-03-15;"14";"142";15.0600038723569;13.2857340251392;16.8576904180037
2020-03-22;"14";"142";15.4443478820617;12.9133714150879;18.019389255805
2020-03-29;"14";"142";14.791840664133;12.3995242143817;17.2738751903714
2020-04-05;"14";"142";16.1470520371548;13.3224703945388;18.9882353630841
2020-04-12;"14";"142";16.3794581808674;13.5237525860604;19.2051276821544
2020-04-19;"14";"142";12.9133063712465;10.409226586603;15.5787062690631
2020-04-26;"14";"142";13.8811188442448;11.0475938014855;16.7986620303453
2020-05-03;"14";"142";13.4553120650128;10.5965250289244;16.4137059549645
2020-05-10;"14";"142";13.8682120071418;11.0351381406878;16.8012410455799
2020-05-17;"14";"142";12.5703729653638;9.91825207617165;15.3689907064041
2020-05-24;"14";"142";10.3461396831058;8.25770975062465;12.6340924126449
2020-05-31;"14";"142";11.2595879224418;8.93937113506625;13.8062590595101
2020-06-07;"14";"142";9.69996881490984;7.67889695418422;11.9645345256249
2020-06-14;"14";"142";11.0158279606022;8.64567773955932;13.5926104642213
2020-06-21;"14";"142";11.288265548903;8.82668698452909;13.9185574279859
2020-06-28;"14";"142";11.3743165971548;8.96419537381691;13.9664816974975
2020-07-05;"14";"142";11.7761916818971;9.00498966188173;14.7278907656888
2020-07-12;"14";"142";12.5039136605084;9.77903253340222;15.3661111065319
2020-07-19;"14";"142";9.10491562842374;5.8316737604561;13.4465893696429
2020-07-26;"14";"142";10.9734960440878;6.70414974526714;15.6929676281809
2020-08-02;"14";"142";8.14312964646666;3.63521202563913;16.0218408229985
2020-08-09;"14";"142";8.84209714428938;3.34305854011921;16.3885078533318
2020-03-08;"10";"101";15.1361170544159;13.3578439125778;16.9262338016596
2020-03-15;"10";"101";15.1361170544159;13.3578439125778;16.9262338016596
2020-03-22;"10";"101";13.9789451802804;11.7326105743504;16.2827353690565
2020-03-29;"10";"101";14.5898708962927;12.5113867032898;16.7355190655228
2020-04-05;"10";"101";12.5260151793441;10.3630385624955;14.8315729177432
2020-04-12;"10";"101";12.8966699415656;10.4357167452405;15.5244925984963
2020-04-19;"10";"101";13.6255288917465;10.7600292917131;16.5902347242756
2020-04-26;"10";"101";14.6483961719284;11.6623937826382;17.7046349870476
2020-05-03;"10";"101";15.6620894145393;12.6532785270898;18.6469156194433
2020-05-10;"10";"101";13.0388243794309;10.3865190801715;15.8794882538961
2020-05-17;"10";"101";11.5567323994354;9.38631274198323;13.9109738436206
2020-05-24;"10";"101";8.35062778243003;6.85430172514754;10.005489680208
2020-05-31;"10";"101";9.75691250061763;8.21283042717953;11.4590720180096
2020-06-07;"10";"101";8.35765021913489;7.07906472148122;9.79987865052115
2020-06-14;"10";"101";8.39447431574225;7.16848767160452;9.77537127167491
2020-06-21;"10";"101";6.5003247608004;5.693492550546;7.42031778606021
2020-06-28;"10";"101";6.67024729395641;5.91445096310242;7.53734887296349
2020-07-05;"10";"101";5.47716362706387;4.9703185687152;6.05660653555313
2020-07-12;"10";"101";5.58976201307472;5.08773454258743;6.15530161108622
2020-07-19;"10";"101";5.93112346305557;5.01617844032299;7.90185354055667
2020-07-26;"10";"101";5.98145490056429;4.22214080553303;8.86398126138197
2020-08-02;"10";"101";4.93837481381446;3.67411606968374;8.81089294225684
2020-08-09;"10";"101";4.17415284438121;2.55754960400031;9.22074227464502
2020-03-08;"10";"102";14.9532812904511;13.1434275169095;16.7659085387775
2020-03-15;"10";"102";14.9532812904511;13.1434275169095;16.7659085387775
2020-03-22;"10";"102";14.6714858320964;11.821782256928;17.4962840677434
2020-03-29;"10";"102";14.3050898580453;11.438418439129;17.1864329033501
2020-04-05;"10";"102";13.3613047558677;10.6288026361868;16.2254873178217
2020-04-12;"10";"102";13.8475576019374;11.045972238307;16.7221751535055
2020-04-19;"10";"102";13.4411337315398;10.6076894185711;16.3903018888291
2020-04-26;"10";"102";13.8395634507677;10.8028045073534;16.9357983232879
2020-05-03;"10";"102";12.3577766893608;10.1460116200508;14.7251207732871
2020-05-10;"10";"102";9.81016691190173;7.53184680674542;12.3530204887862
2020-05-17;"10";"102";9.86376615869231;7.8753622287277;12.0924463320228
2020-05-24;"10";"102";10.2645921222839;7.83635707413162;12.9011666402523
2020-05-31;"10";"102";12.3560940040343;9.79978036268542;15.0387490073165
2020-06-07;"10";"102";12.9608391656709;10.1463434354165;15.8873439066033
2020-06-14;"10";"102";12.146191412566;9.48539268656493;14.9667818262456
2020-06-21;"10";"102";13.2601111765331;10.4206605172417;16.2319942287537
2020-06-28;"10";"102";10.4476940301264;8.11153041064871;13.0051255281866
2020-07-05;"10";"102";13.171052952373;10.1982713538267;16.2758027849997
2020-07-12;"10";"102";12.1630755214815;9.27439854473677;15.267542906374
2020-07-19;"10";"102";10.3253076665881;5.87767535131419;15.7715391908784
2020-07-26;"10";"102";9.9407531796788;5.62232015761712;15.4993560500058
2020-08-02;"10";"102";7.98031844325239;1.98373392525496;17.6382105007695
2020-08-09;"10";"102";10.7599303505645;2.54054775588133;21.3878241069735
2020-03-08;"10";"103";15.9957175830947;14.0656676659462;17.8997622028073
2020-03-15;"10";"103";15.9957175830947;14.0656676659462;17.8997622028073
2020-03-22;"10";"103";20.3466183518704;18.2180384465276;22.3776468955415
2020-03-29;"10";"103";25.1244353518195;23.6324471101795;26.4113965733187
2020-04-05;"10";"103";23.4892240739486;22.1238421723475;24.6786263822787
2020-04-12;"10";"103";18.208061383003;16.4698664992971;19.8220641402905
2020-04-19;"10";"103";15.0350995120229;13.3225106287498;16.7735107724467
2020-04-26;"10";"103";11.5797530195651;9.825525289938;13.4934001069374
2020-05-03;"10";"103";10.2013615875819;8.11718520590726;12.5056577521531
2020-05-10;"10";"103";11.5608215126445;9.35294958842821;13.9544378871287
2020-05-17;"10";"103";9.99019956467835;7.84453253859867;12.3642440380896
2020-05-24;"10";"103";10.5115752984246;8.77767234521302;12.4657295509182
2020-05-31;"10";"103";7.33983525559081;5.93993842008487;8.95549971158734
2020-06-07;"10";"103";8.28052672637201;6.58484686129613;10.2199181665101
2020-06-14;"10";"103";8.41996893152466;6.77170666133921;10.3132777635262
2020-06-21;"10";"103";9.04174390053816;7.00901995730734;11.3183605200731
2020-06-28;"10";"103";10.5025663568641;8.30960708221499;12.9206192323007
2020-07-05;"10";"103";8.34495523497233;6.56368844960177;10.3554390496253
2020-07-12;"10";"103";8.84374074351082;7.23832661838404;10.6301984689454
2020-07-19;"10";"103";7.582733164446;5.93018405692142;10.3167712078239
2020-07-26;"10";"103";9.57747408931071;6.67895192755844;13.3643456993745
2020-08-02;"10";"103";5.79080050909141;3.85675110233557;10.648678204839
2020-08-09;"10";"103";6.87518417311421;3.29905540721773;13.431919890259
2020-03-08;"10";"104";14.9833258953595;13.1675963255195;16.8080551990249
2020-03-15;"10";"104";14.9833258953595;13.1675963255195;16.8080551990249
2020-03-22;"10";"104";15.0128375687118;12.1429695027562;17.9022043810212
2020-03-29;"10";"104";14.7818417493188;12.1688655595892;17.4055901048729
2020-04-05;"10";"104";15.0265209642549;12.1095406068704;17.9696019970427
2020-04-12;"10";"104";14.9790523688125;12.0880380152692;17.895423348084
2020-04-19;"10";"104";14.9460850073844;11.963897832063;17.8514871845854
2020-04-26;"10";"104";15.0593495361627;12.216252803271;18.0010262965893
2020-05-03;"10";"104";14.9365884492834;11.9857120680516;17.893492426697
2020-05-10;"10";"104";15.0249344516046;12.1337363730552;17.8692614653848
2020-05-17;"10";"104";14.5755022029185;11.7185310795125;17.4688222598475
2020-05-24;"10";"104";15.0045387689347;12.1117296630206;17.9212472397486
2020-05-31;"10";"104";14.637980332719;11.711098819653;17.5334678864004
2020-06-07;"10";"104";14.9566732626082;12.0980536711128;17.7881444330485
2020-06-14;"10";"104";14.5783481883883;11.6325039514439;17.5106798325799
2020-06-21;"10";"104";14.5515624942403;11.6491327750387;17.4745740127637
2020-06-28;"10";"104";14.9916044089646;12.0870227799819;17.9359263821054
2020-07-05;"10";"104";13.5249664463887;10.5945883163088;16.5545645523874
2020-07-12;"10";"104";12.386463236731;9.69963954149063;15.229898327437
2020-07-19;"10";"104";10.4647725577956;6.61698710645547;15.3604155392822
2020-07-26;"10";"104";13.861689276906;9.15766789235358;18.8311188931964
2020-08-02;"10";"104";8.41980574579932;2.83906149479477;17.9234142270033
2020-08-09;"10";"104";13.7142434887684;6.90125228517864;22.4617738227832
2020-03-08;"11";"111";14.956928943816;13.1843634604704;16.7524653125916
2020-03-15;"11";"111";14.956928943816;13.1843634604704;16.7524653125916
2020-03-22;"11";"111";14.9308452983937;12.0638026597359;17.7755134713092
2020-03-29;"11";"111";14.9963421606748;12.115191595304;17.9148499848913
2020-04-05;"11";"111";14.6646955970164;11.7863458586837;17.5517016099807
2020-04-12;"11";"111";15.014421019955;12.0666044231355;17.9370776103164
2020-04-19;"11";"111";14.969787638555;12.0636149901069;17.85848681042
2020-04-26;"11";"111";14.9675312835179;12.0449609632853;17.8909770810259
2020-05-03;"11";"111";14.9741776419227;12.0945920932852;17.8731711465677
2020-05-10;"11";"111";14.5359224606126;11.6631664729849;17.4097810703032
2020-05-17;"11";"111";14.8748349571446;11.9426257126907;17.8001024087323
2020-05-24;"11";"111";14.3030778548064;11.6062475606921;17.0390177134854
2020-05-31;"11";"111";14.1271639625693;11.3403981357458;16.9589004566914
2020-06-07;"11";"111";13.8203129511713;10.9700318038247;16.7163934188799
2020-06-14;"11";"111";14.0398904003409;11.2147104741224;16.9551086034262
2020-06-21;"11";"111";13.7835750032761;11.0486071132485;16.620982096287
2020-06-28;"11";"111";12.55156288357;9.80899677513734;15.408691189266
2020-07-05;"11";"111";14.4366503658999;11.4059401716124;17.4807282216615
2020-07-12;"11";"111";13.8581003295494;10.8871707551679;16.9130504132416
2020-07-19;"11";"111";12.5891115388973;7.75744951578812;17.8409634426827
2020-07-26;"11";"111";13.8685408673012;9.34782187058811;18.7115647419167
2020-08-02;"11";"111";10.0381946504833;3.42830819413687;18.6922848735385
2020-08-09;"11";"111";13.2124534630181;5.90108270365772;21.4556597892423
2020-03-08;"11";"112";14.9365920416852;13.1573659173247;16.7158452882384
2020-03-15;"11";"112";14.9365920416852;13.1573659173247;16.7158452882384
2020-03-22;"11";"112";14.9640126279025;12.1435847148753;17.839726329524
2020-03-29;"11";"112";15.0111190342474;12.1485306634324;17.8568714840102
2020-04-05;"11";"112";15.0246760709422;12.1395962844068;17.9400256540036
2020-04-12;"11";"112";15.0093085158191;12.1463399000913;17.9402129265198
2020-04-19;"11";"112";14.9506906495211;12.0004715608979;17.8646852784099
2020-04-26;"11";"112";14.976012020298;12.0956352366201;17.8461478438251
2020-05-03;"11";"112";14.9656695816559;12.1293028592959;17.7995502819479
2020-05-10;"11";"112";14.9493656101592;12.0436543485237;17.8596926930091
2020-05-17;"11";"112";14.8910041402072;12.0414121983546;17.7787995742392
2020-05-24;"11";"112";14.738201990742;11.8021749760573;17.6816240766059
2020-05-31;"11";"112";14.3242438699443;11.4613637354953;17.165689527903
2020-06-07;"11";"112";14.8692844032963;11.9467696994097;17.792680240857
2020-06-14;"11";"112";13.8977512092846;10.9545217306427;16.8926266584537
2020-06-21;"11";"112";13.946720012872;11.2651312320951;16.7315986042915
2020-06-28;"11";"112";13.3049126581997;10.3051802848529;16.3416927510446
2020-07-05;"11";"112";13.2271148224718;10.2179015781811;16.3325076715608
2020-07-12;"11";"112";11.3664831218656;8.72850878802721;14.2162181509526
2020-07-19;"11";"112";9.3718559092373;5.88049355902778;14.3266362162493
2020-07-26;"11";"112";10.0641848262125;6.04517292340472;15.3305383175098
2020-08-02;"11";"112";8.78554051111708;3.09430234623342;20.0784473014818
2020-08-09;"11";"112";8.79036027192602;2.87352344082839;18.2489552492441
2020-03-08;"11";"114";15.0008031303229;13.2173524686367;16.8035340937353
2020-03-15;"11";"114";15.0008031303229;13.2173524686367;16.8035340937353
2020-03-22;"11";"114";14.9715653673299;12.0541198617245;17.836306852296
2020-03-29;"11";"114";15.0057377496993;12.0705473355193;17.8963220479486
2020-04-05;"11";"114";14.7108093825203;11.8018305825596;17.6086033163375
2020-04-12;"11";"114";15.0077179461544;12.1013635912365;17.9161141435635
2020-04-19;"11";"114";14.9328020563007;12.0615421086607;17.8577062091057
2020-04-26;"11";"114";14.988799850729;12.1194180532307;17.841561374054
2020-05-03;"11";"114";14.9785489742818;12.0961210275427;17.9148667751484
2020-05-10;"11";"114";14.9843238953948;12.1276473243085;17.8683996266881
2020-05-17;"11";"114";15.0114894254379;12.0683813129177;17.8978815688548
2020-05-24;"11";"114";14.9936585580734;12.0753152860526;17.9481011030415
2020-05-31;"11";"114";15.0221964189701;12.1579958645108;17.8902254523699
2020-06-07;"11";"114";14.9892097499539;12.0885408061036;17.8643863313017
2020-06-14;"11";"114";14.9998289545398;12.1118118168083;17.9057050505452
2020-06-21;"11";"114";14.9788252928345;12.0861909269755;17.9045858430424
2020-06-28;"11";"114";14.9985159732288;12.0550487309921;17.876892933215
2020-07-05;"11";"114";14.9744527401206;11.8999136809145;18.0171006711289
2020-07-12;"11";"114";14.9394323815315;11.987189104369;17.9270915092369
2020-07-19;"11";"114";15.1962126811874;9.85098456661963;20.2899493719075
2020-07-26;"11";"114";14.3693678504555;9.55738334742409;19.6818650873239
2020-08-02;"11";"114";15.7189729572007;7.1934396057821;23.5907414682454
2020-08-09;"11";"114";13.240142487565;4.66351587843921;23.6730092540965
2020-03-08;"12";"121";15.0303674295918;13.2867614124905;16.7927266962605
2020-03-15;"12";"121";15.0303674295918;13.2867614124905;16.7927266962605
2020-03-22;"12";"121";15.1194359688817;13.3985010980153;16.9309058760114
2020-03-29;"12";"121";15.5659828593638;13.98430098776;17.1957138930144
2020-04-05;"12";"121";10.2318734901201;8.99871191893901;11.5777015133053
2020-04-12;"12";"121";9.23110729812189;8.07222306376632;10.5045254973055
2020-04-19;"12";"121";8.18664973539294;6.98906534965026;9.49938481722013
2020-04-26;"12";"121";12.7660019363518;11.0046272306132;14.631699546194
2020-05-03;"12";"121";7.16936881969947;6.11075817084023;8.3886449191188
2020-05-10;"12";"121";8.05172601074798;6.58666483599647;9.68759996709635
2020-05-17;"12";"121";8.93240083329857;7.3461842536781;10.7201917087536
2020-05-24;"12";"121";8.80290517837579;7.2509273706672;10.53900983641
2020-05-31;"12";"121";9.12300623884905;7.04312166490979;11.4419002261608
2020-06-07;"12";"121";9.36699794467941;7.52007045574409;11.445951769169
2020-06-14;"12";"121";4.44995553268312;3.46269093126942;5.60074177682173
2020-06-21;"12";"121";5.78405725631913;4.49860824931681;7.26976253119049
2020-06-28;"12";"121";6.67294915959958;5.19961888996257;8.34991078505752
2020-07-05;"12";"121";7.49264551323513;5.76926090598788;9.48705125996911
2020-07-12;"12";"121";6.58070614645501;5.15156032048905;8.19248478273167
2020-07-19;"12";"121";7.89966061795857;5.63195867242941;11.8327845212846
2020-07-26;"12";"121";7.80235404428905;5.74053260676067;10.883248659413
2020-08-02;"12";"121";7.47649543440482;3.75421607947396;15.0318815378483
2020-08-09;"12";"121";5.15884919073937;2.77211052735288;10.2006773151414
2020-03-08;"12";"122";15.0237416256276;13.2494217416022;16.7913350421573
2020-03-15;"12";"122";15.0237416256276;13.2494217416022;16.7913350421573
2020-03-22;"12";"122";14.896663849341;12.2421170232534;17.6091357487121
2020-03-29;"12";"122";15.7597304132933;12.9908310290282;18.5841714020372
2020-04-05;"12";"122";15.3846013334484;12.4748584164645;18.3207493690091
2020-04-12;"12";"122";15.8867929480132;13.1964084858209;18.5432361335366
2020-04-19;"12";"122";15.0483721469969;12.1286157760992;17.9562982892669
2020-04-26;"12";"122";15.1746732206599;12.2660474849399;18.0342582131182
2020-05-03;"12";"122";15.0224524751827;12.1081117429441;17.9231138507895
2020-05-10;"12";"122";15.406815016086;12.3818795603832;18.3915240605881
2020-05-17;"12";"122";14.9786566399935;12.1004505234563;17.9269040786019
2020-05-24;"12";"122";14.6842281354548;11.7366661618415;17.5967195887249
2020-05-31;"12";"122";14.9888568299088;12.0624710243842;17.9122473312536
2020-06-07;"12";"122";15.0244785695666;12.1179621400518;17.9302029264525
2020-06-14;"12";"122";14.9648777889147;12.0755326220371;17.8848256264877
2020-06-21;"12";"122";14.9961308005876;12.0917629245458;17.8942591202096
2020-06-28;"12";"122";14.7079304146233;11.7858288681969;17.5902956012691
2020-07-05;"12";"122";15.1042697833691;12.1282370670041;18.0763708803463
2020-07-12;"12";"122";15.0579341665935;11.9922502252736;18.1333383883377
2020-07-19;"12";"122";15.924022661904;11.3520575564287;20.1632244527744
2020-07-26;"12";"122";15.7026755689429;10.8253641598646;20.6079116881486
2020-08-02;"12";"122";17.1674954991541;10.6657097367906;23.5713092020209
2020-08-09;"12";"122";16.6419616777559;8.1901806749269;24.1531505299828
2020-03-08;"12";"123";14.9822224876608;13.1512703509273;16.8025494720444
2020-03-15;"12";"123";14.9822224876608;13.1512703509273;16.8025494720444
2020-03-22;"12";"123";15.0407466481341;12.0611181584942;17.9390288198822
2020-03-29;"12";"123";14.7028817576624;11.8429316810865;17.602874261972
2020-04-05;"12";"123";15.3205957897286;12.3811831581472;18.3105494317866
2020-04-12;"12";"123";14.3601349969586;11.5807763479978;17.1800482259244
2020-04-19;"12";"123";14.3538825112357;11.4287906326233;17.3174153967639
2020-04-26;"12";"123";14.8651280869344;11.882929865597;17.7866231757449
2020-05-03;"12";"123";14.909484516926;11.9995233785333;17.8454932233328
2020-05-10;"12";"123";14.6089568144688;11.7280824624472;17.5042323183377
2020-05-17;"12";"123";15.0177153811284;12.0672088655461;17.9892768416003
2020-05-24;"12";"123";14.9447839851557;12.0823050272797;17.8779736499497
2020-05-31;"12";"123";14.9834813693137;12.1071622736074;17.9323921708304
2020-06-07;"12";"123";14.9970553559574;12.0629070369218;17.9198694370429
2020-06-14;"12";"123";15.0117204019521;12.1487419790986;17.9305031817833
2020-06-21;"12";"123";15.0587978709259;12.0983005264993;17.9466934838151
2020-06-28;"12";"123";15.0388559529254;12.1485690327965;17.9156413942044
2020-07-05;"12";"123";15.0738094276817;12.0670227075265;18.0233586688795
2020-07-12;"12";"123";14.9943433513952;12.0129826091209;18.0486423808346
2020-07-19;"12";"123";15.4812692176402;10.4834689417542;20.2853198354898
2020-07-26;"12";"123";15.1203278107444;10.504968330113;20.2906489805752
2020-08-02;"12";"123";15.6320072576438;8.4579563571312;22.9238542866681
2020-08-09;"12";"123";15.2499103954392;8.35422121636766;23.8704859794376
2020-03-08;"12";"124";14.9896991760887;13.1980253939268;16.785874688511
2020-03-15;"12";"124";14.9896991760887;13.1980253939268;16.785874688511
2020-03-22;"12";"124";15.2842811138613;12.4827810202009;18.0901340572979
2020-03-29;"12";"124";14.3811074793217;11.5739916010712;17.2432126364415
2020-04-05;"12";"124";14.9369592079558;12.031222069476;17.83284823727
2020-04-12;"12";"124";14.8113777544268;11.9772660708461;17.680231985743
2020-04-19;"12";"124";14.5856118396224;11.7009453290992;17.4880294005897
2020-04-26;"12";"124";14.966763525844;12.058196157127;17.9162670397098
2020-05-03;"12";"124";14.6755434338028;11.8806141784154;17.4964254115601
2020-05-10;"12";"124";14.9578855809611;12.0962513269603;17.8315607959302
2020-05-17;"12";"124";14.2630889447705;11.4912032242084;17.1237718906919
2020-05-24;"12";"124";14.6836562753961;11.920394597629;17.4766886973853
2020-05-31;"12";"124";14.8325528844421;11.9485747840949;17.7491917243306
2020-06-07;"12";"124";14.74973946434;11.8965721001833;17.6327003305019
2020-06-14;"12";"124";14.5890276690941;11.6698941031142;17.5727286079522
2020-06-21;"12";"124";13.4818060810334;10.7437217676628;16.3158006603097
2020-06-28;"12";"124";10.9563972780458;8.55264129930088;13.5784707750877
2020-07-05;"12";"124";12.5308803280507;9.68640227703513;15.5264902799838
2020-07-12;"12";"124";13.5003291949079;10.4593343946849;16.6026402541068
2020-07-19;"12";"124";13.8782874815164;9.08207372452834;19.0661883050765
2020-07-26;"12";"124";13.7162745244406;8.76626090883267;18.8316389435726
2020-08-02;"12";"124";14.1062250652205;6.06097462391107;22.5907727504007
2020-08-09;"12";"124";11.7047287828259;4.42129620614856;20.1486978408462
