fecha_notificacion;region;prop1d
2020-03-19;01;NA
2020-03-20;01;NA
2020-03-23;01;NA
2020-03-25;01;NA
2020-03-26;01;NA
2020-03-29;01;NA
2020-03-30;01;0
2020-03-31;01;0
2020-04-01;01;0.0714285714285714
2020-04-03;01;0.0714285714285714
2020-04-04;01;0.0714285714285714
2020-04-05;01;0.0714285714285714
2020-04-06;01;0.0714285714285714
2020-04-07;01;0.0714285714285714
2020-04-08;01;0.0714285714285714
2020-04-09;01;0
2020-04-11;01;0
2020-04-13;01;0
2020-04-14;01;0
2020-04-15;01;0
2020-04-16;01;0
2020-04-17;01;0
2020-04-18;01;0
2020-04-19;01;0
2020-04-20;01;0.0714285714285714
2020-04-21;01;0.153061224489796
2020-04-22;01;0.181632653061224
2020-04-23;01;0.21734693877551
2020-04-24;01;0.303061224489796
2020-04-25;01;0.374489795918367
2020-04-26;01;0.460204081632653
2020-04-27;01;0.470408163265306
2020-04-28;01;0.436394557823129
2020-04-29;01;0.422108843537415
2020-04-30;01;0.400680272108843
2020-05-01;01;0.347933019361591
2020-05-02;01;0.347933019361591
2020-05-03;01;0.275824175824176
2020-05-04;01;0.194191522762951
2020-05-05;01;0.168550497121926
2020-05-06;01;0.189979068550497
2020-05-07;01;0.183212151257264
2020-05-08;01;0.160449199922884
2020-05-09;01;0.0939467368686969
2020-05-10;01;0.0803412946918262
2020-05-11;01;0.0862936756442072
2020-05-12;01;0.0836206729712045
2020-05-13;01;0.0866473073537711
2020-05-14;01;0.123771367504147
2020-05-15;01;0.161918934223142
2020-05-16;01;0.206906767328965
2020-05-17;01;0.249550690569903
2020-05-18;01;0.301089598816128
2020-05-19;01;0.350160647887177
2020-05-20;01;0.37243163255223
2020-05-21;01;0.349217346837944
2020-05-22;01;0.338528036148633
2020-05-23;01;0.29186084791518
2020-05-24;01;0.261972026715058
2020-05-25;01;0.235202703722289
2020-05-26;01;0.241768087336853
2020-05-27;01;0.263041896860662
2020-05-28;01;0.301704028379937
2020-05-29;01;0.312742989418898
2020-05-30;01;0.367281147889641
2020-05-31;01;0.415372606695385
2020-06-01;01;0.427309370648278
2020-06-02;01;0.402493231940854
2020-06-03;01;0.360260922194525
2020-06-04;01;0.353574758632527
2020-06-05;01;0.356545192454025
2020-06-06;01;0.346997757545434
2020-06-07;01;0.370896959410738
2020-06-08;01;0.396153920118518
2020-06-09;01;0.422859339128227
2020-06-10;01;0.453135604918512
2020-06-11;01;0.472617362908757
2020-06-12;01;0.458622239491142
2020-06-13;01;0.474670476967951
2020-06-14;01;0.516652824855165
2020-06-15;01;0.519485433308382
2020-06-16;01;0.523698657059421
2020-06-17;01;0.547654701015465
2020-06-18;01;0.552999696156378
2020-06-19;01;0.595909167637278
2020-06-20;01;0.62983773906585
2020-06-21;01;0.625966771323914
2020-06-22;01;0.619880126139525
2020-06-23;01;0.643463936695166
2020-06-24;01;0.612203432493486
2020-06-25;01;0.62070683385403
2020-06-26;01;0.60522021077247
2020-06-27;01;0.544042962095221
2020-06-28;01;0.474757247809507
2020-06-29;01;0.525383814225547
2020-06-30;01;0.486690113560015
2020-07-01;01;0.467362382467578
2020-07-02;01;0.444119752082091
2020-07-03;01;0.451401246958523
2020-07-04;01;0.494503582743785
2020-07-05;01;0.549775691587323
2020-07-06;01;0.496861716508781
2020-07-07;01;0.493427650574715
2020-07-08;01;0.507765885868833
2020-07-09;01;0.496751956487556
2020-07-10;01;0.452020773691858
2020-07-11;01;0.371881400869558
2020-07-12;01;0.296651308832743
2020-07-13;01;0.247032165400723
2020-07-14;01;0.234796715665273
2020-07-15;01;0.24959013303222
2020-07-16;01;0.239440041249475
2020-07-17;01;0.283218843092793
2020-07-18;01;0.364851496154017
2020-07-19;01;0.365072637242031
2020-07-20;01;0.425446786901895
2020-07-21;01;0.445575611378546
2020-07-22;01;0.406014581487137
2020-07-23;01;0.37048926024753
2020-07-24;01;0.316553400189221
2020-07-25;01;0.296545396987941
2020-07-26;01;0.313992861803827
2020-07-27;01;0.359507677899757
2020-07-28;01;0.362374376418629
2020-07-29;01;0.387141988943091
2020-07-30;01;0.474216818875064
2020-07-31;01;0.51794859730072
2020-08-01;01;0.513466804583633
2020-08-02;01;0.593763700670002
2020-08-03;01;0.509133238315569
2020-08-04;01;0.485134248799338
2020-08-05;01;0.452608738595257
2020-08-06;01;0.398831438201415
2020-08-07;01;0.351431833198123
2020-08-08;01;0.349588515225773
2020-08-09;01;0.292295282143066
2020-08-10;01;0.365424533843747
2020-08-11;01;0.425186006490882
2020-08-12;01;0.464610867344314
2020-08-13;01;0.479904202723578
2020-08-14;01;0.496967348818983
2020-08-15;01;0.501575643749858
2020-08-16;01;0.501181555079907
2020-08-17;01;0.45403869793705
2020-08-18;01;0.429049754991451
2020-08-19;01;0.440769742321194
2020-08-20;01;0.488054727743935
2020-08-21;01;0.561928601617809
2020-08-22;01;0.609163624659283
2020-08-23;01;0.652919057867049
2020-08-24;01;0.659585724533716
2020-08-25;01;0.609165556466489
2020-08-26;01;0.633039604730781
2020-08-27;01;0.643456271397448
2020-08-28;01;0.644685150045681
2020-08-29;01;0.548531303891835
2020-08-30;01;0.555884245068306
2020-08-31;01;0.596360435544496
2020-09-01;01;0.662746990166345
2020-09-02;01;0.6599622505395
2020-03-12;02;NA
2020-03-21;02;NA
2020-03-23;02;NA
2020-03-24;02;NA
2020-03-25;02;NA
2020-03-27;02;NA
2020-03-29;02;0
2020-03-30;02;0
2020-03-31;02;0.107142857142857
2020-04-01;02;0.25
2020-04-02;02;0.25
2020-04-03;02;0.392857142857143
2020-04-04;02;0.392857142857143
2020-04-05;02;0.392857142857143
2020-04-07;02;0.464285714285714
2020-04-08;02;0.392857142857143
2020-04-09;02;0.25
2020-04-10;02;0.25
2020-04-11;02;0.178571428571429
2020-04-12;02;0.202380952380952
2020-04-13;02;0.263605442176871
2020-04-14;02;0.192176870748299
2020-04-15;02;0.156462585034014
2020-04-16;02;0.156462585034014
2020-04-17;02;0.204081632653061
2020-04-18;02;0.13265306122449
2020-04-19;02;0.180272108843537
2020-04-20;02;0.19047619047619
2020-04-21;02;0.19047619047619
2020-04-22;02;0.238095238095238
2020-04-23;02;0.238095238095238
2020-04-24;02;0.226190476190476
2020-04-25;02;0.257936507936508
2020-04-26;02;0.227324263038549
2020-04-27;02;0.170181405895692
2020-04-28;02;0.205895691609977
2020-04-29;02;0.186848072562358
2020-04-30;02;0.216609977324263
2020-05-01;02;0.232843743558029
2020-05-02;02;0.246811997526283
2020-05-03;02;0.223852813852814
2020-05-04;02;0.212212602212602
2020-05-05;02;0.205069745069745
2020-05-06;02;0.195729085729086
2020-05-07;02;0.189133204133204
2020-05-08;02;0.166489181489181
2020-05-09;02;0.143816370429274
2020-05-10;02;0.178340179953083
2020-05-11;02;0.225453906842091
2020-05-12;02;0.236356162481189
2020-05-13;02;0.242471015370235
2020-05-14;02;0.238912835341467
2020-05-15;02;0.232932421197787
2020-05-16;02;0.231682714097889
2020-05-17;02;0.199143031558206
2020-05-18;02;0.171361824001718
2020-05-19;02;0.148121906024958
2020-05-20;02;0.136169141047999
2020-05-21;02;0.15992864484952
2020-05-22;02;0.174870335811619
2020-05-23;02;0.187240058940369
2020-05-24;02;0.187806952364406
2020-05-25;02;0.188385321363827
2020-05-26;02;0.176083403098606
2020-05-27;02;0.170887267267225
2020-05-28;02;0.142904535713065
2020-05-29;02;0.136952154760684
2020-05-30;02;0.121343539773187
2020-05-31;02;0.116519792092296
2020-06-01;02;0.112361669513121
2020-06-02;02;0.120647866657358
2020-06-03;02;0.13054638344112
2020-06-04;02;0.12976030820249
2020-06-05;02;0.128428450158068
2020-06-06;02;0.139775906688248
2020-06-07;02;0.139947793624841
2020-06-08;02;0.157639750790483
2020-06-09;02;0.17099489791756
2020-06-10;02;0.17617413815298
2020-06-11;02;0.188718455149851
2020-06-12;02;0.185010115296933
2020-06-13;02;0.211635990676364
2020-06-14;02;0.233193120991176
2020-06-15;02;0.235198133522505
2020-06-16;02;0.257243988901693
2020-06-17;02;0.287302843904369
2020-06-18;02;0.291215887382629
2020-06-19;02;0.311786825878096
2020-06-20;02;0.337800300812435
2020-06-21;02;0.365235069415463
2020-06-22;02;0.378697296411524
2020-06-23;02;0.365227366606933
2020-06-24;02;0.36759521282799
2020-06-25;02;0.383591466401884
2020-06-26;02;0.400509705395594
2020-06-27;02;0.375509705395594
2020-06-28;02;0.385545780083303
2020-06-29;02;0.384464505468194
2020-06-30;02;0.401252155803621
2020-07-01;02;0.395437597564423
2020-07-02;02;0.40679814178211
2020-07-03;02;0.408551732107129
2020-07-04;02;0.4190392604518
2020-07-05;02;0.408009411716033
2020-07-06;02;0.417619058149714
2020-07-07;02;0.405897976274341
2020-07-08;02;0.416817215765009
2020-07-09;02;0.420202270161299
2020-07-10;02;0.420189238128563
2020-07-11;02;0.444284857684796
2020-07-12;02;0.464339954103529
2020-07-13;02;0.468722981662522
2020-07-14;02;0.499031104911822
2020-07-15;02;0.48139071173186
2020-07-16;02;0.522667099971696
2020-07-17;02;0.541198650522951
2020-07-18;02;0.516744993014695
2020-07-19;02;0.544046580316282
2020-07-20;02;0.563410051176759
2020-07-21;02;0.566485773268874
2020-07-22;02;0.573009746636764
2020-07-23;02;0.524880660532994
2020-07-24;02;0.492907871417348
2020-07-25;02;0.499048222294541
2020-07-26;02;0.501639735090135
2020-07-27;02;0.481432849940866
2020-07-28;02;0.478861329529423
2020-07-29;02;0.496095955459701
2020-07-30;02;0.507687104037151
2020-07-31;02;0.537637462558938
2020-08-01;02;0.550562632626965
2020-08-02;02;0.535938349734084
2020-08-03;02;0.540091835946088
2020-08-04;02;0.530746504893312
2020-08-05;02;0.541516673558218
2020-08-06;02;0.559014083481091
2020-08-07;02;0.584436235409267
2020-08-08;02;0.592089296633757
2020-08-09;02;0.577426540035517
2020-08-10;02;0.573557378079532
2020-08-11;02;0.579838983642111
2020-08-12;02;0.567079812988203
2020-08-13;02;0.554474770971397
2020-08-14;02;0.528856771021286
2020-08-15;02;0.528624860075089
2020-08-16;02;0.52992356137379
2020-08-17;02;0.503428752924095
2020-08-18;02;0.50789303863838
2020-08-19;02;0.509460436757503
2020-08-20;02;0.480186432073662
2020-08-21;02;0.518582818296135
2020-08-22;02;0.470141259854576
2020-08-23;02;0.447284116997434
2020-08-24;02;0.526752267894156
2020-08-25;02;0.497794738936627
2020-08-26;02;0.502720847311011
2020-08-27;02;0.559945162553858
2020-08-28;02;0.504370106978803
2020-08-29;02;0.565798678407374
2020-08-30;02;0.61151296412166
2020-08-31;02;0.602446558828839
2020-09-01;02;0.629661927507623
2020-09-02;02;0.624370922216617
2020-03-13;03;NA
2020-03-27;03;NA
2020-04-01;03;NA
2020-04-06;03;NA
2020-04-08;03;NA
2020-04-09;03;NA
2020-04-20;03;0.142857142857143
2020-04-21;03;0.142857142857143
2020-04-22;03;0
2020-04-23;03;0.142857142857143
2020-04-24;03;0.142857142857143
2020-04-25;03;0.142857142857143
2020-04-26;03;0.142857142857143
2020-04-27;03;0.142857142857143
2020-04-28;03;0.142857142857143
2020-04-29;03;0.25
2020-04-30;03;0.25
2020-05-01;03;0.25
2020-05-02;03;0.25
2020-05-03;03;0.392857142857143
2020-05-04;03;NA
2020-05-05;03;NA
2020-05-06;03;NA
2020-05-07;03;NA
2020-05-08;03;NA
2020-05-09;03;NA
2020-05-10;03;NA
2020-05-11;03;NA
2020-05-12;03;NA
2020-05-13;03;NA
2020-05-14;03;NA
2020-05-15;03;NA
2020-05-16;03;NA
2020-05-17;03;NA
2020-05-18;03;NA
2020-05-19;03;NA
2020-05-20;03;0.779761904761905
2020-05-22;03;0.758333333333333
2020-05-23;03;0.734523809523809
2020-05-24;03;0.734523809523809
2020-05-25;03;0.663095238095238
2020-05-26;03;0.675
2020-05-27;03;0.675
2020-05-28;03;0.617857142857143
2020-05-29;03;0.627380952380952
2020-05-30;03;0.603571428571429
2020-05-31;03;0.532142857142857
2020-06-01;03;0.520238095238095
2020-06-02;03;0.474319727891156
2020-06-03;03;0.433735312306741
2020-06-04;03;0.370577417569899
2020-06-05;03;0.297895713309247
2020-06-06;03;0.266149681563215
2020-06-07;03;0.194721110134644
2020-06-08;03;0.149483014896549
2020-06-09;03;0.125525605845972
2020-06-10;03;0.12146716428753
2020-06-11;03;0.0989107733100868
2020-06-12;03;0.0869363929146538
2020-06-13;03;0.0710633770416379
2020-06-14;03;0.0710633770416379
2020-06-15;03;0.0663014722797332
2020-06-16;03;0.0443405139833711
2020-06-17;03;0.0354119425547997
2020-06-18;03;0.0532690854119426
2020-06-19;03;0.0486394557823129
2020-06-20;03;0.0659554730983302
2020-06-21;03;0.0659554730983302
2020-06-22;03;0.0564316635745207
2020-06-23;03;0.0800865800865801
2020-06-24;03;0.104576376004947
2020-06-25;03;0.123986313893146
2020-06-26;03;0.140590323918209
2020-06-27;03;0.131677667946729
2020-06-28;03;0.237497773766835
2020-06-29;03;0.299997773766835
2020-06-30;03;0.311727979045428
2020-07-01;03;0.317850428025019
2020-07-02;03;0.333493400189731
2020-07-03;03;0.365558857951783
2020-07-04;03;0.385726925178674
2020-07-05;03;0.307379346831095
2020-07-06;03;0.312411814363563
2020-07-07;03;0.292970570123931
2020-07-08;03;0.30997737284502
2020-07-09;03;0.310638748506396
2020-07-10;03;0.344686850505816
2020-07-11;03;0.384438403300847
2020-07-12;03;0.495494014356458
2020-07-13;03;0.481532975395419
2020-07-14;03;0.525679800792245
2020-07-15;03;0.542576882205455
2020-07-16;03;0.614005453634026
2020-07-17;03;0.582478360037967
2020-07-18;03;0.632167801031756
2020-07-19;03;0.576972995836951
2020-07-20;03;0.573821735332749
2020-07-21;03;0.536160758992528
2020-07-22;03;0.506773435580879
2020-07-23;03;0.460051322077943
2020-07-24;03;0.40723746926409
2020-07-25;03;0.289225046903842
2020-07-26;03;0.219627977306772
2020-07-27;03;0.179559776113251
2020-07-28;03;0.175837532498824
2020-07-29;03;0.165918810911829
2020-07-30;03;0.111759662819217
2020-07-31;03;0.124379811032586
2020-08-01;03;0.144500535378662
2020-08-02;03;0.140081041828734
2020-08-03;03;0.154939158988641
2020-08-04;03;0.159434870316651
2020-08-05;03;0.141905277834497
2020-08-06;03;0.124431057702469
2020-08-07;03;0.15841358217873
2020-08-08;03;0.151279870819666
2020-08-09;03;0.166176175693864
2020-08-10;03;0.201612991929792
2020-08-11;03;0.208216457114493
2020-08-12;03;0.257225307966662
2020-08-13;03;0.285212824326271
2020-08-14;03;0.284972391547269
2020-08-15;03;0.320556807131684
2020-08-16;03;0.336026271753691
2020-08-17;03;0.292386174205238
2020-08-18;03;0.306572583625014
2020-08-19;03;0.302996794334939
2020-08-20;03;0.272446392355965
2020-08-21;03;0.28746943383062
2020-08-22;03;0.253935599244154
2020-08-23;03;0.228077944354241
2020-08-24;03;0.211071141633152
2020-08-25;03;0.178982834612231
2020-08-26;03;0.130631186260582
2020-08-27;03;0.146957716872827
2020-08-28;03;0.0922324421475525
2020-08-29;03;0.0771948481625901
2020-08-30;03;0.0919413919413919
2020-08-31;03;0.113919413919414
2020-09-01;03;0.0932020360591789
2020-09-02;03;0.100344893202036
2020-03-16;04;NA
2020-03-18;04;NA
2020-03-19;04;NA
2020-03-20;04;NA
2020-03-21;04;NA
2020-03-25;04;NA
2020-03-26;04;0
2020-03-27;04;0
2020-03-29;04;0
2020-03-30;04;0.0714285714285714
2020-04-01;04;0.0714285714285714
2020-04-02;04;0.0714285714285714
2020-04-03;04;0.0714285714285714
2020-04-04;04;0.0714285714285714
2020-04-05;04;0.0714285714285714
2020-04-07;04;0.142857142857143
2020-04-08;04;0.0714285714285714
2020-04-09;04;0.0714285714285714
2020-04-14;04;0.0714285714285714
2020-04-16;04;0.0714285714285714
2020-04-18;04;0.0714285714285714
2020-04-19;04;0.0714285714285714
2020-04-20;04;0
2020-04-21;04;0.142857142857143
2020-04-22;04;0.142857142857143
2020-04-28;04;0.142857142857143
2020-04-29;04;0.142857142857143
2020-04-30;04;0.142857142857143
2020-05-01;04;NA
2020-05-02;04;NA
2020-05-03;04;NA
2020-05-04;04;NA
2020-05-05;04;NA
2020-05-06;04;NA
2020-05-07;04;NA
2020-05-08;04;0.0464285714285714
2020-05-09;04;0.0285714285714286
2020-05-10;04;0.0285714285714286
2020-05-11;04;0.0285714285714286
2020-05-12;04;0.0142857142857143
2020-05-13;04;0.0142857142857143
2020-05-14;04;0
2020-05-15;04;0.012987012987013
2020-05-16;04;0.0367965367965368
2020-05-17;04;0.0606060606060606
2020-05-18;04;0.0870610870610871
2020-05-19;04;0.0870610870610871
2020-05-20;04;0.0870610870610871
2020-05-21;04;0.0870610870610871
2020-05-22;04;0.0815928710665553
2020-05-23;04;0.0637357282094124
2020-05-24;04;0.0494500139236981
2020-05-25;04;0.028285992759677
2020-05-26;04;0.0464678109414952
2020-05-27;04;0.0710983528134163
2020-05-28;04;0.0904688128618425
2020-05-29;04;0.0870316485224225
2020-05-30;04;0.0989364104271844
2020-05-31;04;0.0989364104271844
2020-06-01;04;0.101762288253062
2020-06-02;04;0.0851002269101498
2020-06-03;04;0.0787067671050979
2020-06-04;04;0.0707648784852432
2020-06-05;04;0.0839246251425268
2020-06-06;04;0.108538524756426
2020-06-07;04;0.13234804856595
2020-06-08;04;0.169343947403954
2020-06-09;04;0.209232058059873
2020-06-10;04;0.207321506605248
2020-06-11;04;0.220106010237209
2020-06-12;04;0.21420249940759
2020-06-13;04;0.183889511647794
2020-06-14;04;0.182302210060492
2020-06-15;04;0.191764066949907
2020-06-16;04;0.205433652122897
2020-06-17;04;0.270739774571877
2020-06-18;04;0.324448777433422
2020-06-19;04;0.392231788073575
2020-06-20;04;0.465107746967771
2020-06-21;04;0.499688245833984
2020-06-22;04;0.512133007342416
2020-06-23;04;0.512611110230158
2020-06-24;04;0.499388919945593
2020-06-25;04;0.48029037143528
2020-06-26;04;0.476900989732645
2020-06-27;04;0.462042414723694
2020-06-28;04;0.465557153952719
2020-06-29;04;0.476459831522064
2020-06-30;04;0.465547133109365
2020-07-01;04;0.457576230772266
2020-07-02;04;0.465419368027168
2020-07-03;04;0.451376182297235
2020-07-04;04;0.45739121989122
2020-07-05;04;0.460498278317427
2020-07-06;04;0.440611914681064
2020-07-07;04;0.458949088260173
2020-07-08;04;0.44612857543966
2020-07-09;04;0.406672793126735
2020-07-10;04;0.378379657690742
2020-07-11;04;0.316841196152281
2020-07-12;04;0.275251752902225
2020-07-13;04;0.247729214760755
2020-07-14;04;0.211064973512473
2020-07-15;04;0.189086951534451
2020-07-16;04;0.213824119128761
2020-07-17;04;0.241467903915403
2020-07-18;04;0.259656611759283
2020-07-19;04;0.284503815734836
2020-07-20;04;0.291477974950268
2020-07-21;04;0.315811536125934
2020-07-22;04;0.343741939056337
2020-07-23;04;0.368092588406986
2020-07-24;04;0.372627397859829
2020-07-25;04;0.39440852410343
2020-07-26;04;0.409631006539027
2020-07-27;04;0.432108397810744
2020-07-28;04;0.448601904304251
2020-07-29;04;0.435323516025863
2020-07-30;04;0.4059915466254
2020-07-31;04;0.382434582856286
2020-08-01;04;0.409674692383243
2020-08-02;04;0.372361259547422
2020-08-03;04;0.364623875465952
2020-08-04;04;0.349776936690441
2020-08-05;04;0.336864848778353
2020-08-06;04;0.332183831165829
2020-08-07;04;0.33194600018438
2020-08-08;04;0.287446679280565
2020-08-09;04;0.285524699641536
2020-08-10;04;0.292053117460277
2020-08-11;04;0.295235701173374
2020-08-12;04;0.318006724476312
2020-08-13;04;0.336038470508058
2020-08-14;04;0.331402351909675
2020-08-15;04;0.317849238356562
2020-08-16;04;0.330298936545696
2020-08-17;04;0.312159422675632
2020-08-18;04;0.324642085643732
2020-08-19;04;0.329435164904896
2020-08-20;04;0.338083221828816
2020-08-21;04;0.366196096608357
2020-08-22;04;0.392579622991883
2020-08-23;04;0.442579622991883
2020-08-24;04;0.469271068800976
2020-08-25;04;0.482204912358284
2020-08-26;04;0.473435903589276
2020-08-27;04;0.462293515599597
2020-08-28;04;0.473823497962913
2020-08-29;04;0.483947908087323
2020-08-30;04;0.425019336658751
2020-08-31;04;0.412333493090555
2020-09-01;04;0.376987138729009
2020-09-02;04;0.383558345300216
2020-03-16;05;NA
2020-03-18;05;NA
2020-03-19;05;NA
2020-03-20;05;NA
2020-03-21;05;NA
2020-03-22;05;NA
2020-03-23;05;0.0714285714285714
2020-03-24;05;0.0824175824175824
2020-03-25;05;0.0824175824175824
2020-03-26;05;0.0967032967032967
2020-03-27;05;0.115750915750916
2020-03-28;05;0.141261119832548
2020-03-29;05;0.166261119832548
2020-03-30;05;0.176975405546834
2020-03-31;05;0.264887493458922
2020-04-01;05;0.30298273155416
2020-04-02;05;0.329513343799058
2020-04-03;05;0.351282051282051
2020-04-04;05;0.385295656724228
2020-04-05;05;0.383254840397698
2020-04-06;05;0.390397697540555
2020-04-07;05;0.307369614512472
2020-04-08;05;0.269274376417234
2020-04-09;05;0.248866213151927
2020-04-10;05;0.208049886621315
2020-04-11;05;0.11281179138322
2020-04-12;05;0.0719954648526077
2020-04-13;05;0.0521541950113379
2020-04-14;05;0.0958049886621315
2020-04-15;05;0.128772021629165
2020-04-16;05;0.171855921855922
2020-04-17;05;0.294304901447759
2020-04-18;05;0.294304901447759
2020-04-19;05;0.294304901447759
2020-04-20;05;0.32605093319379
2020-04-21;05;0.290336647479505
2020-04-22;05;0.314512471655329
2020-04-23;05;0.251020408163265
2020-04-24;05;0.182142857142857
2020-04-25;05;0.225
2020-04-26;05;0.306632653061225
2020-04-27;05;0.324947671376243
2020-04-28;05;0.364163357650753
2020-04-29;05;0.372496690984086
2020-04-30;05;0.409533728021123
2020-05-01;05;0.382989326476721
2020-05-02;05;0.375846469333864
2020-05-03;05;0.330687980406378
2020-05-04;05;0.272995672714071
2020-05-05;05;0.247706311686641
2020-05-06;05;0.21348012121045
2020-05-07;05;0.225623412042266
2020-05-08;05;0.230551272233284
2020-05-09;05;0.23178279932688
2020-05-10;05;0.227378606038622
2020-05-11;05;0.236597165257182
2020-05-12;05;0.224723385166095
2020-05-13;05;0.196683658039289
2020-05-14;05;0.160948708321697
2020-05-15;05;0.141416181352099
2020-05-16;05;0.127118452167911
2020-05-17;05;0.0987590564615766
2020-05-18;05;0.0907651761785397
2020-05-19;05;0.0755208678307831
2020-05-20;05;0.0873481889425513
2020-05-21;05;0.0926998032724938
2020-05-22;05;0.0946530045694194
2020-05-23;05;0.0928382542790594
2020-05-24;05;0.103133281380809
2020-05-25;05;0.106653857190542
2020-05-26;05;0.101278560530841
2020-05-27;05;0.109927124947063
2020-05-28;05;0.105824010016881
2020-05-29;05;0.10249410384706
2020-05-30;05;0.088463491602162
2020-05-31;05;0.0896554577503234
2020-06-01;05;0.0966145364075153
2020-06-02;05;0.117285693711913
2020-06-03;05;0.109833301544495
2020-06-04;05;0.114221425024935
2020-06-05;05;0.126404573365991
2020-06-06;05;0.142520110489931
2020-06-07;05;0.147163811942143
2020-06-08;05;0.159166602087076
2020-06-09;05;0.186203890918385
2020-06-10;05;0.190717012651423
2020-06-11;05;0.20922899658237
2020-06-12;05;0.225718322269989
2020-06-13;05;0.281747432478666
2020-06-14;05;0.332407090281181
2020-06-15;05;0.332373102109065
2020-06-16;05;0.304569329521986
2020-06-17;05;0.316686291320439
2020-06-18;05;0.312774071747116
2020-06-19;05;0.314337854347233
2020-06-20;05;0.27490416373773
2020-06-21;05;0.274500840353041
2020-06-22;05;0.301491327069971
2020-06-23;05;0.336968439263163
2020-06-24;05;0.353347013740329
2020-06-25;05;0.359973487829611
2020-06-26;05;0.341596940502782
2020-06-27;05;0.320128375473186
2020-06-28;05;0.292403652570024
2020-06-29;05;0.282477864072807
2020-06-30;05;0.280346302786875
2020-07-01;05;0.297141614393507
2020-07-02;05;0.326874983791704
2020-07-03;05;0.348414063558631
2020-07-04;05;0.36810479983328
2020-07-05;05;0.384173476918907
2020-07-06;05;0.388428386429881
2020-07-07;05;0.381337567174811
2020-07-08;05;0.363436477288487
2020-07-09;05;0.34932835291684
2020-07-10;05;0.347308150896638
2020-07-11;05;0.368912961180694
2020-07-12;05;0.391866751576344
2020-07-13;05;0.406151795360121
2020-07-14;05;0.414359381494151
2020-07-15;05;0.41189814855377
2020-07-16;05;0.408920329073487
2020-07-17;05;0.411237059961647
2020-07-18;05;0.395852444577031
2020-07-19;05;0.41047583110282
2020-07-20;05;0.417002658447026
2020-07-21;05;0.420773484844259
2020-07-22;05;0.450569769935114
2020-07-23;05;0.453614104910484
2020-07-24;05;0.474179254047061
2020-07-25;05;0.481047385915193
2020-07-26;05;0.441805207328752
2020-07-27;05;0.435377882472108
2020-07-28;05;0.421600775385142
2020-07-29;05;0.400414791557649
2020-07-30;05;0.41584336298622
2020-07-31;05;0.385965811965812
2020-08-01;05;0.392284493284493
2020-08-02;05;0.395031746031746
2020-08-03;05;0.40416041877744
2020-08-04;05;0.406755046372068
2020-08-05;05;0.42518105150466
2020-08-06;05;0.410895337218945
2020-08-07;05;0.437043120470177
2020-08-08;05;0.430469163453742
2020-08-09;05;0.43387052399796
2020-08-10;05;0.420225345263367
2020-08-11;05;0.424677789370984
2020-08-12;05;0.407103914564206
2020-08-13;05;0.425484260333087
2020-08-14;05;0.405527703178593
2020-08-15;05;0.3835302316236
2020-08-16;05;0.389321155588122
2020-08-17;05;0.384527651858848
2020-08-18;05;0.380990958666982
2020-08-19;05;0.369372508568225
2020-08-20;05;0.34679635860354
2020-08-21;05;0.349994488249099
2020-08-22;05;0.362897714055551
2020-08-23;05;0.341800667642049
2020-08-24;05;0.344927603094246
2020-08-25;05;0.35833531497524
2020-08-26;05;0.381805428129942
2020-08-27;05;0.384719181043695
2020-08-28;05;0.402523563070478
2020-08-29;05;0.413609555592868
2020-08-30;05;0.460633365116677
2020-08-31;05;0.468245010811224
2020-09-01;05;0.449906332460802
2020-09-02;05;0.447851889728393
2020-03-21;06;NA
2020-03-23;06;NA
2020-03-25;06;NA
2020-03-27;06;NA
2020-03-29;06;NA
2020-03-30;06;NA
2020-03-31;06;NA
2020-04-01;06;NA
2020-04-03;06;NA
2020-04-04;06;NA
2020-04-05;06;NA
2020-04-09;06;NA
2020-04-13;06;NA
2020-04-16;06;0.571428571428571
2020-04-21;06;0.69047619047619
2020-04-23;06;0.69047619047619
2020-04-24;06;0.69047619047619
2020-04-25;06;NA
2020-04-27;06;NA
2020-04-28;06;NA
2020-04-30;06;NA
2020-05-01;06;NA
2020-05-02;06;NA
2020-05-04;06;NA
2020-05-05;06;0.590062111801242
2020-05-06;06;0.478951000690131
2020-05-07;06;0.344497219177526
2020-05-08;06;0.212629087309394
2020-05-09;06;0.0748739852685779
2020-05-10;06;0.0748739852685779
2020-05-11;06;0.0838025566971493
2020-05-12;06;0.0787744585013493
2020-05-13;06;0.0470284267553175
2020-05-14;06;0.0386250654107797
2020-05-15;06;0.041921768707483
2020-05-16;06;0.0368197278911565
2020-05-17;06;0.0368197278911565
2020-05-18;06;0.027891156462585
2020-05-19;06;0.0357142857142857
2020-05-20;06;0.0420634920634921
2020-05-21;06;0.0420634920634921
2020-05-22;06;0.0454144620811287
2020-05-23;06;0.0576593600403124
2020-05-24;06;0.0631538655348179
2020-05-25;06;0.0672354981878791
2020-05-26;06;0.0557275616799426
2020-05-27;06;0.0676933736457546
2020-05-28;06;0.0835663895187705
2020-05-29;06;0.0722789115646258
2020-05-30;06;0.0872448979591837
2020-05-31;06;0.122123063272132
2020-06-01;06;0.15675972167381
2020-06-02;06;0.176143116057204
2020-06-03;06;0.17159746090914
2020-06-04;06;0.165691222444762
2020-06-05;06;0.172569529323068
2020-06-06;06;0.15166116597773
2020-06-07;06;0.12097372519449
2020-06-08;06;0.106246710039423
2020-06-09;06;0.104010349908326
2020-06-10;06;0.116112752770619
2020-06-11;06;0.13222307286765
2020-06-12;06;0.142617606884231
2020-06-13;06;0.17816212772287
2020-06-14;06;0.188714992936752
2020-06-15;06;0.185408914192865
2020-06-16;06;0.184315270993958
2020-06-17;06;0.201921765834277
2020-06-18;06;0.249760801946234
2020-06-19;06;0.289370604819236
2020-06-20;06;0.327480919048953
2020-06-21;06;0.41755023791574
2020-06-22;06;0.487598631493546
2020-06-23;06;0.555468000618145
2020-06-24;06;0.574327402086242
2020-06-25;06;0.582388363103938
2020-06-26;06;0.585773833490173
2020-06-27;06;0.586173620270557
2020-06-28;06;0.577369965564171
2020-06-29;06;0.600922089116294
2020-06-30;06;0.585782397721373
2020-07-01;06;0.602880994192167
2020-07-02;06;0.586121290861192
2020-07-03;06;0.56124794067326
2020-07-04;06;0.592692040052142
2020-07-05;06;0.593866852082217
2020-07-06;06;0.559375217590583
2020-07-07;06;0.58927635933383
2020-07-08;06;0.608200756263078
2020-07-09;06;0.589028229185413
2020-07-10;06;0.62366332534809
2020-07-11;06;0.568376996769836
2020-07-12;06;0.541686267286554
2020-07-13;06;0.538594009160739
2020-07-14;06;0.535856510652563
2020-07-15;06;0.507825525244529
2020-07-16;06;0.570624198432812
2020-07-17;06;0.573062865944884
2020-07-18;06;0.597220221194676
2020-07-19;06;0.615423902012339
2020-07-20;06;0.617669448765127
2020-07-21;06;0.594659244683494
2020-07-22;06;0.604789344468766
2020-07-23;06;0.586257793917511
2020-07-24;06;0.606646409133713
2020-07-25;06;0.599063841222827
2020-07-26;06;0.590037153624711
2020-07-27;06;0.610529561114023
2020-07-28;06;0.617416008000469
2020-07-29;06;0.629393212675443
2020-07-30;06;0.618446305176811
2020-07-31;06;0.600872609031687
2020-08-01;06;0.59921147946358
2020-08-02;06;0.579264035603093
2020-08-03;06;0.549977320917219
2020-08-04;06;0.51934703166624
2020-08-05;06;0.499242787436902
2020-08-06;06;0.498768966067559
2020-08-07;06;0.498454994325015
2020-08-08;06;0.47330408889242
2020-08-09;06;0.504359989513538
2020-08-10;06;0.540589907012452
2020-08-11;06;0.573161041487859
2020-08-12;06;0.573999042634597
2020-08-13;06;0.595810360751274
2020-08-14;06;0.605400770341683
2020-08-15;06;0.636674124753871
2020-08-16;06;0.650790443218015
2020-08-17;06;0.649997526606412
2020-08-18;06;0.669424202749506
2020-08-19;06;0.676253471042189
2020-08-20;06;0.646979466358348
2020-08-21;06;0.633801467886232
2020-08-22;06;0.638317316778981
2020-08-23;06;0.655747255261551
2020-08-24;06;0.651963432887024
2020-08-25;06;0.628571620021527
2020-08-26;06;0.632857334307241
2020-08-27;06;0.647143048592955
2020-08-28;06;0.639541826285851
2020-08-29;06;0.643642757438454
2020-08-30;06;0.621537494280559
2020-08-31;06;0.632285367097397
2020-09-01;06;0.644906204906205
2020-09-02;06;0.660077995141286
2020-03-17;07;NA
2020-03-21;07;NA
2020-03-23;07;NA
2020-03-24;07;NA
2020-03-25;07;NA
2020-03-26;07;NA
2020-03-27;07;0
2020-03-29;07;0.142857142857143
2020-03-30;07;0.285714285714286
2020-03-31;07;0.428571428571429
2020-04-02;07;0.571428571428571
2020-04-03;07;0.571428571428571
2020-04-06;07;NA
2020-04-07;07;NA
2020-04-08;07;NA
2020-04-09;07;NA
2020-04-10;07;NA
2020-04-11;07;NA
2020-04-12;07;NA
2020-04-13;07;0.736734693877551
2020-04-14;07;0.658163265306122
2020-04-15;07;0.61530612244898
2020-04-16;07;0.579591836734694
2020-04-17;07;0.472448979591837
2020-04-18;07;0.329591836734694
2020-04-20;07;0.329591836734694
2020-04-21;07;0.278571428571429
2020-04-22;07;0.242857142857143
2020-04-23;07;0.142857142857143
2020-04-24;07;0.0357142857142857
2020-04-25;07;0
2020-04-26;07;0
2020-04-27;07;0.142857142857143
2020-04-28;07;0.142857142857143
2020-05-01;07;0.142857142857143
2020-05-04;07;0.151785714285714
2020-05-05;07;0.151785714285714
2020-05-06;07;0.151785714285714
2020-05-07;07;0.151785714285714
2020-05-08;07;0.0293367346938775
2020-05-09;07;0.0293367346938775
2020-05-10;07;0.0461434573829532
2020-05-11;07;0.0530879018273976
2020-05-12;07;0.0816593303988262
2020-05-13;07;0.0816593303988262
2020-05-14;07;0.0816593303988262
2020-05-15;07;0.0612511671335201
2020-05-16;07;0.0612511671335201
2020-05-17;07;0.0444444444444444
2020-05-18;07;0.0285714285714286
2020-05-19;07;0.0272108843537415
2020-05-20;07;0.0298082869511441
2020-05-21;07;0.0298082869511441
2020-05-22;07;0.0363017934446506
2020-05-23;07;0.0440940012368584
2020-05-24;07;0.0440940012368584
2020-05-25;07;0.050305181361082
2020-05-26;07;0.024902615271355
2020-05-27;07;0.0263483393585885
2020-05-28;07;0.0360008490110981
2020-05-29;07;0.0453803583906075
2020-05-30;07;0.0556968025098685
2020-05-31;07;0.0680120734458291
2020-06-01;07;0.101483433004145
2020-06-02;07;0.141028498198777
2020-06-03;07;0.166997376316062
2020-06-04;07;0.200054734115688
2020-06-05;07;0.199107091377
2020-06-06;07;0.191082473078977
2020-06-07;07;0.192372644319887
2020-06-08;07;0.174515501462744
2020-06-09;07;0.17151302883823
2020-06-10;07;0.164310147685769
2020-06-11;07;0.134376122277768
2020-06-12;07;0.137849017541708
2020-06-13;07;0.151329048729441
2020-06-14;07;0.154207123036087
2020-06-15;07;0.162993971108649
2020-06-16;07;0.159158880025236
2020-06-17;07;0.170911968357343
2020-06-18;07;0.228529501054409
2020-06-19;07;0.251732488543111
2020-06-20;07;0.274344469917979
2020-06-21;07;0.310830455842167
2020-06-22;07;0.351646782372779
2020-06-23;07;0.408884737302664
2020-06-24;07;0.474649679083365
2020-06-25;07;0.504506930908581
2020-06-26;07;0.551681185225692
2020-06-27;07;0.538554179561373
2020-06-28;07;0.570526762095753
2020-06-29;07;0.598304539873531
2020-06-30;07;0.621396703568277
2020-07-01;07;0.647569004549739
2020-07-02;07;0.670148818570772
2020-07-03;07;0.678276405269788
2020-07-04;07;0.757903421096089
2020-07-05;07;0.801325725387958
2020-07-06;07;0.817453583258935
2020-07-07;07;0.821464787740728
2020-07-08;07;0.820849349970124
2020-07-09;07;0.817066528430294
2020-07-10;07;0.810388995436971
2020-07-11;07;0.796168537554541
2020-07-12;07;0.800600929004692
2020-07-13;07;0.810405149391374
2020-07-14;07;0.818998986926388
2020-07-15;07;0.776566172216346
2020-07-16;07;0.785425529912913
2020-07-17;07;0.759285413266156
2020-07-18;07;0.779877433858176
2020-07-19;07;0.766771772865191
2020-07-20;07;0.763657154924992
2020-07-21;07;0.748321906901732
2020-07-22;07;0.783337603593352
2020-07-23;07;0.767946429630456
2020-07-24;07;0.78778955379601
2020-07-25;07;0.722606103366658
2020-07-26;07;0.72713858616001
2020-07-27;07;0.716679402486541
2020-07-28;07;0.731547797101771
2020-07-29;07;0.721822902411459
2020-07-30;07;0.707154457751501
2020-07-31;07;0.722432235529278
2020-08-01;07;0.793568066911011
2020-08-02;07;0.795252454741309
2020-08-03;07;0.783852032503449
2020-08-04;07;0.762522667424084
2020-08-05;07;0.766934835719804
2020-08-06;07;0.767194190163018
2020-08-07;07;0.725459105324485
2020-08-08;07;0.645432650298029
2020-08-09;07;0.589121729580329
2020-08-10;07;0.55286730040394
2020-08-11;07;0.492325320454065
2020-08-12;07;0.421075909798714
2020-08-13;07;0.368207292472265
2020-08-14;07;0.357644343669481
2020-08-15;07;0.384099370124508
2020-08-16;07;0.378412074963528
2020-08-17;07;0.399158385183523
2020-08-18;07;0.462544699069503
2020-08-19;07;0.515234531759336
2020-08-20;07;0.556795713193935
2020-08-21;07;0.589432852174358
2020-08-22;07;0.60431380455531
2020-08-23;07;0.641244366253674
2020-08-24;07;0.653990879000186
2020-08-25;07;0.657953789238346
2020-08-26;07;0.645776777061334
2020-08-27;07;0.646732602429456
2020-08-28;07;0.663340994037847
2020-08-29;07;0.657231971481456
2020-08-30;07;0.666903764727056
2020-08-31;07;0.667460350997928
2020-09-01;07;0.652096559204615
2020-09-02;07;0.630369919830917
2020-03-15;08;NA
2020-03-16;08;NA
2020-03-17;08;NA
2020-03-18;08;NA
2020-03-19;08;NA
2020-03-20;08;NA
2020-03-21;08;0.285714285714286
2020-03-22;08;0.385714285714286
2020-03-23;08;0.391666666666667
2020-03-24;08;0.445238095238095
2020-03-25;08;0.457142857142857
2020-03-26;08;0.440659340659341
2020-03-27;08;0.432722832722833
2020-03-28;08;0.527960927960928
2020-03-29;08;0.499389499389499
2020-03-30;08;0.552960927960928
2020-03-31;08;0.621838478981336
2020-04-01;08;0.663505145648003
2020-04-02;08;0.743013872215553
2020-04-03;08;0.768807523009204
2020-04-04;08;0.661664665866347
2020-04-05;08;0.733093237294918
2020-04-06;08;0.740236094437775
2020-04-07;08;0.713025210084034
2020-04-08;08;NA
2020-04-09;08;NA
2020-04-10;08;NA
2020-04-11;08;NA
2020-04-12;08;NA
2020-04-13;08;NA
2020-04-14;08;NA
2020-04-15;08;0.817460317460317
2020-04-16;08;0.781746031746032
2020-04-17;08;0.84018759018759
2020-04-18;08;0.856060606060606
2020-04-19;08;0.927489177489177
2020-04-20;08;0.87987012987013
2020-04-21;08;0.87987012987013
2020-04-22;08;0.87987012987013
2020-04-23;08;0.844155844155844
2020-04-24;08;0.857142857142857
2020-04-25;08;0.857142857142857
2020-04-26;08;0.714285714285714
2020-04-27;08;0.785714285714286
2020-04-28;08;0.785714285714286
2020-04-29;08;0.704081632653061
2020-04-30;08;0.749536178107607
2020-05-02;08;0.749536178107607
2020-05-03;08;0.749536178107607
2020-05-04;08;0.844774273345702
2020-05-05;08;0.797155225726654
2020-05-06;08;0.778107606679035
2020-05-07;08;0.839332096474954
2020-05-08;08;0.801814058956916
2020-05-09;08;0.791609977324263
2020-05-10;08;0.791609977324263
2020-05-11;08;0.833514739229025
2020-05-12;08;0.858577395870629
2020-05-13;08;0.861751999045232
2020-05-14;08;0.882160162310538
2020-05-15;08;0.904177571424722
2020-05-16;08;0.903392642068364
2020-05-17;08;0.89718146194414
2020-05-18;08;0.893967176229854
2020-05-19;08;0.901079551763282
2020-05-20;08;0.896119234302965
2020-05-21;08;0.867547805731536
2020-05-22;08;0.898632849719806
2020-05-23;08;0.882836146423103
2020-05-24;08;0.876389098699225
2020-05-25;08;0.873287594939827
2020-05-26;08;0.877527128591125
2020-05-27;08;0.885132948696945
2020-05-28;08;0.900170542681908
2020-05-29;08;0.891627278716957
2020-05-30;08;0.91246061205029
2020-05-31;08;0.920510544967516
2020-06-01;08;0.90459030959648
2020-06-02;08;0.867325403634095
2020-06-03;08;0.857778589739455
2020-06-04;08;0.85367574002257
2020-06-05;08;0.833438107464689
2020-06-06;08;0.829186406784417
2020-06-07;08;0.830223273143864
2020-06-08;08;0.846067046172603
2020-06-09;08;0.871809161200433
2020-06-10;08;0.880187032065665
2020-06-11;08;0.874922953010237
2020-06-12;08;0.892188698017917
2020-06-13;08;0.884872564017147
2020-06-14;08;0.881531550192262
2020-06-15;08;0.882788178138442
2020-06-16;08;0.879976743762762
2020-06-17;08;0.872012951572478
2020-06-18;08;0.881856879293776
2020-06-19;08;0.88437901377571
2020-06-20;08;0.894815404143489
2020-06-21;08;0.893935638747595
2020-06-22;08;0.887214883702193
2020-06-23;08;0.901517635748967
2020-06-24;08;0.890083721369751
2020-06-25;08;0.891995673521922
2020-06-26;08;0.892456825069633
2020-06-27;08;0.88512387445061
2020-06-28;08;0.880720960291599
2020-06-29;08;0.88517209139339
2020-06-30;08;0.880991808011749
2020-07-01;08;0.884414767238619
2020-07-02;08;0.880055774754936
2020-07-03;08;0.87015519549221
2020-07-04;08;0.87010542526476
2020-07-05;08;0.879958626841272
2020-07-06;08;0.878792446083255
2020-07-07;08;0.879833122975703
2020-07-08;08;0.884013850384777
2020-07-09;08;0.884739401230616
2020-07-10;08;0.894415653717504
2020-07-11;08;0.894993310940731
2020-07-12;08;0.887414596394803
2020-07-13;08;0.889482265567735
2020-07-14;08;0.891869815125096
2020-07-15;08;0.89236656058587
2020-07-16;08;0.893539443532152
2020-07-17;08;0.896556213925045
2020-07-18;08;0.900507214615176
2020-07-19;08;0.883642135250097
2020-07-20;08;0.853003037505736
2020-07-21;08;0.81621056168887
2020-07-22;08;0.792120742635022
2020-07-23;08;0.761022589087889
2020-07-24;08;0.728540510234842
2020-07-25;08;0.679870339825541
2020-07-26;08;0.656492477230122
2020-07-27;08;0.642550997023581
2020-07-28;08;0.648474341971316
2020-07-29;08;0.649580643077617
2020-07-30;08;0.659590361250601
2020-07-31;08;0.652511399722487
2020-08-01;08;0.688077983676168
2020-08-02;08;0.724908227223968
2020-08-03;08;0.755486235459442
2020-08-04;08;0.760477629607463
2020-08-05;08;0.764710433840267
2020-08-06;08;0.764256919101038
2020-08-07;08;0.789643961437233
2020-08-08;08;0.801574324980499
2020-08-09;08;0.802485298065385
2020-08-10;08;0.807839139217833
2020-08-11;08;0.833459989967771
2020-08-12;08;0.85585266068259
2020-08-13;08;0.867657382571345
2020-08-14;08;0.868606205437976
2020-08-15;08;0.864989776048351
2020-08-16;08;0.846294738842767
2020-08-17;08;0.851454706235807
2020-08-18;08;0.841353235479907
2020-08-19;08;0.834202167851996
2020-08-20;08;0.840827513025526
2020-08-21;08;0.856275272927159
2020-08-22;08;0.864000012307447
2020-08-23;08;0.884233056019982
2020-08-24;08;0.888822574920826
2020-08-25;08;0.89825101050521
2020-08-26;08;0.920428090738626
2020-08-27;08;0.915854207175381
2020-08-28;08;0.913332083281575
2020-08-29;08;0.897079070448535
2020-08-30;08;0.904987233713841
2020-08-31;08;0.897214320387338
2020-09-01;08;0.897026093622886
2020-09-02;08;0.892330243025396
2020-03-14;09;NA
2020-03-15;09;NA
2020-03-16;09;NA
2020-03-17;09;NA
2020-03-19;09;NA
2020-03-20;09;NA
2020-03-21;09;0.338304552590267
2020-03-22;09;0.34451573271449
2020-03-23;09;0.350230018428776
2020-03-24;09;0.254991923190681
2020-03-25;09;0.231763119474072
2020-03-26;09;0.15829373171897
2020-03-27;09;0.14524428116952
2020-03-28;09;0.0848047207299594
2020-03-29;09;0.0997575617697569
2020-03-30;09;0.11309089510309
2020-03-31;09;0.122209436136525
2020-04-01;09;0.101900824887147
2020-04-02;09;0.0770887948119591
2020-04-03;09;0.0933703074170011
2020-04-04;09;0.0957741535708473
2020-04-05;09;0.122229180025874
2020-04-06;09;0.111584922322793
2020-04-07;09;0.12089956101286
2020-04-08;09;0.122312433854304
2020-04-09;09;0.128757116990717
2020-04-10;09;0.114129043539114
2020-04-11;09;0.115021900681971
2020-04-12;09;0.0674028530629236
2020-04-13;09;0.063081124371447
2020-04-14;09;0.074950974950975
2020-04-15;09;0.0694564694564695
2020-04-16;09;0.0699666735381021
2020-04-17;09;0.0671066706780993
2020-04-18;09;0.0579229972087115
2020-04-19;09;0.0919366026508884
2020-04-20;09;0.115327497470355
2020-04-21;09;0.112235351521066
2020-04-22;09;0.147949637235352
2020-04-23;09;0.148224362510077
2020-04-24;09;0.181318681318681
2020-04-25;09;0.189203653489368
2020-04-26;09;0.190904333761477
2020-04-27;09;0.240354883212026
2020-04-28;09;0.340128125842412
2020-04-29;09;0.426862819719963
2020-04-30;09;0.511111903969047
2020-05-01;09;0.527438434581292
2020-05-02;09;0.514451421594279
2020-05-03;09;0.621594278737136
2020-05-04;09;0.585487528344671
2020-05-05;09;0.561678004535147
2020-05-06;09;0.561678004535147
2020-05-07;09;0.552154195011338
2020-05-08;09;0.585920428777572
2020-05-09;09;0.633539476396619
2020-05-10;09;0.597825190682334
2020-05-11;09;0.664151721294578
2020-05-12;09;0.67526283240569
2020-05-13;09;0.65219273480143
2020-05-14;09;0.627702938883063
2020-05-15;09;0.564004732327714
2020-05-16;09;0.596742827565809
2020-05-17;09;0.591640786749482
2020-05-18;09;0.525314256137238
2020-05-19;09;0.501254105761298
2020-05-20;09;0.425684747583244
2020-05-21;09;0.452372345699413
2020-05-22;09;0.496590032774243
2020-05-23;09;0.463851937536148
2020-05-24;09;0.436999091134429
2020-05-25;09;0.478325621746674
2020-05-26;09;0.433396225084287
2020-05-27;09;0.48253502954224
2020-05-28;09;0.4422419892492
2020-05-29;09;0.444887491894702
2020-05-30;09;0.462744634751845
2020-05-31;09;0.458985236255605
2020-06-01;09;0.459791687868508
2020-06-02;09;0.552744368547389
2020-06-03;09;0.59780846264016
2020-06-04;09;0.678268232755102
2020-06-05;09;0.723241777728647
2020-06-06;09;0.73065188462855
2020-06-07;09;0.795277734968686
2020-06-08;09;0.800474322869461
2020-06-09;09;0.737055406915982
2020-06-10;09;0.719042984555734
2020-06-11;09;0.641384334888971
2020-06-12;09;0.590005888773683
2020-06-13;09;0.632198956476954
2020-06-14;09;0.59931913788285
2020-06-15;09;0.634189114242188
2020-06-16;09;0.69078775369797
2020-06-17;09;0.668709831620048
2020-06-18;09;0.72186109212425
2020-06-19;09;0.775620490620491
2020-06-20;09;0.786591545709193
2020-06-21;09;0.805865922126426
2020-06-22;09;0.769316214524087
2020-06-23;09;0.756114244080737
2020-06-24;09;0.752266240232734
2020-06-25;09;0.767742430708924
2020-06-26;09;0.763960918103882
2020-06-27;09;0.728136061845589
2020-06-28;09;0.728136061845589
2020-06-29;09;0.72330254949328
2020-06-30;09;0.712218805650915
2020-07-01;09;0.75719235062446
2020-07-02;09;0.760593711168678
2020-07-03;09;0.756247144955986
2020-07-04;09;0.768062397372742
2020-07-05;09;0.731327703495191
2020-07-06;09;0.71318711392603
2020-07-07;09;0.666483817222734
2020-07-08;09;0.595055245794162
2020-07-09;09;0.58689198048804
2020-07-10;09;0.506558520844235
2020-07-11;09;0.418803418803419
2020-07-12;09;0.475946275946276
2020-07-13;09;0.548168498168498
2020-07-14;09;0.617599067599068
2020-07-15;09;0.617599067599068
2020-07-16;09;0.589027639027639
2020-07-17;09;0.620995670995671
2020-07-18;09;0.684632034632035
2020-07-19;09;0.652886002886003
2020-07-20;09;0.592568542568543
2020-07-21;09;0.530725623582766
2020-07-22;09;0.552072093205098
2020-07-23;09;0.499971252868964
2020-07-24;09;0.46224707228764
2020-07-25;09;0.438746763073045
2020-07-26;09;0.426536750863033
2020-07-27;09;0.402811657989004
2020-07-28;09;0.39728444710465
2020-07-29;09;0.389543419659189
2020-07-30;09;0.418955184365072
2020-07-31;09;0.465477018905339
2020-08-01;09;0.438266134551598
2020-08-02;09;0.414194967623288
2020-08-03;09;0.383951806529063
2020-08-04;09;0.382676296324982
2020-08-05;09;0.361451806529063
2020-08-06;09;0.326998025016458
2020-08-07;09;0.285011337868481
2020-08-08;09;0.305419501133787
2020-08-09;09;0.281009737228225
2020-08-10;09;0.332841239059726
2020-08-11;09;0.350981828628887
2020-08-12;09;0.349942867589926
2020-08-13;09;0.331575520651151
2020-08-14;09;0.317686631762262
2020-08-15;09;0.325012639088269
2020-08-16;09;0.338084534513106
2020-08-17;09;0.30743097754376
2020-08-18;09;0.293999964112746
2020-08-19;09;0.297366967479749
2020-08-20;09;0.334781933466144
2020-08-21;09;0.349392323076534
2020-08-22;09;0.32619329987751
2020-08-23;09;0.376986950671161
2020-08-24;09;0.376708476708477
2020-08-25;09;0.348368395736817
2020-08-26;09;0.350938312592448
2020-08-27;09;0.363925325579461
2020-08-28;09;0.353196923546711
2020-08-29;09;0.348236606086394
2020-08-30;09;0.283401441251229
2020-08-31;09;0.266470224320012
2020-09-01;09;0.289026615297455
2020-09-02;09;0.265292677277803
2020-03-16;10;NA
2020-03-17;10;NA
2020-03-19;10;NA
2020-03-20;10;NA
2020-03-21;10;NA
2020-03-22;10;NA
2020-03-23;10;0.404761904761905
2020-03-24;10;0.302721088435374
2020-03-25;10;0.159863945578231
2020-03-26;10;0.172850958565244
2020-03-27;10;0.125231910946197
2020-03-28;10;0.125231910946197
2020-03-29;10;0.0640074211502783
2020-03-30;10;0.0715262181427595
2020-03-31;10;0.0485670344692901
2020-04-01;10;0.0485670344692901
2020-04-02;10;0.0355800214822771
2020-04-03;10;0.0355800214822771
2020-04-04;10;0.0355800214822771
2020-04-05;10;0.0253759398496241
2020-04-06;10;0.0430672268907563
2020-04-07;10;0.0252100840336135
2020-04-08;10;0.0252100840336135
2020-04-09;10;0.0252100840336135
2020-04-10;10;0.0252100840336135
2020-04-11;10;0.0558223289315726
2020-04-12;10;0.0558223289315726
2020-04-13;10;0.0306122448979592
2020-04-14;10;0.0306122448979592
2020-04-15;10;0.0565862708719852
2020-04-16;10;0.128014842300557
2020-04-17;10;0.15182436611008
2020-04-18;10;0.121212121212121
2020-04-19;10;0.121212121212121
2020-04-20;10;0.121212121212121
2020-04-21;10;0.121212121212121
2020-04-22;10;0.113095238095238
2020-04-23;10;0.0416666666666667
2020-04-24;10;0.0178571428571429
2020-04-25;10;0.0178571428571429
2020-04-27;10;0.0178571428571429
2020-04-28;10;0.0464285714285715
2020-04-29;10;0.103571428571429
2020-04-30;10;0.0857142857142857
2020-05-01;10;0.228571428571429
2020-05-02;10;0.371428571428571
2020-05-03;10;0.514285714285714
2020-05-04;10;0.514285714285714
2020-05-05;10;0.485714285714286
2020-05-06;10;0.464285714285714
2020-05-07;10;0.607142857142857
2020-05-08;10;0.535714285714286
2020-05-09;10;0.535714285714286
2020-05-10;10;0.392857142857143
2020-05-11;10;0.452380952380952
2020-05-12;10;0.566666666666667
2020-05-13;10;0.578571428571429
2020-05-14;10;0.578571428571429
2020-05-15;10;0.554761904761905
2020-05-17;10;0.47312925170068
2020-05-18;10;0.575170068027211
2020-05-19;10;0.610884353741497
2020-05-20;10;0.579931972789116
2020-05-21;10;0.532312925170068
2020-05-22;10;0.532312925170068
2020-05-23;10;0.532312925170068
2020-05-24;10;0.542517006802721
2020-05-25;10;0.535714285714286
2020-05-26;10;0.474489795918367
2020-05-27;10;0.482065553494125
2020-05-28;10;0.570500927643785
2020-05-29;10;0.427643784786642
2020-05-30;10;0.463358070500928
2020-05-31;10;0.493970315398887
2020-06-01;10;0.480364873222016
2020-06-02;10;0.57077523091348
2020-06-03;10;0.595937568575817
2020-06-04;10;0.614645051569015
2020-06-05;10;0.666593103517067
2020-06-06;10;0.616226803150766
2020-06-07;10;0.59581863988546
2020-06-08;10;0.648114558252807
2020-06-09;10;0.630833452262024
2020-06-10;10;0.572963081891653
2020-06-11;10;0.598473285973286
2020-06-12;10;0.626525234025234
2020-06-13;10;0.617367724867725
2020-06-14;10;0.632877928949358
2020-06-15;10;0.583605442176871
2020-06-16;10;0.569319727891156
2020-06-17;10;0.618261526832955
2020-06-18;10;0.57489417989418
2020-06-19;10;0.587156084656085
2020-06-20;10;0.639537037037037
2020-06-21;10;0.653505291005291
2020-06-22;10;0.64244227994228
2020-06-23;10;0.629585137085137
2020-06-24;10;0.617680375180375
2020-06-25;10;0.661727994227994
2020-06-26;10;0.643751803751804
2020-06-27;10;0.596132756132756
2020-06-28;10;0.520735930735931
2020-06-29;10;0.542380952380952
2020-06-30;10;0.580028011204482
2020-07-01;10;0.585439266615737
2020-07-02;10;0.564150751209575
2020-07-03;10;0.543436465495289
2020-07-04;10;0.553475075533899
2020-07-05;10;0.61428588634471
2020-07-06;10;0.600680444167839
2020-07-07;10;0.547723412298488
2020-07-08;10;0.578653009017558
2020-07-09;10;0.552713866237158
2020-07-10;10;0.553329629783956
2020-07-11;10;0.591642668096995
2020-07-12;10;0.60124002055149
2020-07-13;10;0.622285938918837
2020-07-14;10;0.650032886754575
2020-07-15;10;0.572025367957582
2020-07-16;10;0.584133978525097
2020-07-17;10;0.546753509095946
2020-07-18;10;0.507245398159264
2020-07-19;10;0.491185060980914
2020-07-20;10;0.4331493466952
2020-07-21;10;0.409976441169353
2020-07-22;10;0.436762155455067
2020-07-23;10;0.402934187648226
2020-07-24;10;0.453984607816294
2020-07-25;10;0.524732907136021
2020-07-26;10;0.510861271525256
2020-07-27;10;0.509618052718745
2020-07-28;10;0.496791373225399
2020-07-29;10;0.471251506115765
2020-07-30;10;0.471800253143385
2020-07-31;10;0.450851425851274
2020-08-01;10;0.400332270820841
2020-08-02;10;0.37969735018592
2020-08-03;10;0.392198332967586
2020-08-04;10;0.387934856240341
2020-08-05;10;0.38073662811188
2020-08-06;10;0.436866938479478
2020-08-07;10;0.475672908628732
2020-08-08;10;0.473166642964572
2020-08-09;10;0.508520178318107
2020-08-10;10;0.54080297871685
2020-08-11;10;0.57528011953754
2020-08-12;10;0.590740849283984
2020-08-13;10;0.555389759695606
2020-08-14;10;0.515497576407197
2020-08-15;10;0.488931160367096
2020-08-16;10;0.447472618908555
2020-08-17;10;0.451125932085678
2020-08-18;10;0.446107531282733
2020-08-19;10;0.429674984237942
2020-08-20;10;0.419762447794793
2020-08-21;10;0.458124018838305
2020-08-22;10;0.487994148708434
2020-08-23;10;0.517908678622964
2020-08-24;10;0.487610405467548
2020-08-25;10;0.469714016142588
2020-08-26;10;0.479614404869507
2020-08-27;10;0.471839866482724
2020-08-28;10;0.441227621584764
2020-08-29;10;0.414036063143206
2020-08-30;10;0.406099555206698
2020-08-31;10;0.397356124724137
2020-09-01;10;0.382252079832858
2020-09-02;10;0.392206923839426
2020-03-21;11;NA
2020-04-01;11;NA
2020-04-03;11;NA
2020-05-06;11;NA
2020-05-22;11;NA
2020-05-24;11;NA
2020-05-25;11;0.857142857142857
2020-05-26;11;0.857142857142857
2020-05-27;11;0.714285714285714
2020-05-28;11;0.714285714285714
2020-05-29;11;0.714285714285714
2020-05-31;11;0.571428571428571
2020-06-02;11;0.571428571428571
2020-06-08;11;0.571428571428571
2020-06-10;11;0.714285714285714
2020-06-11;11;0.857142857142857
2020-06-12;11;0.857142857142857
2020-06-17;11;0.857142857142857
2020-06-18;11;1
2020-06-23;11;1
2020-06-24;11;1
2020-06-25;11;1
2020-06-26;11;0.952380952380952
2020-06-28;11;0.80952380952381
2020-06-29;11;0.80952380952381
2020-06-30;11;0.80952380952381
2020-07-08;11;0.80952380952381
2020-07-09;11;0.80952380952381
2020-07-11;11;0.738095238095238
2020-07-13;11;0.785714285714286
2020-07-14;11;0.928571428571429
2020-07-21;11;0.928571428571429
2020-07-23;11;0.928571428571429
2020-07-25;11;0.928571428571429
2020-07-26;11;0.928571428571429
2020-07-27;11;0.857142857142857
2020-07-28;11;0.857142857142857
2020-07-29;11;0.857142857142857
2020-07-30;11;0.857142857142857
2020-08-03;11;0.857142857142857
2020-08-05;11;0.857142857142857
2020-08-06;11;0.857142857142857
2020-08-12;11;1
2020-08-14;11;1
2020-08-19;11;1
2020-08-21;11;1
2020-08-22;11;1
2020-08-23;11;1
2020-08-25;11;0.918367346938776
2020-08-28;11;0.918367346938776
2020-03-14;12;NA
2020-03-16;12;NA
2020-03-17;12;NA
2020-03-19;12;NA
2020-03-20;12;NA
2020-03-21;12;NA
2020-03-22;12;NA
2020-03-23;12;NA
2020-03-24;12;0
2020-03-25;12;0.012987012987013
2020-03-26;12;0.012987012987013
2020-03-27;12;0.012987012987013
2020-03-28;12;0.012987012987013
2020-03-29;12;0.0358441558441558
2020-03-30;12;0.0358441558441558
2020-03-31;12;0.0358441558441558
2020-04-01;12;0.0228571428571429
2020-04-02;12;0.0228571428571429
2020-04-03;12;0.0371428571428571
2020-04-04;12;0.0371428571428571
2020-04-05;12;0.0142857142857143
2020-04-06;12;0.157142857142857
2020-04-07;12;0.157142857142857
2020-04-08;12;0.192857142857143
2020-04-09;12;0.254081632653061
2020-04-10;12;0.325510204081633
2020-04-11;12;0.407142857142857
2020-04-12;12;0.454761904761905
2020-04-13;12;0.337114845938375
2020-04-14;12;0.45140056022409
2020-04-15;12;0.526797385620915
2020-04-16;12;0.565572895824997
2020-04-17;12;0.622715752967854
2020-04-18;12;0.612511671335201
2020-04-19;12;0.660130718954248
2020-04-20;12;0.73015873015873
2020-04-21;12;0.644444444444444
2020-04-22;12;0.604761904761905
2020-04-23;12;0.504761904761905
2020-04-24;12;0.457142857142857
2020-04-25;12;0.442857142857143
2020-04-26;12;0.347619047619048
2020-04-27;12;0.252380952380952
2020-04-28;12;0.271428571428571
2020-04-29;12;0.285714285714286
2020-04-30;12;0.346938775510204
2020-05-01;12;0.358843537414966
2020-05-02;12;0.430272108843537
2020-05-03;12;0.563605442176871
2020-05-04;12;0.599319727891157
2020-05-05;12;0.663501922508134
2020-05-06;12;0.696835255841467
2020-05-07;12;0.751682194616977
2020-05-08;12;0.705763827270039
2020-05-09;12;0.648620970127181
2020-05-10;12;0.658144779650991
2020-05-11;12;0.765287636793848
2020-05-12;12;NA
2020-05-13;12;NA
2020-05-14;12;NA
2020-05-15;12;NA
2020-05-16;12;NA
2020-05-18;12;NA
2020-05-19;12;NA
2020-05-20;12;0.53015873015873
2020-05-21;12;0.548840048840049
2020-05-22;12;0.467207395778824
2020-05-23;12;0.471742543171115
2020-05-24;12;0.443171114599686
2020-05-25;12;0.443171114599686
2020-05-26;12;0.490790162218734
2020-05-27;12;0.526504447933019
2020-05-28;12;0.636394557823129
2020-05-29;12;0.718027210884354
2020-05-30;12;0.84047619047619
2020-05-31;12;0.869047619047619
2020-06-01;12;0.899659863945578
2020-06-02;12;0.816326530612245
2020-06-03;12;0.852040816326531
2020-06-05;12;0.828231292517007
2020-06-06;12;0.828231292517007
2020-06-07;12;0.828231292517007
2020-06-08;12;0.807823129251701
2020-06-09;12;0.753401360544218
2020-06-10;12;0.76530612244898
2020-06-11;12;0.729591836734694
2020-06-12;12;0.739115646258503
2020-06-13;12;0.739115646258503
2020-06-14;12;0.667687074829932
2020-06-15;12;0.64047619047619
2020-06-16;12;0.735714285714286
2020-06-17;12;0.815079365079365
2020-06-18;12;0.822222222222222
2020-06-19;12;0.788888888888889
2020-06-20;12;0.76031746031746
2020-06-21;12;0.688888888888889
2020-06-22;12;0.665079365079365
2020-06-23;12;0.632112332112332
2020-06-24;12;0.630128205128205
2020-06-25;12;0.611080586080586
2020-06-26;12;0.587271062271062
2020-06-27;12;0.615842490842491
2020-06-28;12;0.758699633699634
2020-06-29;12;0.830128205128205
2020-06-30;12;0.805952380952381
2020-07-01;12;0.795238095238095
2020-07-02;12;0.757142857142857
2020-07-03;12;0.808163265306122
2020-07-04;12;0.760544217687075
2020-07-05;12;0.760544217687075
2020-07-06;12;0.712925170068027
2020-07-07;12;0.770068027210884
2020-07-08;12;0.786734693877551
2020-07-09;12;0.854591836734694
2020-07-10;12;0.827380952380952
2020-07-11;12;0.875
2020-07-12;12;0.875
2020-07-13;12;0.922619047619048
2020-07-14;12;0.875
2020-07-15;12;0.788003663003663
2020-07-16;12;0.734432234432234
2020-07-17;12;0.724908424908425
2020-07-18;12;0.724908424908425
2020-07-19;12;0.724908424908425
2020-07-20;12;0.6432757718472
2020-07-21;12;0.583751962323391
2020-07-22;12;0.611224489795918
2020-07-23;12;0.68265306122449
2020-07-24;12;0.69515306122449
2020-07-25;12;0.682166048237477
2020-07-26;12;0.591256957328386
2020-07-27;12;0.561778499278499
2020-07-28;12;0.597492784992785
2020-07-29;12;0.621302308802309
2020-07-30;12;0.549873737373737
2020-07-31;12;0.572538572538573
2020-08-01;12;0.522033522033522
2020-08-02;12;0.583180708180708
2020-08-03;12;0.64484126984127
2020-08-04;12;0.623102139406487
2020-08-05;12;0.556435472739821
2020-08-06;12;0.580244996549344
2020-08-07;12;0.554603970908319
2020-08-08;12;0.595539643422939
2020-08-09;12;0.609428532311827
2020-08-10;12;0.597654591966459
2020-08-11;12;0.636200445090317
2020-08-12;12;0.665321324211196
2020-08-13;12;0.663833228973101
2020-08-14;12;0.640023705163577
2020-08-15;12;0.657478055324694
2020-08-16;12;0.67335107119771
2020-08-17;12;0.704272530690598
2020-08-18;12;0.707089041910471
2020-08-19;12;0.77117659370294
2020-08-20;12;0.738350963450839
2020-08-21;12;0.763625688725565
2020-08-22;12;0.746505507319669
2020-08-23;12;0.743330904145066
2020-08-24;12;0.743136342152751
2020-08-25;12;0.726448528987443
2020-08-26;12;0.704235769069765
2020-08-27;12;0.720454256464723
2020-08-28;12;0.67427360784505
2020-08-29;12;0.621099004670447
2020-08-30;12;0.598299581871024
2020-08-31;12;0.597691183382959
2020-09-01;12;0.577797900357716
2020-09-02;12;0.568584891144706
2020-03-10;13;NA
2020-03-11;13;NA
2020-03-12;13;NA
2020-03-13;13;NA
2020-03-14;13;0.0586080586080586
2020-03-15;13;0.0943223443223443
2020-03-16;13;0.0943223443223443
2020-03-17;13;0.0943223443223443
2020-03-18;13;0.116300366300366
2020-03-19;13;0.139466389466389
2020-03-20;13;0.104092239806526
2020-03-21;13;0.0974322331465189
2020-03-22;13;0.0962007060529228
2020-03-23;13;0.122516495526607
2020-03-24;13;0.155303380772509
2020-03-25;13;0.178101478197472
2020-03-26;13;0.192298092394086
2020-03-27;13;0.213386527768236
2020-03-28;13;0.26262895201066
2020-03-29;13;0.283539779395801
2020-03-30;13;0.30633113277926
2020-03-31;13;0.313916918340812
2020-04-01;13;0.343970730910616
2020-04-02;13;0.361846188786073
2020-04-03;13;0.397840586545177
2020-04-04;13;0.407126300830891
2020-04-05;13;0.455628818721164
2020-04-06;13;0.481709645788834
2020-04-07;13;0.512144428397529
2020-04-08;13;0.515481612327705
2020-04-09;13;0.525841184728094
2020-04-10;13;0.565356991050623
2020-04-11;13;0.584824303399291
2020-04-12;13;0.570629196180928
2020-04-13;13;0.585117972867169
2020-04-14;13;0.625782380922882
2020-04-15;13;0.638255659108587
2020-04-16;13;0.660342720534142
2020-04-17;13;0.648807671732012
2020-04-18;13;0.653255703298688
2020-04-19;13;0.631375774442015
2020-04-20;13;0.630540534582916
2020-04-21;13;0.601884408100703
2020-04-22;13;0.587796153855312
2020-04-23;13;0.572195304214602
2020-04-24;13;0.563575079011218
2020-04-25;13;0.535772691906505
2020-04-26;13;0.542237338371152
2020-04-27;13;0.528476170503217
2020-04-28;13;0.517929343076595
2020-04-29;13;0.502410067083081
2020-04-30;13;0.475750030955935
2020-05-01;13;0.431992643122519
2020-05-02;13;0.41903529022919
2020-05-03;13;0.411026678819071
2020-05-04;13;0.347078065352491
2020-05-05;13;0.307960838080111
2020-05-06;13;0.28292038310411
2020-05-07;13;0.262308569883114
2020-05-08;13;0.23872707663207
2020-05-09;13;0.216241019151053
2020-05-10;13;0.172850120979844
2020-05-11;13;0.177064068715386
2020-05-12;13;0.164369565591615
2020-05-13;13;0.144661636611503
2020-05-14;13;0.133932116814657
2020-05-15;13;0.125716131561069
2020-05-16;13;0.123298276935797
2020-05-17;13;0.12601593696571
2020-05-18;13;0.132601711220983
2020-05-19;13;0.142385631463004
2020-05-20;13;0.151921424429878
2020-05-21;13;0.163980298540342
2020-05-22;13;0.175844343749742
2020-05-23;13;0.181684844331316
2020-05-24;13;0.192317064940245
2020-05-25;13;0.194376021370455
2020-05-26;13;0.186903503982048
2020-05-27;13;0.184516710914104
2020-05-28;13;0.18724062181395
2020-05-29;13;0.185442847570417
2020-05-30;13;0.188278188241552
2020-05-31;13;0.185608536464758
2020-06-01;13;0.192083262210365
2020-06-02;13;0.204329655698285
2020-06-03;13;0.216424194414781
2020-06-04;13;0.218962840012828
2020-06-05;13;0.240792908594079
2020-06-06;13;0.253080968589543
2020-06-07;13;0.264162456585382
2020-06-08;13;0.283697327001309
2020-06-09;13;0.294636399446947
2020-06-10;13;0.309760039705642
2020-06-11;13;0.327815882732508
2020-06-12;13;0.33955638009941
2020-06-13;13;0.358395819079424
2020-06-14;13;0.373610044623185
2020-06-15;13;0.37966220142161
2020-06-16;13;0.382516906742247
2020-06-17;13;0.384861533799631
2020-06-18;13;0.388510712769465
2020-06-19;13;0.380373992692374
2020-06-20;13;0.373069863885279
2020-06-21;13;0.377339821233931
2020-06-22;13;0.394265036200087
2020-06-23;13;0.413489898370783
2020-06-24;13;0.428837456801179
2020-06-25;13;0.440868245470575
2020-06-26;13;0.452070601214063
2020-06-27;13;0.469187396785616
2020-06-28;13;0.468440415388816
2020-06-29;13;0.472160227939314
2020-06-30;13;0.477532973842787
2020-07-01;13;0.486340724170022
2020-07-02;13;0.494369470785725
2020-07-03;13;0.494790879400662
2020-07-04;13;0.49941925595022
2020-07-05;13;0.508959710308931
2020-07-06;13;0.509138168337118
2020-07-07;13;0.50663645446504
2020-07-08;13;0.497026595577423
2020-07-09;13;0.496674272907801
2020-07-10;13;0.51892930991198
2020-07-11;13;0.508490005149734
2020-07-12;13;0.500499492668204
2020-07-13;13;0.495914490719024
2020-07-14;13;0.497705442328093
2020-07-15;13;0.498295574764791
2020-07-16;13;0.500778484417216
2020-07-17;13;0.488678292598507
2020-07-18;13;0.487451203573412
2020-07-19;13;0.492130127420927
2020-07-20;13;0.483349879636539
2020-07-21;13;0.491500843397258
2020-07-22;13;0.498231612628028
2020-07-23;13;0.490561706808033
2020-07-24;13;0.486665078442729
2020-07-25;13;0.472350977613395
2020-07-26;13;0.475418693091467
2020-07-27;13;0.479029117953216
2020-07-28;13;0.464660633485722
2020-07-29;13;0.453001459326547
2020-07-30;13;0.461069491150619
2020-07-31;13;0.46088052667594
2020-08-01;13;0.460472972188765
2020-08-02;13;0.447315077451923
2020-08-03;13;0.454692027837617
2020-08-04;13;0.45298768703974
2020-08-05;13;0.456292537375469
2020-08-06;13;0.4404307787257
2020-08-07;13;0.429079083576096
2020-08-08;13;0.433392602994174
2020-08-09;13;0.439600607668436
2020-08-10;13;0.445249673705451
2020-08-11;13;0.462893520541844
2020-08-12;13;0.459114144731589
2020-08-13;13;0.478896526620884
2020-08-14;13;0.492016929253482
2020-08-15;13;0.494095383586035
2020-08-16;13;0.487127500492319
2020-08-17;13;0.476394983300982
2020-08-18;13;0.461371800503713
2020-08-19;13;0.472880422967392
2020-08-20;13;0.466565379076444
2020-08-21;13;0.463160167935384
2020-08-22;13;0.455873438077564
2020-08-23;13;0.469331729195429
2020-08-24;13;0.473295647161167
2020-08-25;13;0.481611026720664
2020-08-26;13;0.485770679071602
2020-08-27;13;0.476877467428091
2020-08-28;13;0.463445152861194
2020-08-29;13;0.462367221064878
2020-08-30;13;0.44031921487053
2020-08-31;13;0.443083112181669
2020-09-01;13;0.430776222247444
2020-09-02;13;0.423419382374697
2020-03-18;14;NA
2020-03-21;14;NA
2020-03-22;14;NA
2020-03-23;14;NA
2020-03-24;14;NA
2020-03-25;14;NA
2020-03-26;14;0.19047619047619
2020-03-27;14;0.19047619047619
2020-03-28;14;0.142857142857143
2020-03-29;14;0.196428571428571
2020-03-30;14;0.0535714285714286
2020-03-31;14;0.0535714285714286
2020-04-01;14;0.0535714285714286
2020-04-02;14;0.0535714285714286
2020-04-03;14;0.0535714285714286
2020-04-05;14;0.0535714285714286
2020-04-06;14;-7.93016446160826e-18
2020-04-07;14;-7.93016446160826e-18
2020-04-08;14;-7.93016446160826e-18
2020-04-11;14;-7.93016446160826e-18
2020-04-12;14;-7.93016446160826e-18
2020-04-13;14;-7.93016446160826e-18
2020-04-15;14;0.142857142857143
2020-04-17;14;0.142857142857143
2020-04-18;14;0.285714285714286
2020-04-19;14;0.428571428571429
2020-04-21;14;0.571428571428571
2020-04-23;14;0.714285714285714
2020-04-28;14;0.785714285714286
2020-04-29;14;0.785714285714286
2020-05-04;14;0.785714285714286
2020-05-05;14;0.642857142857143
2020-05-06;14;0.642857142857143
2020-05-07;14;0.642857142857143
2020-05-09;14;0.642857142857143
2020-05-11;14;0.619047619047619
2020-05-12;14;0.619047619047619
2020-05-13;14;0.733333333333333
2020-05-14;14;0.733333333333333
2020-05-15;14;0.59047619047619
2020-05-16;14;0.447619047619048
2020-05-17;14;0.313165266106443
2020-05-18;14;0.365546218487395
2020-05-19;14;0.28391356542617
2020-05-20;14;0.183233293317327
2020-05-21;14;0.32609043617447
2020-05-22;14;0.428131252501
2020-05-23;14;0.535274109643858
2020-05-24;14;0.598299319727891
2020-05-25;14;0.569727891156463
2020-05-26;14;0.549319727891156
2020-05-27;14;0.635714285714286
2020-05-28;14;0.6
2020-05-29;14;0.593197278911565
2020-05-30;14;0.557482993197279
2020-05-31;14;0.62891156462585
2020-06-01;14;0.679931972789116
2020-06-02;14;0.728401360544218
2020-06-03;14;0.685544217687075
2020-06-04;14;0.705385487528345
2020-06-05;14;0.753004535147392
2020-06-06;14;0.816914309583482
2020-06-07;14;0.816914309583482
2020-06-08;14;0.815344450870767
2020-06-09;14;0.868915879442195
2020-06-10;14;0.940344450870767
2020-06-11;14;0.826347336873653
2020-06-12;14;0.790633051159367
2020-06-13;14;0.655294705294705
2020-06-15;14;0.655294705294705
2020-06-16;14;0.638311688311688
2020-06-17;14;0.573376623376623
2020-06-18;14;0.551948051948052
2020-06-19;14;0.658008658008658
2020-06-20;14;0.646103896103896
2020-06-21;14;0.646103896103896
2020-06-22;14;0.633116883116883
2020-06-23;14;0.672077922077922
2020-06-24;14;0.67034632034632
2020-06-25;14;0.688203463203463
2020-06-26;14;0.648520923520923
2020-06-27;14;0.696139971139971
2020-06-28;14;0.803282828282828
2020-06-29;14;0.816269841269841
2020-06-30;14;0.792460317460318
2020-07-01;14;0.859126984126984
2020-07-02;14;0.856575963718821
2020-07-03;14;0.862925170068027
2020-07-04;14;0.862925170068027
2020-07-05;14;0.827210884353741
2020-07-06;14;0.806802721088435
2020-07-07;14;0.830612244897959
2020-07-08;14;0.830612244897959
2020-07-09;14;0.835147392290249
2020-07-10;14;0.844671201814059
2020-07-11;14;0.797052154195011
2020-07-12;14;0.868480725623583
2020-07-13;14;0.873015873015873
2020-07-14;14;0.867063492063492
2020-07-15;14;0.838492063492064
2020-07-16;14;0.854365079365079
2020-07-17;14;0.901984126984127
2020-07-18;14;0.913888888888889
2020-07-19;14;0.913888888888889
2020-07-20;14;0.886904761904762
2020-07-21;14;0.845238095238095
2020-07-22;14;0.85
2020-07-23;14;0.85
2020-07-24;14;0.85
2020-07-25;14;0.838095238095238
2020-07-26;14;0.838095238095238
2020-07-27;14;0.880952380952381
2020-07-28;14;0.880952380952381
2020-07-29;14;0.904761904761905
2020-07-30;14;0.904761904761905
2020-07-31;14;0.884353741496599
2020-08-01;14;0.884353741496599
2020-08-02;14;0.884353741496599
2020-08-03;14;0.884353741496599
2020-08-04;14;0.931972789115646
2020-08-05;14;0.914115646258503
2020-08-06;14;0.866496598639456
2020-08-07;14;0.844047619047619
2020-08-08;14;0.867857142857143
2020-08-09;14;0.796428571428571
2020-08-10;14;0.767857142857143
2020-08-11;14;0.739285714285714
2020-08-12;14;0.757142857142857
2020-08-13;14;0.780952380952381
2020-08-15;14;0.823809523809524
2020-08-16;14;0.847619047619048
2020-08-17;14;0.919047619047619
2020-08-18;14;0.911904761904762
2020-08-19;14;0.94047619047619
2020-08-20;14;0.94047619047619
2020-08-21;14;0.964285714285714
2020-08-22;14;0.928571428571429
2020-08-23;14;0.928571428571429
2020-08-24;14;0.928571428571429
2020-08-25;14;0.948412698412698
2020-08-26;14;0.924603174603175
2020-08-27;14;0.845238095238095
2020-08-28;14;0.797619047619048
2020-08-29;14;0.804761904761905
2020-08-30;14;0.725396825396825
2020-08-31;14;0.698611111111111
2020-09-01;14;0.702579365079365
2020-09-02;14;0.685572562358277
2020-03-16;15;NA
2020-03-20;15;NA
2020-03-23;15;NA
2020-03-25;15;NA
2020-03-26;15;NA
2020-03-27;15;NA
2020-03-28;15;0
2020-03-29;15;0
2020-03-30;15;0
2020-03-31;15;0
2020-04-01;15;0
2020-04-02;15;0.0857142857142857
2020-04-03;15;0.114285714285714
2020-04-04;15;0.138095238095238
2020-04-05;15;0.280952380952381
2020-04-06;15;0.376190476190476
2020-04-07;15;0.42014652014652
2020-04-08;15;0.563003663003663
2020-04-09;15;0.477289377289377
2020-04-10;15;0.448717948717949
2020-04-11;15;0.424908424908425
2020-04-12;15;0.282051282051282
2020-04-13;15;0.186813186813187
2020-04-15;15;0.142857142857143
2020-04-16;15;0.0952380952380952
2020-04-17;15;0.238095238095238
2020-04-18;15;0.380952380952381
2020-04-19;15;0.523809523809524
2020-04-20;15;0.666666666666667
2020-04-21;15;0.714285714285714
2020-04-22;15;0.839285714285714
2020-04-23;15;0.886904761904762
2020-04-24;15;0.744047619047619
2020-04-27;15;0.744047619047619
2020-04-28;15;0.708333333333333
2020-04-29;15;0.643398268398268
2020-04-30;15;0.667207792207792
2020-05-03;15;0.542207792207792
2020-05-04;15;0.399350649350649
2020-05-05;15;0.542207792207792
2020-05-06;15;0.542207792207792
2020-05-07;15;0.562049062049062
2020-05-08;15;0.626984126984127
2020-05-09;15;0.650793650793651
2020-05-10;15;NA
2020-05-11;15;NA
2020-05-12;15;NA
2020-05-13;15;NA
2020-05-14;15;NA
2020-05-15;15;NA
2020-05-16;15;NA
2020-05-17;15;0.732575757575758
2020-05-18;15;0.708766233766234
2020-05-19;15;0.701623376623377
2020-05-20;15;0.668970315398887
2020-05-21;15;0.705045351473923
2020-05-22;15;0.680370026798598
2020-05-23;15;0.693941455370027
2020-05-24;15;0.643941455370027
2020-05-25;15;0.673353220075909
2020-05-26;15;0.609067505790195
2020-05-27;15;0.52743485272897
2020-05-28;15;0.518097784568373
2020-05-29;15;0.467773109243697
2020-05-30;15;0.427941176470588
2020-05-31;15;0.433985132514544
2020-06-01;15;0.423737130874864
2020-06-02;15;0.52195141658915
2020-06-03;15;0.609253003890737
2020-06-04;15;0.57385702731829
2020-06-05;15;0.584571313032576
2020-06-06;15;0.621546102948542
2020-06-07;15;0.568359289761729
2020-06-08;15;0.569603689960833
2020-06-09;15;0.58299654710369
2020-06-10;15;0.586880370136449
2020-06-11;15;0.622089605345684
2020-06-12;15;0.674206007462086
2020-06-13;15;0.641875180394417
2020-06-14;15;0.730854772231152
2020-06-15;15;0.702793547741356
2020-06-16;15;0.672819057945438
2020-06-17;15;0.670303598350007
2020-06-18;15;0.67253440058081
2020-06-19;15;0.680355886663165
2020-06-20;15;0.724931611690018
2020-06-21;15;0.685475829377093
2020-06-22;15;0.730944016652003
2020-06-23;15;0.759910441931792
2020-06-24;15;0.800620545101232
2020-06-25;15;0.815128559609246
2020-06-26;15;0.805190671410489
2020-06-27;15;0.746006997941101
2020-06-28;15;0.764471526609711
2020-06-29;15;0.777251638654529
2020-06-30;15;0.776542670203625
2020-07-01;15;0.760370163465081
2020-07-02;15;0.743965515481485
2020-07-03;15;0.764600436116406
2020-07-04;15;0.843407343494742
2020-07-05;15;0.866068355951673
2020-07-06;15;0.876934911876368
2020-07-07;15;0.873654610088604
2020-07-08;15;0.885447062918792
2020-07-09;15;0.889557338608015
2020-07-10;15;0.862610125614291
2020-07-11;15;0.846456279460445
2020-07-12;15;0.83431624558128
2020-07-13;15;0.794932373639269
2020-07-14;15;0.811312158725192
2020-07-15;15;0.793895932975633
2020-07-16;15;0.728113620050463
2020-07-17;15;0.70484310583531
2020-07-18;15;0.707810138802343
2020-07-19;15;0.656715788018551
2020-07-20;15;0.663633622659158
2020-07-21;15;0.619635626109545
2020-07-22;15;0.583935382341361
2020-07-23;15;0.606804530000424
2020-07-24;15;0.61495876514581
2020-07-25;15;0.530291051906668
2020-07-26;15;0.560336403380591
2020-07-27;15;0.53191207523349
2020-07-28;15;0.482180375324611
2020-07-29;15;0.458586583272938
2020-07-30;15;0.423245780285076
2020-07-31;15;0.363514931423793
2020-08-01;15;0.341084337564627
2020-08-02;15;0.24862402010431
2020-08-03;15;0.232249810243374
2020-08-04;15;0.254010321676863
2020-08-05;15;0.20572058324628
2020-08-06;15;0.214547923706273
2020-08-07;15;0.202430033071759
2020-08-08;15;0.203269381737194
2020-08-09;15;0.276738769492296
2020-08-10;15;0.300263558503811
2020-08-11;15;0.310467640136464
2020-08-12;15;0.433324782993607
2020-08-13;15;0.511388520804002
2020-08-14;15;0.587154310991045
2020-08-15;15;0.696425072435719
2020-08-16;15;0.714282215292862
2020-08-17;15;0.741443928501087
2020-08-18;15;0.796886105371835
2020-08-19;15;0.793076581562311
2020-08-20;15;0.751820423926843
2020-08-21;15;0.771929347261573
2020-08-22;15;0.754631829964056
2020-08-23;15;0.77312672792324
2020-08-24;15;0.75907634032634
2020-08-25;15;0.761457292707293
2020-08-26;15;0.733984765234765
2020-08-27;15;0.738576601969459
2020-08-28;15;0.714550627943485
2020-08-29;15;0.728167445908129
2020-08-30;15;0.696067105772075
2020-08-31;15;0.722852820057789
2020-09-01;15;0.693090915295884
2020-09-02;15;0.657906801164402
2020-03-11;16;NA
2020-03-12;16;NA
2020-03-13;16;NA
2020-03-14;16;NA
2020-03-15;16;NA
2020-03-16;16;NA
2020-03-17;16;0.349206349206349
2020-03-18;16;0.349206349206349
2020-03-19;16;0.206349206349206
2020-03-20;16;0.0634920634920635
2020-03-21;16;0.120634920634921
2020-03-22;16;0.142857142857143
2020-03-23;16;0.142857142857143
2020-03-24;16;0.142857142857143
2020-03-25;16;0.142857142857143
2020-03-26;16;0.142857142857143
2020-03-27;16;0.171428571428571
2020-03-28;16;0.128571428571429
2020-03-29;16;0.0714285714285715
2020-03-30;16;0.125
2020-03-31;16;0.172619047619048
2020-04-01;16;0.172619047619048
2020-04-02;16;0.258333333333333
2020-04-03;16;0.236255411255411
2020-04-04;16;0.276914751914752
2020-04-05;16;0.355486180486181
2020-04-06;16;0.373343323343323
2020-04-07;16;0.468581418581419
2020-04-08;16;0.611438561438561
2020-04-09;16;0.525724275724276
2020-04-10;16;0.662087912087912
2020-04-12;16;0.607142857142857
2020-04-13;16;0.642857142857143
2020-04-14;16;0.685714285714286
2020-04-15;16;0.542857142857143
2020-04-16;16;0.471428571428571
2020-04-17;16;0.614285714285714
2020-04-18;16;0.614285714285714
2020-04-19;16;0.614285714285714
2020-04-20;16;0.614285714285714
2020-04-21;16;0.642857142857143
2020-04-22;16;0.785714285714286
2020-04-23;16;0.755102040816327
2020-04-24;16;0.755102040816327
2020-04-25;16;0.712244897959184
2020-04-26;16;0.855102040816327
2020-04-27;16;0.764192949907236
2020-04-28;16;0.692764378478664
2020-04-29;16;0.692764378478664
2020-04-30;16;0.794805194805195
2020-05-01;16;0.651948051948052
2020-05-02;16;0.674397031539889
2020-05-03;16;0.674397031539889
2020-05-04;16;0.708163265306123
2020-05-06;16;0.779591836734694
2020-05-07;16;0.69030612244898
2020-05-08;16;0.547448979591837
2020-05-09;16;0.666496598639456
2020-05-10;16;0.660930735930736
2020-05-11;16;0.592359307359307
2020-05-12;16;0.578073593073593
2020-05-13;16;0.445420531849103
2020-05-14;16;0.463277674706246
2020-05-15;16;0.57387675304726
2020-05-16;16;0.550067229237736
2020-05-17;16;0.490326969497476
2020-05-18;16;0.525931365101872
2020-05-19;16;0.48511503857126
2020-05-20;16;0.480405462433112
2020-05-21;16;0.551834033861684
2020-05-22;16;0.55112506541078
2020-05-23;16;0.588540031397174
2020-05-24;16;0.626635269492412
2020-05-25;16;0.534602302459445
2020-05-26;16;0.509484563055992
2020-05-27;16;0.641132914704343
2020-05-28;16;0.580693354264783
2020-05-29;16;0.586187859759288
2020-05-30;16;0.534280140149705
2020-05-31;16;0.56891217478174
2020-06-01;16;0.69391217478174
2020-06-02;16;0.818287799157364
2020-06-03;16;0.815073513443079
2020-06-04;16;0.860475479897677
2020-06-05;16;0.881736827245981
2020-06-06;16;0.938354122993711
2020-06-07;16;0.951341135980724
2020-06-08;16;0.931499866139454
2020-06-09;16;0.932582117221705
2020-06-10;16;0.929265790691093
2020-06-11;16;0.910689939297904
2020-06-12;16;0.916901119422128
2020-06-13;16;0.903962445193131
2020-06-14;16;0.903962445193131
2020-06-15;16;0.914063455294141
2020-06-16;16;0.921284376449489
2020-06-17;16;0.933529274408672
2020-06-18;16;0.939931835433082
2020-06-19;16;0.926326393256211
2020-06-20;16;0.944759572979714
2020-06-21;16;0.934555491347061
2020-06-22;16;0.913239850466202
2020-06-23;16;0.894114167406093
2020-06-24;16;0.88595090209997
2020-06-25;16;0.908960105781443
2020-06-26;16;0.917463507141987
2020-06-27;16;0.917463507141987
2020-06-28;16;0.905689566796618
2020-06-29;16;0.919938744728661
2020-06-30;16;0.935811760601677
2020-07-01;16;0.939048917533415
2020-07-02;16;0.933726788681874
2020-07-03;16;0.918420666232895
2020-07-04;16;0.901613943543819
2020-07-05;16;0.923591965521841
2020-07-06;16;0.93529664739459
2020-07-07;16;0.943233155331098
2020-07-08;16;0.940437255983474
2020-07-09;16;0.946984875031094
2020-07-10;16;0.961440657344019
2020-07-11;16;0.978247380033094
2020-07-12;16;0.978247380033094
2020-07-13;16;0.972144939056704
2020-07-14;16;0.869287796199561
2020-07-15;16;0.86148185361101
2020-07-16;16;0.854253962454547
2020-07-17;16;0.830131155437003
2020-07-18;16;0.830131155437003
2020-07-19;16;0.830131155437003
2020-07-20;16;0.829430875324958
2020-07-21;16;0.916981895733122
2020-07-22;16;0.896795560329395
2020-07-23;16;0.830809165771572
2020-07-24;16;0.860884353741497
2020-07-25;16;0.860884353741497
2020-07-26;16;0.832312925170068
2020-07-27;16;0.830824829931973
2020-07-28;16;0.832525510204082
2020-07-29;16;0.843395075421473
2020-07-30;16;0.903102035128433
2020-07-31;16;0.869088429686256
2020-08-01;16;0.845278905876732
2020-08-02;16;0.873850334448161
2020-08-03;16;0.872464866467865
2020-08-04;16;0.862904285478713
2020-08-05;16;0.878532416113856
2020-08-06;16;0.88023760747422
2020-08-07;16;0.898378197043381
2020-08-08;16;0.922187720852904
2020-08-09;16;0.922187720852904
2020-08-10;16;0.92454368572761
2020-08-11;16;0.937127698311622
2020-08-12;16;0.912730842795222
2020-08-13;16;0.879890120299327
2020-08-14;16;0.880457013723364
2020-08-15;16;0.880457013723364
2020-08-16;16;0.867064156580507
2020-08-17;16;0.871550008892446
2020-08-18;16;0.871679057801983
2020-08-19;16;0.889419487307118
2020-08-20;16;0.924433492909359
2020-08-21;16;0.936763424882148
2020-08-22;16;0.92836006353761
2020-08-23;16;0.941752920680467
2020-08-24;16;0.941286067272437
2020-08-25;16;0.943457455445947
2020-08-26;16;0.959330471318962
2020-08-27;16;0.957851006293516
2020-08-28;16;0.951303387245897
2020-08-29;16;0.95478064021605
2020-08-30;16;0.946844132279542
2020-08-31;16;0.92108600294085
2020-09-01;16;0.92387307094531
2020-09-02;16;0.901895048967288
