"fecha";"region";"provincia";"prob48.estimado";"prob48.linf";"prob48.lsup"
2020-03-08;"15";"151";0.0917391534102459;0.0435108606421637;0.155356689051213
2020-03-15;"15";"151";0.0917391534102459;0.0435108606421637;0.155356689051213
2020-03-22;"15";"151";0.0975127706113788;0.0249182598703141;0.210840082142535
2020-03-29;"15";"151";0.0674576593986358;0.0168220374949674;0.148139271830279
2020-04-05;"15";"151";0.13821126704671;0.0800657762941802;0.209818132354351
2020-04-12;"15";"151";0.258721427093985;0.178447396096315;0.347232161261916
2020-04-19;"15";"151";0.135696947562402;0.0723486189711461;0.214077082082102
2020-04-26;"15";"151";0.222478693375082;0.148130827404276;0.307159492466896
2020-05-03;"15";"151";0.192658598617822;0.116778697893915;0.282318641695703
2020-05-10;"15";"151";0.235683460252715;0.148802973127828;0.334895519602143
2020-05-17;"15";"151";0.232204850236585;0.163015458036153;0.309398348093605
2020-05-24;"15";"151";0.256148485963397;0.195326808138395;0.32235876329913
2020-05-31;"15";"151";0.2473538583402;0.192824485103885;0.305859361251484
2020-06-07;"15";"151";0.337421513817858;0.28463886170466;0.392687835886832
2020-06-14;"15";"151";0.329194298092803;0.277184928710353;0.382979957601684
2020-06-21;"15";"151";0.392724813980921;0.340349892957934;0.446540816170676
2020-06-28;"15";"151";0.347282083254724;0.299874237959387;0.396691586976769
2020-07-05;"15";"151";0.356482489558493;0.312559811024244;0.401381435229214
2020-07-12;"15";"151";0.339054166357296;0.303785535157513;0.375342647905477
2020-07-19;"15";"151";0.298087010105161;0.259301003114013;0.334115199955172
2020-07-26;"15";"151";0.255938386403752;0.208620497532704;0.299180110755387
2020-08-02;"15";"151";0.226139232921804;0.16314773956636;0.267064889031541
2020-08-09;"15";"151";0.222162807100379;0.148104608328416;0.288648127696574
2020-03-08;"15";"152";0.0971439943636615;0.045678791732801;0.16562169172657
2020-03-15;"15";"152";0.0971439943636615;0.045678791732801;0.16562169172657
2020-03-22;"15";"152";0.0961750280134612;0.0243729398173694;0.207582232658368
2020-03-29;"15";"152";0.0968136208314684;0.0241468118472097;0.208557283507704
2020-04-05;"15";"152";0.0961504615330386;0.0236478850847861;0.212555349717979
2020-04-12;"15";"152";0.0966306653328346;0.0235294244463608;0.211916457029445
2020-04-19;"15";"152";0.0978718633499785;0.0243636803591002;0.216596907229582
2020-04-26;"15";"152";0.0971496693429808;0.0240556475156844;0.214131656870682
2020-05-03;"15";"152";0.0969497321952884;0.0244059165431973;0.209970310178347
2020-05-10;"15";"152";0.0962189627244527;0.0243107978209493;0.208932145439497
2020-05-17;"15";"152";0.0973229821638219;0.0238988982356842;0.213010561244691
2020-05-24;"15";"152";0.0957656026309723;0.0235636952604976;0.210566489456658
2020-05-31;"15";"152";0.1034444175725;0.026172226867805;0.222913908637608
2020-06-07;"15";"152";0.095222996937026;0.023108607793574;0.209081514055961
2020-06-14;"15";"152";0.169015045488865;0.075385001403045;0.291047112993733
2020-06-21;"15";"152";0.102923720005556;0.0252184575483163;0.226952771899012
2020-06-28;"15";"152";0.117389627908464;0.031999752361275;0.243208513240293
2020-07-05;"15";"152";0.141855387030688;0.050838390287037;0.264582432536134
2020-07-12;"15";"152";0.257160813765395;0.136961686897517;0.398546760934964
2020-07-19;"15";"152";0.156754091278555;0.0495909036129858;0.313053403387325
2020-07-26;"15";"152";0.177046772129176;0.0415773722272852;0.394717575030831
2020-08-02;"15";"152";0.0532105740087787;4.31949856740434e-05;0.228957726501288
2020-08-09;"15";"152";0.122148117712459;0.00689355590630895;0.385230759388652
2020-03-08;"1";"011";0.0945781967102731;0.044840741205794;0.160481674441712
2020-03-15;"1";"011";0.0945781967102731;0.044840741205794;0.160481674441712
2020-03-22;"1";"011";0.0736622598169798;0.0181200372452788;0.161378755042265
2020-03-29;"1";"011";0.0724506925401155;0.0178533977471722;0.159817564500515
2020-04-05;"1";"011";0.0644930443033838;0.0156360557492228;0.142849390439239
2020-04-12;"1";"011";0.0867177441038862;0.028938155152878;0.169884037748164
2020-04-19;"1";"011";0.0904254210164255;0.0345847828531033;0.172021194976531
2020-04-26;"1";"011";0.169819216439597;0.106987141175773;0.244162863056822
2020-05-03;"1";"011";0.190408497942981;0.143111311990627;0.242287080648999
2020-05-10;"1";"011";0.113453419101619;0.0835185807885129;0.147651707183875
2020-05-17;"1";"011";0.139426366724208;0.114015664163195;0.16676980903531
2020-05-24;"1";"011";0.167676395338748;0.142950875314369;0.193967880259633
2020-05-31;"1";"011";0.226316765275518;0.197536825318225;0.256344104493095
2020-06-07;"1";"011";0.228955319888026;0.198968406131737;0.260625099066822
2020-06-14;"1";"011";0.302879839184355;0.268593294416656;0.338377401122373
2020-06-21;"1";"011";0.301992543848108;0.265804968880066;0.339449427248273
2020-06-28;"1";"011";0.315805440836721;0.276603779461154;0.35617727167377
2020-07-05;"1";"011";0.302551716059819;0.262650948985469;0.344350347719023
2020-07-12;"1";"011";0.344225116253858;0.298991819755352;0.390606826151236
2020-07-19;"1";"011";0.267225563712346;0.22303977556285;0.312391818264427
2020-07-26;"1";"011";0.264848480857334;0.211377499354666;0.316247837584111
2020-08-02;"1";"011";0.373458554743085;0.306347220542681;0.431493358482158
2020-08-09;"1";"011";0.321176000624714;0.192459077412504;0.455370949873281
2020-03-08;"1";"014";0.0963930065899876;0.0457950445959693;0.163178906974802
2020-03-15;"1";"014";0.0963930065899876;0.0457950445959693;0.163178906974802
2020-03-22;"1";"014";0.0937181601686016;0.0235570795895238;0.204693654082667
2020-03-29;"1";"014";0.0884305418146472;0.0221942595836504;0.194526230486967
2020-04-05;"1";"014";0.0760124387389813;0.0187616530771749;0.169160813057916
2020-04-12;"1";"014";0.0684639522937476;0.0164623007350475;0.154017576608138
2020-04-19;"1";"014";0.0816132189420122;0.019213265349256;0.182567888037052
2020-04-26;"1";"014";0.0951113611681954;0.0232814027138094;0.210709535479848
2020-05-03;"1";"014";0.0694047546964869;0.0170048545333653;0.155663097441117
2020-05-10;"1";"014";0.15396548660172;0.0659294841232624;0.268992309496418
2020-05-17;"1";"014";0.0720708502468974;0.0216048586254791;0.149038021287478
2020-05-24;"1";"014";0.112630315917759;0.0556620255902102;0.185567523661627
2020-05-31;"1";"014";0.112201618086793;0.0614169348886443;0.176442421877754
2020-06-07;"1";"014";0.1450102044374;0.0938097079518944;0.205143576831653
2020-06-14;"1";"014";0.277179536602801;0.211767874884986;0.348075554777449
2020-06-21;"1";"014";0.210350272751785;0.14355220447822;0.284785616129639
2020-06-28;"1";"014";0.215231672474113;0.145072584538218;0.294039649837872
2020-07-05;"1";"014";0.364411651913123;0.295363210654249;0.436923420519799
2020-07-12;"1";"014";0.307858819276849;0.236319269581026;0.384976194375147
2020-07-19;"1";"014";0.27054556157576;0.193252660155973;0.353446143967817
2020-07-26;"1";"014";0.270764488048978;0.181077190183467;0.370631365915262
2020-08-02;"1";"014";0.69719127640348;0.552847704372221;0.798017106710848
2020-08-09;"1";"014";0.336913155124173;0.165025507440343;0.53723573274921
2020-03-08;"2";"021";0.0891755738568822;0.0420711207283456;0.151846573470149
2020-03-15;"2";"021";0.0891755738568822;0.0420711207283456;0.151846573470149
2020-03-22;"2";"021";0.0568514629128005;0.0139147474999226;0.126302619617833
2020-03-29;"2";"021";0.0500924856400059;0.0122922497106102;0.11224687244684
2020-04-05;"2";"021";0.0748385127140029;0.0291768162119993;0.138966534190076
2020-04-12;"2";"021";0.0839756519678415;0.0399977306848136;0.142066166427875
2020-04-19;"2";"021";0.107334451130967;0.0649574682964497;0.159076513547932
2020-04-26;"2";"021";0.190811875358268;0.142718950103428;0.243529822468214
2020-05-03;"2";"021";0.196149040167274;0.154657091222122;0.240764556084252
2020-05-10;"2";"021";0.0310740947979122;0.0162841534597792;0.0501414207780591
2020-05-17;"2";"021";0.0499654979862938;0.0310596980152828;0.07287855803857
2020-05-24;"2";"021";0.0590598244376454;0.0364771942568999;0.0862461197141922
2020-05-31;"2";"021";0.115874615782474;0.0866791863743371;0.148644519690056
2020-06-07;"2";"021";0.087932147714978;0.0650201145542896;0.113736939371156
2020-06-14;"2";"021";0.142157029580622;0.116250430501011;0.170038072527124
2020-06-21;"2";"021";0.136727722949309;0.11317238798968;0.161979656869566
2020-06-28;"2";"021";0.117210923898463;0.0966972727168072;0.139554644380927
2020-07-05;"2";"021";0.163696260075997;0.140790636999656;0.187716759449164
2020-07-12;"2";"021";0.256801465061595;0.227024679221337;0.287755944913945
2020-07-19;"2";"021";0.271131378006131;0.229601265136451;0.310552840573292
2020-07-26;"2";"021";0.259875775985677;0.21464541437041;0.303184978032879
2020-08-02;"2";"021";0.266516508218098;0.209518027806993;0.309001824273089
2020-08-09;"2";"021";0.23312724434743;0.145233067391637;0.323126220256029
2020-03-08;"2";"022";0.0932897464153451;0.0440792460967287;0.158506601223846
2020-03-15;"2";"022";0.0932897464153451;0.0440792460967287;0.158506601223846
2020-03-22;"2";"022";0.0817295101473706;0.0205129624147156;0.180952210409987
2020-03-29;"2";"022";0.0860988463497094;0.0215342809035928;0.189489240385805
2020-04-05;"2";"022";0.0709259132190954;0.0168544362818184;0.157751562889809
2020-04-12;"2";"022";0.0821016919609533;0.025439708260251;0.167360435522231
2020-04-19;"2";"022";0.0695360067404386;0.0167135559587583;0.152867168992494
2020-04-26;"2";"022";0.118347643867974;0.0576179631457965;0.196527296407009
2020-05-03;"2";"022";0.0745973634263745;0.0292091945921385;0.137435425739699
2020-05-10;"2";"022";0.0513272342801501;0.0205456474497209;0.0949522182400531
2020-05-17;"2";"022";0.0219827834694641;0.00807568308603086;0.0424052940623038
2020-05-24;"2";"022";0.014144026340823;0.00416341094583866;0.0300075867648081
2020-05-31;"2";"022";0.0135078135537392;0.00467231359644328;0.0266661525898056
2020-06-07;"2";"022";0.036769491447616;0.0248905011069137;0.0507978764458522
2020-06-14;"2";"022";0.0705214909137851;0.0555304780294003;0.0871918665582717
2020-06-21;"2";"022";0.193231443046573;0.168583509203257;0.219517408714339
2020-06-28;"2";"022";0.282094046524479;0.250425239512286;0.314585074732982
2020-07-05;"2";"022";0.311596273077089;0.277755181245814;0.346453652561411
2020-07-12;"2";"022";0.314694202488312;0.27526350306309;0.355456526712534
2020-07-19;"2";"022";0.354437807760707;0.30569277567838;0.402693715574014
2020-07-26;"2";"022";0.323554758076816;0.256093713609705;0.388288402926059
2020-08-02;"2";"022";0.547131394682278;0.43423722521548;0.627786510932703
2020-08-09;"2";"022";0.514350361323657;0.3380725622228;0.665863972606898
2020-03-08;"2";"023";0.0966287361007777;0.0453694969502626;0.163893394777779
2020-03-15;"2";"023";0.0966287361007777;0.0453694969502626;0.163893394777779
2020-03-22;"2";"023";0.0894672657870904;0.0218455454339576;0.197456553284671
2020-03-29;"2";"023";0.0977749331870352;0.0249940398466147;0.213602772360892
2020-04-05;"2";"023";0.084859743703542;0.0205795347410962;0.187642547828572
2020-04-12;"2";"023";0.0986309298158445;0.0312705000748968;0.199228649402347
2020-04-19;"2";"023";0.0783865649099028;0.0188771109889223;0.173321262590794
2020-04-26;"2";"023";0.100338865790027;0.0359323154115219;0.193885779315325
2020-05-03;"2";"023";0.0823238592461924;0.0327765078095917;0.151641784837888
2020-05-10;"2";"023";0.0433949143821015;0.0107541898748386;0.0953309184827916
2020-05-17;"2";"023";0.0455507627303156;0.0108033486745686;0.103174734665232
2020-05-24;"2";"023";0.0548022646541503;0.0124632881325644;0.124963252929462
2020-05-31;"2";"023";0.0801707160451532;0.0235500619360011;0.167962318451201
2020-06-07;"2";"023";0.0726508444193073;0.0178279243647585;0.159612254789279
2020-06-14;"2";"023";0.080725811530994;0.0252433317036534;0.165314952936452
2020-06-21;"2";"023";0.106850253672792;0.0564206658337469;0.172065583605968
2020-06-28;"2";"023";0.0805196484915593;0.0382508043523715;0.135519289102746
2020-07-05;"2";"023";0.184881966792423;0.112898000266133;0.269716022776925
2020-07-12;"2";"023";0.233422464341262;0.131992150080998;0.351719695709698
2020-07-19;"2";"023";0.31929470518885;0.201477715922998;0.449534275646278
2020-07-26;"2";"023";0.303422568516795;0.151693462040323;0.48514314546035
2020-08-02;"2";"023";0.413361418082547;0.223826192058759;0.617125160580295
2020-08-09;"2";"023";0.448923131989787;0.161444811412472;0.779560311156782
2020-03-08;"3";"031";0.0955098845531488;0.0447242713874503;0.162787168627055
2020-03-15;"3";"031";0.0955098845531488;0.0447242713874503;0.162787168627055
2020-03-22;"3";"031";0.0975681771182986;0.0241229368035246;0.215526763032767
2020-03-29;"3";"031";0.0881563651793371;0.0219781414098458;0.194298188411265
2020-04-05;"3";"031";0.0959787732010602;0.0233724472591534;0.208784878175197
2020-04-12;"3";"031";0.080625298349977;0.0194970296644796;0.178126885719454
2020-04-19;"3";"031";0.106395138999273;0.0271404184933167;0.2295917698626
2020-04-26;"3";"031";0.115441206185624;0.0321695116436512;0.227083043419526
2020-05-03;"3";"031";0.161057153176348;0.0818972297239855;0.260187501022738
2020-05-10;"3";"031";0.233957157639524;0.120641542779228;0.367748730725382
2020-05-17;"3";"031";0.232296090682845;0.124703243616375;0.359599557557782
2020-05-24;"3";"031";0.282106835504716;0.177703421528905;0.398461550660853
2020-05-31;"3";"031";0.242603696159958;0.163891052798035;0.331125565304674
2020-06-07;"3";"031";0.226256852921325;0.165701600525939;0.292458072739525
2020-06-14;"3";"031";0.111406853650313;0.0694902990091749;0.161732812054071
2020-06-21;"3";"031";0.167398617043201;0.118324652234858;0.22182634247489
2020-06-28;"3";"031";0.21422739897942;0.161028453946042;0.272131046658524
2020-07-05;"3";"031";0.289927430480788;0.232969509410984;0.350250094792026
2020-07-12;"3";"031";0.300717213790982;0.246279780393732;0.358278418349283
2020-07-19;"3";"031";0.298572833697563;0.249008897892381;0.348904342993321
2020-07-26;"3";"031";0.21832948445629;0.170003980385857;0.264784553152565
2020-08-02;"3";"031";0.202316983554564;0.155132743096593;0.240182159736404
2020-08-09;"3";"031";0.121300727917702;0.0711591849377398;0.179390662688729
2020-03-08;"3";"032";0.096799490762894;0.0456420013897467;0.163747634255597
2020-03-15;"3";"032";0.096799490762894;0.0456420013897467;0.163747634255597
2020-03-22;"3";"032";0.0965054740182125;0.0242793449250273;0.210181882129192
2020-03-29;"3";"032";0.0994396192429084;0.0252991674803762;0.216179647098296
2020-04-05;"3";"032";0.0961966903026853;0.0237879088192558;0.21236268015486
2020-04-12;"3";"032";0.0971997648676722;0.0242784695987356;0.211916339908789
2020-04-19;"3";"032";0.0974666611372655;0.0241234284601027;0.212655451933429
2020-04-26;"3";"032";0.0983733727889876;0.0246972575756528;0.213847372981853
2020-05-03;"3";"032";0.10139321506877;0.0253571361012375;0.219029163436768
2020-05-10;"3";"032";0.111556013725756;0.0289705655599075;0.235410210115241
2020-05-17;"3";"032";0.116511045167091;0.0366741832586164;0.234319218505643
2020-05-24;"3";"032";0.136794750046979;0.0499479414675452;0.258187265010031
2020-05-31;"3";"032";0.11265295421543;0.0358503780939857;0.224435312514107
2020-06-07;"3";"032";0.0917007832462896;0.0239972651765918;0.197936438800675
2020-06-14;"3";"032";0.115028464742093;0.0417784813017163;0.218710991035878
2020-06-21;"3";"032";0.11583758060699;0.0420775129262599;0.217306576683478
2020-06-28;"3";"032";0.144426558074165;0.0538061942405239;0.267768372928199
2020-07-05;"3";"032";0.186484660207291;0.0898489244790628;0.307282790470739
2020-07-12;"3";"032";0.121767931722045;0.0455395963842187;0.228712742024477
2020-07-19;"3";"032";0.159210572486847;0.0495875580984011;0.32406426447983
2020-07-26;"3";"032";0.132971174250662;0.0440618151476863;0.266507710173153
2020-08-02;"3";"032";0.0840176294436601;0.00614303950289224;0.25757434896756
2020-08-09;"3";"032";0.146267358214076;0.0194993486911665;0.404640608989835
2020-03-08;"03";"033";0.0967111858805576;0.0459233059335042;0.164098890904534
2020-03-15;"03";"033";0.0967111858805576;0.0459233059335042;0.164098890904534
2020-03-22;"03";"033";0.0966178494871622;0.023496122425522;0.213238805282498
2020-03-29;"03";"033";0.097323685048001;0.0244686189717472;0.210764911895756
2020-04-05;"03";"033";0.095629164371421;0.0235933854109825;0.208914328138725
2020-04-12;"03";"033";0.0962017262870887;0.0238265703899158;0.208406286763522
2020-04-19;"03";"033";0.0829180730035634;0.0200939131274374;0.181515863439485
2020-04-26;"03";"033";0.110422780823607;0.034816568102486;0.220375041981419
2020-05-03;"03";"033";0.170819452793997;0.0746162643721279;0.294926501069569
2020-05-10;"03";"033";0.181578642690748;0.0869636077613671;0.29985917651049
2020-05-17;"03";"033";0.111834486625728;0.0310776692579659;0.232925368436641
2020-05-24;"03";"033";0.153951860083754;0.0597408162159814;0.279007922901686
2020-05-31;"03";"033";0.116826055266463;0.0474746957331327;0.211779097023833
2020-06-07;"03";"033";0.205842435095088;0.121712956697743;0.306370645585778
2020-06-14;"03";"033";0.0952538077069518;0.0440422166370982;0.162137169298636
2020-06-21;"03";"033";0.196657160578209;0.127879284298538;0.274218096941262
2020-06-28;"03";"033";0.215101734550002;0.139690376290707;0.302397731661485
2020-07-05;"03";"033";0.399567378484517;0.313509853323418;0.488570130891365
2020-07-12;"03";"033";0.53592264706987;0.447173008888343;0.623471530572392
2020-07-19;"03";"033";0.468466775001045;0.341390308126925;0.596428561315382
2020-07-26;"03";"033";0.269560111627885;0.164311916437512;0.388660685448779
2020-08-02;"03";"033";0.160196646415251;0.0748674073701591;0.271648956237345
2020-08-09;"03";"033";0.126601222660743;0.0376003063977913;0.269740479915267
2020-03-08;"4";"041";0.090264148044896;0.0424790010503221;0.153318431394903
2020-03-15;"4";"041";0.090264148044896;0.0424790010503221;0.153318431394903
2020-03-22;"4";"041";0.0812698207870006;0.0207238001939081;0.174678229604777
2020-03-29;"4";"041";0.0859879805609604;0.0228509400157743;0.18330398459486
2020-04-05;"4";"041";0.0891774422474589;0.0216079619981406;0.195956783188126
2020-04-12;"4";"041";0.0851541385165895;0.0206976334468092;0.187611119526494
2020-04-19;"4";"041";0.120961435420082;0.0439578382520075;0.229631668718897
2020-04-26;"4";"041";0.107567947940799;0.0384735599654591;0.205257888273421
2020-05-03;"4";"041";0.0774168979551087;0.0278249318638492;0.149679733677306
2020-05-10;"4";"041";0.0517361259279192;0.0198462480397236;0.094785998477602
2020-05-17;"4";"041";0.0308786685005701;0.00890088614411272;0.0645994987808909
2020-05-24;"4";"041";0.0480824439731178;0.0200500818094523;0.086462262063286
2020-05-31;"4";"041";0.078753304985592;0.0502121099008449;0.112766783442021
2020-06-07;"4";"041";0.11561457735621;0.0808406483140377;0.156010538540784
2020-06-14;"4";"041";0.215030614152216;0.171372155876671;0.261512838305062
2020-06-21;"4";"041";0.256094869183423;0.214080419063993;0.300774398546291
2020-06-28;"4";"041";0.284328205238754;0.242882400413151;0.327940795674226
2020-07-05;"4";"041";0.191898424502037;0.157649384589346;0.228641208044801
2020-07-12;"4";"041";0.201497107860599;0.170636982027168;0.234432817088542
2020-07-19;"4";"041";0.15118886034591;0.123813947012777;0.180041895491758
2020-07-26;"4";"041";0.22238443243539;0.182414259680461;0.259613651850808
2020-08-02;"4";"041";0.278576417388163;0.185309177748395;0.328972097535972
2020-08-09;"4";"041";0.191204378223653;0.111230271039805;0.265776387285603
2020-03-08;"4";"042";0.0947883414856711;0.0448836993407305;0.160290399439515
2020-03-15;"4";"042";0.0947883414856711;0.0448836993407305;0.160290399439515
2020-03-22;"4";"042";0.0903079494573503;0.022935381986004;0.198840222073898
2020-03-29;"4";"042";0.0871746340784241;0.0221428303704528;0.191069081716702
2020-04-05;"4";"042";0.0806124889600327;0.0199126928711104;0.176734984528523
2020-04-12;"4";"042";0.14259531288593;0.0577037191888275;0.257470744509203
2020-04-19;"4";"042";0.113945904284957;0.0347634100137924;0.230834468900369
2020-04-26;"4";"042";0.101275150104172;0.0265876019356363;0.214765387155662
2020-05-03;"4";"042";0.0862068316149174;0.0214546892497473;0.186959033674569
2020-05-10;"4";"042";0.0877227626256852;0.0212288340294361;0.194001475215745
2020-05-17;"4";"042";0.0901003721050828;0.0220794327462054;0.19799498625205
2020-05-24;"4";"042";0.0716271104016817;0.0173267518556974;0.158660898605891
2020-05-31;"4";"042";0.158445247679737;0.0821031541565948;0.252577100706566
2020-06-07;"4";"042";0.111923930503803;0.0484617801357801;0.1957057332779
2020-06-14;"4";"042";0.184988745757486;0.0977537532129358;0.289249946085494
2020-06-21;"4";"042";0.232938800296885;0.143554282796488;0.338269349140775
2020-06-28;"4";"042";0.250987496898023;0.174842402845622;0.334527788853367
2020-07-05;"4";"042";0.213180138898647;0.140058181765204;0.296852160602373
2020-07-12;"4";"042";0.282561264851686;0.207489244471348;0.365141873334519
2020-07-19;"4";"042";0.0544524221407187;0.0156612122802162;0.116162637501023
2020-07-26;"4";"042";0.102852603908781;0.0534552005934688;0.167811301387751
2020-08-02;"4";"042";0.12296296054524;0.0633894295303939;0.199750412023154
2020-08-09;"4";"042";0.0516803074816453;0.00292587693882994;0.182928919948781
2020-03-08;"4";"043";0.0941553318588529;0.0444820382493656;0.159115967517842
2020-03-15;"4";"043";0.0941553318588529;0.0444820382493656;0.159115967517842
2020-03-22;"4";"043";0.0927218873269209;0.0232980649817221;0.201474157389704
2020-03-29;"4";"043";0.111452908601968;0.0345545247274167;0.226144535317414
2020-04-05;"4";"043";0.0879629163936773;0.0214760108366025;0.193143671131938
2020-04-12;"4";"043";0.0985680600297078;0.0249927988697534;0.215562724158542
2020-04-19;"4";"043";0.0746140458104526;0.0177552636872338;0.165822615775957
2020-04-26;"4";"043";0.0940429156068447;0.023034634208758;0.205575361268971
2020-05-03;"4";"043";0.0583129175156235;0.0137753287945787;0.129857258105363
2020-05-10;"4";"043";0.112257795692623;0.0520785167897162;0.191994706318395
2020-05-17;"4";"043";0.050761747905575;0.0114682144109032;0.113608118055115
2020-05-24;"4";"043";0.0309807008582428;0.00739848403213023;0.0693139484886583
2020-05-31;"4";"043";0.0824035462764262;0.0463473984480932;0.127232681486106
2020-06-07;"4";"043";0.0604100946610433;0.0325754595886299;0.0961060033328328
2020-06-14;"4";"043";0.15855907859538;0.114719152268109;0.20751542988163
2020-06-21;"4";"043";0.19078346289793;0.135012133243892;0.253369779462933
2020-06-28;"4";"043";0.243702910872375;0.179784836859476;0.314376584288849
2020-07-05;"4";"043";0.235467177234546;0.165611470939733;0.313599491877945
2020-07-12;"4";"043";0.241363781222618;0.169024502015277;0.321897294522403
2020-07-19;"4";"043";0.18096785539652;0.115263477193654;0.258152927938801
2020-07-26;"4";"043";0.194015217755938;0.126471218752303;0.271731314527223
2020-08-02;"4";"043";0.184358671645004;0.110923467091008;0.269160646057973
2020-08-09;"4";"043";0.206727770631911;0.0931680376901412;0.359038078993283
2020-03-08;"5";"051";0.0855253745201495;0.0403098433571305;0.145304767013301
2020-03-15;"5";"051";0.0855253745201495;0.0403098433571305;0.145304767013301
2020-03-22;"5";"051";0.0613334493072802;0.0186133211154052;0.125749577967716
2020-03-29;"5";"051";0.0645349645123112;0.023069899225405;0.124868130982689
2020-04-05;"5";"051";0.127321134034817;0.0619955466794793;0.21078093813604
2020-04-12;"5";"051";0.0478766969992767;0.0112882225684766;0.107666652153981
2020-04-19;"5";"051";0.133732505382561;0.0690830954241368;0.215066653729581
2020-04-26;"5";"051";0.167961259107355;0.102162915807735;0.245131141419029
2020-05-03;"5";"051";0.120459459246207;0.0769593595430748;0.172214521862854
2020-05-10;"5";"051";0.119985351225231;0.087111275708587;0.157203869974908
2020-05-17;"5";"051";0.0812622431306006;0.0574992428188757;0.108559702789836
2020-05-24;"5";"051";0.0553218381925406;0.0374899904993918;0.0762735945024654
2020-05-31;"5";"051";0.0912151325837695;0.0701105831412386;0.114726223571833
2020-06-07;"5";"051";0.128617247039212;0.105680499647684;0.153570429552536
2020-06-14;"5";"051";0.174031362794862;0.147101529899048;0.20271240717789
2020-06-21;"5";"051";0.166449339024195;0.140220176348871;0.194333881800932
2020-06-28;"5";"051";0.198231189709091;0.167468499495446;0.230753950028793
2020-07-05;"5";"051";0.21408853550452;0.180380653972523;0.249907789677391
2020-07-12;"5";"051";0.281918600818538;0.243255386758674;0.322276019917538
2020-07-19;"5";"051";0.294333511382;0.249013814490792;0.337878460253248
2020-07-26;"5";"051";0.207180157139704;0.163238607495871;0.252429437921581
2020-08-02;"5";"051";0.246945527038566;0.186484045422755;0.299643742588706
2020-08-09;"5";"051";0.322651280963372;0.222139461095525;0.419266152110725
2020-03-08;"5";"052";0.0965341474240657;0.045511817117798;0.163915347449201
2020-03-15;"5";"052";0.0965341474240657;0.045511817117798;0.163915347449201
2020-03-22;"5";"052";0.0972839925314115;0.0253102242554212;0.207204103707036
2020-03-29;"5";"052";0.0934096840178305;0.0233782655433097;0.206417258095806
2020-04-05;"5";"052";0.146048792296483;0.0537258106256706;0.274254695384234
2020-04-12;"5";"052";0.0955779297137606;0.0238562169775069;0.207725056305903
2020-04-19;"5";"052";0.10348556942739;0.0275090055590737;0.219782979708364
2020-04-26;"5";"052";0.0964106338126756;0.0237002545509684;0.212131338358163
2020-05-03;"5";"052";0.0974261950706217;0.0240764507619577;0.212554663960253
2020-05-10;"5";"052";0.0972223900124108;0.0243682148894989;0.211162140658235
2020-05-17;"5";"052";0.0965144197835996;0.0240006986236765;0.209873524045942
2020-05-24;"5";"052";0.096729671883723;0.0239906251058116;0.209411255032841
2020-05-31;"5";"052";0.0971073035552797;0.0240178880686844;0.211427441379245
2020-06-07;"5";"052";0.0979464817346397;0.0243283404803226;0.214604913551505
2020-06-14;"5";"052";0.0967571168736859;0.0245372604569603;0.209407348974523
2020-06-21;"5";"052";0.0973500246926485;0.0239231138129556;0.213249995701857
2020-06-28;"5";"052";0.0969301088832102;0.024289318410211;0.212811744762624
2020-07-05;"5";"052";0.10247762237474;0.0251040300908243;0.226016849862731
2020-07-12;"5";"052";0.0984835679198228;0.0239335068916956;0.215944968495269
2020-07-19;"5";"052";0.123591849006075;0.0140227886143075;0.361117190929963
2020-07-26;"5";"052";0.0979919635074751;0.0112241914477971;0.287507669618341
2020-08-02;"5";"052";0.134402980470407;6.95646879361346e-08;0.561542338724002
2020-08-09;"5";"052";0.0772783062048265;2.00265392489734e-11;0.45628925615712
2020-03-08;"5";"053";0.0952028231344193;0.0450935317662669;0.162268870664691
2020-03-15;"5";"053";0.0952028231344193;0.0450935317662669;0.162268870664691
2020-03-22;"5";"053";0.0911470220408324;0.0227336029965407;0.200904168817717
2020-03-29;"5";"053";0.0849291413130202;0.0217540259216751;0.185374842840314
2020-04-05;"5";"053";0.0893689042711002;0.0217850250159834;0.195088901773145
2020-04-12;"5";"053";0.0836560541983465;0.0202055435838873;0.184979958209905
2020-04-19;"5";"053";0.117570269405449;0.0374327829026472;0.236202121748723
2020-04-26;"5";"053";0.125204991980211;0.0398319211407165;0.247535084720749
2020-05-03;"5";"053";0.113058747413585;0.0422107712622597;0.21187687182737
2020-05-10;"5";"053";0.169646516403597;0.091631907879869;0.265274526626484
2020-05-17;"5";"053";0.0795995973989954;0.0387258997789158;0.133235017761348
2020-05-24;"5";"053";0.0650559105292148;0.0329653906988771;0.10729949366925
2020-05-31;"5";"053";0.0441759073225399;0.0186120310504591;0.080266373121977
2020-06-07;"5";"053";0.108195214509231;0.0704147599208938;0.152310717519684
2020-06-14;"5";"053";0.172737168089603;0.121479644598739;0.229829357645214
2020-06-21;"5";"053";0.151543912302263;0.101016003893254;0.210328492626362
2020-06-28;"5";"053";0.137129387706972;0.0878675918183759;0.19461230751295
2020-07-05;"5";"053";0.297202829433514;0.223775003366774;0.375690327299352
2020-07-12;"5";"053";0.311242537258973;0.233345711270142;0.39577489695221
2020-07-19;"5";"053";0.337376326709989;0.251067021318596;0.428800745142574
2020-07-26;"5";"053";0.336434311345663;0.234476960868576;0.446380807074047
2020-08-02;"5";"053";0.277742156765572;0.139128613638945;0.443549514766144
2020-08-09;"5";"053";0.317352378647721;0.136741665263957;0.548849885792235
2020-03-08;"05";"054";0.0960442618503338;0.0453903495956991;0.162026312048641
2020-03-15;"05";"054";0.0960442618503338;0.0453903495956991;0.162026312048641
2020-03-22;"05";"054";0.0876150814950041;0.0219208553052984;0.193631654636287
2020-03-29;"05";"054";0.0862166658317065;0.0213714344793392;0.190414594382958
2020-04-05;"05";"054";0.0876694849785257;0.0212237773375373;0.193683830851958
2020-04-12;"05";"054";0.0944953249790902;0.0229665697588803;0.209711150261619
2020-04-19;"05";"054";0.0915781012676996;0.0225085825479627;0.20105904906073
2020-04-26;"05";"054";0.0853937406956592;0.0206660943493604;0.188244245090404
2020-05-03;"05";"054";0.0853499976717311;0.0209161298760625;0.188247905173522
2020-05-10;"05";"054";0.0973920344430627;0.0301308520125235;0.198160026336363
2020-05-17;"05";"054";0.0809293833511127;0.028372547443557;0.15807909760169
2020-05-24;"05";"054";0.0522218986950028;0.0128466872505199;0.115921043307513
2020-05-31;"05";"054";0.0347488986735987;0.00828590742188251;0.0787294292636779
2020-06-07;"05";"054";0.0662628327222074;0.0233830487434306;0.126913948816313
2020-06-14;"05";"054";0.105834146257185;0.0585050994865884;0.165629903212525
2020-06-21;"05";"054";0.128214850278494;0.0764455987184059;0.191417062687654
2020-06-28;"05";"054";0.0614474161606696;0.0244945182226243;0.113962671076611
2020-07-05;"05";"054";0.0880620394993181;0.0429068443089956;0.147277775197096
2020-07-12;"05";"054";0.145976623342438;0.084094410537331;0.220679763834215
2020-07-19;"05";"054";0.0771761949393816;0.0316262627950491;0.14149935440838
2020-07-26;"05";"054";0.173266880634826;0.0974792426943495;0.266640905014566
2020-08-02;"05";"054";0.0651596121762542;0.0182630460065379;0.141568279649256
2020-08-09;"05";"054";0.0889091307786827;0.024684554036587;0.200857045531055
2020-03-08;"05";"055";0.0932044391787552;0.0440307868336087;0.158172865863524
2020-03-15;"05";"055";0.0932044391787552;0.0440307868336087;0.158172865863524
2020-03-22;"05";"055";0.0812898868765841;0.0202162092792971;0.178782414692254
2020-03-29;"05";"055";0.0655941673593613;0.0160726120777138;0.145814331056653
2020-04-05;"05";"055";0.0745722387918063;0.0181476054897203;0.165300400096438
2020-04-12;"05";"055";0.068030895513499;0.0161221580217971;0.151891408431168
2020-04-19;"05";"055";0.0743443101359858;0.0173722206568772;0.165442363435203
2020-04-26;"05";"055";0.130767409986667;0.0475123473768244;0.246287507697685
2020-05-03;"05";"055";0.0814585536752907;0.0200746332622867;0.174053191703117
2020-05-10;"05";"055";0.134769464744252;0.0689062994850379;0.219367699598204
2020-05-17;"05";"055";0.0685361202508914;0.0256172976106109;0.129623894913638
2020-05-24;"05";"055";0.0317013980475578;0.00808027497038644;0.0696234145772946
2020-05-31;"05";"055";0.0579683445154103;0.0251395724567271;0.102439290386961
2020-06-07;"05";"055";0.0831601200137245;0.0509957330492488;0.122075314099596
2020-06-14;"05";"055";0.126452511110645;0.0872013831445515;0.171108246727312
2020-06-21;"05";"055";0.109379807360555;0.0756245398785073;0.148179051510852
2020-06-28;"05";"055";0.13336776915725;0.0972493451530189;0.173809198990514
2020-07-05;"05";"055";0.108917319597532;0.0764982044062009;0.145809919703942
2020-07-12;"05";"055";0.0931724211844035;0.0610276725911302;0.131318358090616
2020-07-19;"05";"055";0.0924272169105147;0.0611276479195152;0.128581234186046
2020-07-26;"05";"055";0.151499997573596;0.108324315630176;0.19942375792343
2020-08-02;"05";"055";0.126713849977869;0.0757431096372607;0.184246708548341
2020-08-09;"05";"055";0.25567408491412;0.156602987017663;0.362468435325338
2020-03-08;"05";"056";0.0914746672585232;0.0428678680321103;0.154934845776165
2020-03-15;"05";"056";0.0914746672585232;0.0428678680321103;0.154934845776165
2020-03-22;"05";"056";0.0878983327731474;0.0221998159410955;0.191742795718331
2020-03-29;"05";"056";0.0668490713075061;0.0166201468435306;0.147076908999624
2020-04-05;"05";"056";0.149485310738149;0.0706915739539398;0.250079653548015
2020-04-12;"05";"056";0.114520741543129;0.0462404678268882;0.209012595578425
2020-04-19;"05";"056";0.202689008582839;0.120104727719357;0.302112975148584
2020-04-26;"05";"056";0.147757917155571;0.081974126288035;0.228538337706261
2020-05-03;"05";"056";0.0694157698295197;0.0314750730700854;0.119442305421566
2020-05-10;"05";"056";0.0803412999165559;0.0404819269857711;0.132318936508548
2020-05-17;"05";"056";0.059126065730251;0.0303538031547319;0.0969099486692308
2020-05-24;"05";"056";0.0515651920798834;0.0248214060107978;0.0875022883256213
2020-05-31;"05";"056";0.0961365068093207;0.059849359737041;0.138500804785489
2020-06-07;"05";"056";0.128000715357167;0.0897332027096682;0.171761880850286
2020-06-14;"05";"056";0.0788878506274061;0.0472010163597729;0.117410709461677
2020-06-21;"05";"056";0.112557949327481;0.0698713916399781;0.16444932738584
2020-06-28;"05";"056";0.219946447880862;0.162424605783199;0.283537015513396
2020-07-05;"05";"056";0.25476140835676;0.191056388917158;0.323362173280016
2020-07-12;"05";"056";0.284017666433533;0.206799110853414;0.367441042037946
2020-07-19;"05";"056";0.333309321068031;0.251506843456474;0.41996570399646
2020-07-26;"05";"056";0.313642117749676;0.217679098156012;0.417331999698568
2020-08-02;"05";"056";0.556643845147187;0.409058967941546;0.677784554128328
2020-08-09;"05";"056";0.341921352819789;0.15702621925096;0.587788374084133
2020-03-08;"05";"057";0.0956696011143727;0.0450247568903681;0.162065469529989
2020-03-15;"05";"057";0.0956696011143727;0.0450247568903681;0.162065469529989
2020-03-22;"05";"057";0.0849274912581224;0.0212071292406166;0.18743296272751
2020-03-29;"05";"057";0.0865389990151124;0.0211164300806904;0.188640747206728
2020-04-05;"05";"057";0.0905214748654318;0.0223792782441776;0.197742318625419
2020-04-12;"05";"057";0.0944930073303344;0.0230669474834066;0.209243306547093
2020-04-19;"05";"057";0.124638065460567;0.039709106479235;0.244107270596351
2020-04-26;"05";"057";0.101967459091321;0.0322361473989714;0.205351352618397
2020-05-03;"05";"057";0.229229890600108;0.133833636457382;0.342019773994695
2020-05-10;"05";"057";0.179229855516197;0.101750401995703;0.273718332364408
2020-05-17;"05";"057";0.111194541640516;0.0668344580290068;0.164453231141605
2020-05-24;"05";"057";0.0582270573192196;0.0269945618382071;0.0998219617709369
2020-05-31;"05";"057";0.0478196620872656;0.0218136738045266;0.0828395584322937
2020-06-07;"05";"057";0.0977795808902846;0.0641433386918085;0.13776521078107
2020-06-14;"05";"057";0.209735223106039;0.160801752810647;0.263693375673868
2020-06-21;"05";"057";0.156404070649869;0.107792210592723;0.212852359398689
2020-06-28;"05";"057";0.236136899342617;0.177556334417876;0.299739235509548
2020-07-05;"05";"057";0.246705631044463;0.179166906257887;0.320757399903034
2020-07-12;"05";"057";0.26095042552839;0.194061732987349;0.334231595328014
2020-07-19;"05";"057";0.238158492226216;0.162471631413818;0.323086181305205
2020-07-26;"05";"057";0.381984495061386;0.268928259185322;0.498113639218004
2020-08-02;"05";"057";0.35414137394201;0.253813814016792;0.453025574247775
2020-08-09;"05";"057";0.337075758467778;0.207354929113312;0.473267658005075
2020-03-08;"05";"058";0.0926899371277165;0.0437586879777291;0.157757766717627
2020-03-15;"05";"058";0.0926899371277165;0.0437586879777291;0.157757766717627
2020-03-22;"05";"058";0.0928524288249286;0.0292317046085099;0.186606839910326
2020-03-29;"05";"058";0.106993398642856;0.0390149067200698;0.20539660967267
2020-04-05;"05";"058";0.123373618083748;0.0496074386378806;0.224231552405708
2020-04-12;"05";"058";0.0696887901528334;0.0171826488673219;0.152791660537517
2020-04-19;"05";"058";0.0736028794867462;0.0188908585673278;0.161499588319251
2020-04-26;"05";"058";0.0784557910552197;0.0236376806005565;0.161430770532072
2020-05-03;"05";"058";0.110385347936015;0.056208624859709;0.179438070505173
2020-05-10;"05";"058";0.0617586638801811;0.0295464480984699;0.105107750186059
2020-05-17;"05";"058";0.0485296277622802;0.0230010207048916;0.0823065080581982
2020-05-24;"05";"058";0.0364190984821957;0.0154194578023659;0.0649130997125369
2020-05-31;"05";"058";0.0955408573084692;0.0627638450501263;0.13438626268231
2020-06-07;"05";"058";0.0866547237855204;0.0555944256126076;0.123202033978468
2020-06-14;"05";"058";0.138771476071153;0.10154629213677;0.180749751010606
2020-06-21;"05";"058";0.143011629962144;0.109187744441268;0.18016760652961
2020-06-28;"05";"058";0.153416602878918;0.114606023536974;0.196756224116529
2020-07-05;"05";"058";0.189625381510824;0.148870005055595;0.233633948581118
2020-07-12;"05";"058";0.198743732948412;0.148689150536326;0.25399349024077
2020-07-19;"05";"058";0.169710105937702;0.121517420899576;0.223999491961586
2020-07-26;"05";"058";0.220897452707908;0.158971045850026;0.288786710897396
2020-08-02;"05";"058";0.208425631659655;0.137955185666457;0.278782119705335
2020-08-09;"05";"058";0.242790349001021;0.142586724655475;0.353670734247153
2020-03-08;"13";"131";0.0419372524375267;0.024704123560389;0.0627156763938192
2020-03-15;"13";"131";0.0419372524375267;0.024704123560389;0.0627156763938192
2020-03-22;"13";"131";0.0419413591349194;0.0281552184212029;0.0570960966778934
2020-03-29;"13";"131";0.111228194089363;0.0907262707637007;0.133265021893836
2020-04-05;"13";"131";0.179237704363406;0.156764267509845;0.203127162240003
2020-04-12;"13";"131";0.269085232469551;0.245577941625312;0.293229315392915
2020-04-19;"13";"131";0.270942366985918;0.251597344177423;0.290651100848842
2020-04-26;"13";"131";0.211791779244307;0.198871749642937;0.224965074381392
2020-05-03;"13";"131";0.193500327631272;0.185663063569135;0.201479815569647
2020-05-10;"13";"131";0.120387542208852;0.115482474915874;0.125317708571888
2020-05-17;"13";"131";0.0657136989677147;0.0623774704133038;0.0690832940474497
2020-05-24;"13";"131";0.0830140676869094;0.0795302812970702;0.086565357044665
2020-05-31;"13";"131";0.0897648604550757;0.0856778113106453;0.0938580215758279
2020-06-07;"13";"131";0.113435704953673;0.109056476636063;0.117901201211508
2020-06-14;"13";"131";0.153803063246874;0.148137280144063;0.159610690148145
2020-06-21;"13";"131";0.179375707856985;0.172686451571355;0.186150122881899
2020-06-28;"13";"131";0.239040543931999;0.230144701286326;0.248002568115434
2020-07-05;"13";"131";0.223137714603149;0.213320878981971;0.233164150603461
2020-07-12;"13";"131";0.284387913865355;0.272433758438335;0.296368279785911
2020-07-19;"13";"131";0.287734323884127;0.262004450189777;0.305499374563879
2020-07-26;"13";"131";0.277719557005718;0.240874090830258;0.306020672345716
2020-08-02;"13";"131";0.324898454593569;0.27745699577597;0.348803651547191
2020-08-09;"13";"131";0.328479089750129;0.217104791972652;0.431912372088328
2020-03-08;"13";"132";0.0802550671453942;0.0380762040413357;0.135975689385571
2020-03-15;"13";"132";0.0802550671453942;0.0380762040413357;0.135975689385571
2020-03-22;"13";"132";0.0399036534453638;0.0102266363027796;0.0858383868012856
2020-03-29;"13";"132";0.103094496098212;0.0590278529691418;0.158054460399591
2020-04-05;"13";"132";0.130242485557881;0.0886774304108092;0.178195099737366
2020-04-12;"13";"132";0.150343549338076;0.108536932390913;0.197000774435569
2020-04-19;"13";"132";0.305459206025534;0.260641709053801;0.352547460478566
2020-04-26;"13";"132";0.239378539653754;0.200278594013381;0.280509147149121
2020-05-03;"13";"132";0.201074662027086;0.175321891676252;0.227771146681662
2020-05-10;"13";"132";0.0985422654413102;0.0841373330681161;0.113663482103466
2020-05-17;"13";"132";0.0431808798877488;0.0350341893615347;0.0519850856132554
2020-05-24;"13";"132";0.0488783126083196;0.0412243657702557;0.0571375389510685
2020-05-31;"13";"132";0.0627036078221382;0.0536148574560573;0.0725196516688862
2020-06-07;"13";"132";0.106672827095444;0.0939272148606519;0.119855559441043
2020-06-14;"13";"132";0.133040950120438;0.118573945159984;0.148195057531719
2020-06-21;"13";"132";0.152284628817554;0.134983705063396;0.170575481801858
2020-06-28;"13";"132";0.196091380948373;0.174742588753082;0.218583555315086
2020-07-05;"13";"132";0.193176503588923;0.168684725944833;0.218500494799557
2020-07-12;"13";"132";0.212189995625938;0.181957438488903;0.243609342494407
2020-07-19;"13";"132";0.21378960490102;0.178916161583688;0.250021936978599
2020-07-26;"13";"132";0.197781813611327;0.149656203177938;0.247336612213755
2020-08-02;"13";"132";0.23007401758694;0.183156346608811;0.273172788563825
2020-08-09;"13";"132";0.309196324282965;0.197574735654432;0.432501663914951
2020-03-08;"13";"133";0.0863626689411212;0.0406121095491735;0.145945260645294
2020-03-15;"13";"133";0.0863626689411212;0.0406121095491735;0.145945260645294
2020-03-22;"13";"133";0.06823802460734;0.0220525151106215;0.13596864904681
2020-03-29;"13";"133";0.113257756937082;0.047035830218179;0.201193502750066
2020-04-05;"13";"133";0.128618329800558;0.0605361160034531;0.216609792196748
2020-04-12;"13";"133";0.211807552249104;0.122825698543899;0.316744099628809
2020-04-19;"13";"133";0.183194732706063;0.109327339963827;0.270134550954963
2020-04-26;"13";"133";0.136660998988368;0.0831539142196083;0.20008912805842
2020-05-03;"13";"133";0.150226642560717;0.111238724627034;0.194435267048082
2020-05-10;"13";"133";0.133936035042561;0.108863960925344;0.161138909651968
2020-05-17;"13";"133";0.0956329872124357;0.0770996736550022;0.115783685386939
2020-05-24;"13";"133";0.116021989601611;0.0976521707741102;0.136144906630872
2020-05-31;"13";"133";0.101821810072697;0.0821744235940599;0.122876895582972
2020-06-07;"13";"133";0.121939353589391;0.102021150689132;0.143330560774879
2020-06-14;"13";"133";0.150149846065536;0.125034468891999;0.176992789543462
2020-06-21;"13";"133";0.212305616709126;0.178956020786043;0.247581130326226
2020-06-28;"13";"133";0.328962173977563;0.285613733294853;0.373834420027588
2020-07-05;"13";"133";0.263772257995503;0.217948833916961;0.311580289942867
2020-07-12;"13";"133";0.334368559237702;0.279960848622468;0.390109435727467
2020-07-19;"13";"133";0.387339450225488;0.312186207491285;0.460679633990237
2020-07-26;"13";"133";0.274165599222836;0.195629441453412;0.357669047456882
2020-08-02;"13";"133";0.380292904623756;0.260977722885534;0.483898884935656
2020-08-09;"13";"133";0.47388976662631;0.261104545047593;0.667189842446505
2020-03-08;"13";"134";0.0868635938869401;0.0409889388754069;0.14836270631122
2020-03-15;"13";"134";0.0868635938869401;0.0409889388754069;0.14836270631122
2020-03-22;"13";"134";0.0581828966543574;0.0139972425617951;0.12992889836496
2020-03-29;"13";"134";0.10814485634696;0.050607761173808;0.182310575409434
2020-04-05;"13";"134";0.120569363581271;0.0669284516690567;0.186384495774862
2020-04-12;"13";"134";0.161596337588363;0.100486576337958;0.234002069682877
2020-04-19;"13";"134";0.259689065228063;0.199902525107591;0.324498959808925
2020-04-26;"13";"134";0.231406473400387;0.17803503355853;0.289518079463992
2020-05-03;"13";"134";0.187625414600632;0.152372279767271;0.225633920361745
2020-05-10;"13";"134";0.120970737669423;0.0998108068412332;0.143354569893066
2020-05-17;"13";"134";0.0564521372049709;0.0438515123201696;0.0703206399545005
2020-05-24;"13";"134";0.108546733668845;0.092919848687698;0.1250162425669
2020-05-31;"13";"134";0.102643979339772;0.088237127581641;0.117994619807928
2020-06-07;"13";"134";0.131858924991836;0.113647235331226;0.151070451110948
2020-06-14;"13";"134";0.151758528636246;0.13326057099417;0.171229730823615
2020-06-21;"13";"134";0.136106468391567;0.117343282038059;0.156083056611137
2020-06-28;"13";"134";0.211137705427309;0.185716830528775;0.23794831082825
2020-07-05;"13";"134";0.18152029347693;0.154157986956483;0.210432690876733
2020-07-12;"13";"134";0.224945900513525;0.191022260237224;0.260588789043828
2020-07-19;"13";"134";0.196718380367354;0.157039607702261;0.23793215824208
2020-07-26;"13";"134";0.278335164497585;0.222629483821571;0.33310567136251
2020-08-02;"13";"134";0.301278082530794;0.23810530726398;0.361081606131837
2020-08-09;"13";"134";0.366129913299928;0.229620770548222;0.50585396367809
2020-03-08;"13";"135";0.0960245716119264;0.045205582410734;0.162974041409729
2020-03-15;"13";"135";0.0960245716119264;0.045205582410734;0.162974041409729
2020-03-22;"13";"135";0.0859073781271424;0.0213610470410953;0.187723760232347
2020-03-29;"13";"135";0.146263484572599;0.0588937267906617;0.261789163675977
2020-04-05;"13";"135";0.109403830629521;0.0345387595510315;0.219531292074207
2020-04-12;"13";"135";0.117605187334772;0.0444229420913753;0.218862099929199
2020-04-19;"13";"135";0.211109965549574;0.115265297125806;0.324551357406295
2020-04-26;"13";"135";0.133374780732908;0.0691822785334515;0.214205729063699
2020-05-03;"13";"135";0.188262212246739;0.128930238535521;0.254640353399191
2020-05-10;"13";"135";0.071306598188663;0.0398399600158471;0.110879248844743
2020-05-17;"13";"135";0.0399710895163274;0.0210880126391997;0.0639546414069204
2020-05-24;"13";"135";0.152184733959895;0.122048977051008;0.184504876861613
2020-05-31;"13";"135";0.173178539411639;0.145906260612216;0.202069678600436
2020-06-07;"13";"135";0.145144423766003;0.117923673997534;0.174567244534561
2020-06-14;"13";"135";0.205895235993619;0.17216962332109;0.241956321751898
2020-06-21;"13";"135";0.183608295269798;0.151977753005431;0.218017154294487
2020-06-28;"13";"135";0.170656442388473;0.136441215577351;0.208286991540624
2020-07-05;"13";"135";0.20837021478691;0.166917050128973;0.253217656615945
2020-07-12;"13";"135";0.244384034020254;0.196882167746279;0.29541721295739
2020-07-19;"13";"135";0.251044762790372;0.194057946023506;0.311091458433437
2020-07-26;"13";"135";0.292564011260322;0.216774945438705;0.372250030510048
2020-08-02;"13";"135";0.320812470244592;0.221150967052843;0.41889837569313
2020-08-09;"13";"135";0.440044072290862;0.273893313041233;0.602651511893898
2020-03-08;"13";"136";0.101881355795093;0.050793373997614;0.168181302957202
2020-03-15;"13";"136";0.101881355795093;0.050793373997614;0.168181302957202
2020-03-22;"13";"136";0.137041769409971;0.0569569757833295;0.244619555353918
2020-03-29;"13";"136";0.104498449575174;0.038566228629849;0.194873283668219
2020-04-05;"13";"136";0.163549784563426;0.0812253294363579;0.266520653815688
2020-04-12;"13";"136";0.256197569119651;0.161362399666116;0.365113426545638
2020-04-19;"13";"136";0.211734576842146;0.128672720874559;0.308575371170196
2020-04-26;"13";"136";0.117031272999521;0.059925610135066;0.1894928839038
2020-05-03;"13";"136";0.0892453759657022;0.052941955073362;0.133545117766635
2020-05-10;"13";"136";0.0664770295657396;0.0426342782357905;0.0949398093119109
2020-05-17;"13";"136";0.0521884358249556;0.0355008599842126;0.072010559380826
2020-05-24;"13";"136";0.0625120284129039;0.0474244292962013;0.0796198582726893
2020-05-31;"13";"136";0.0700483212480697;0.0531256076724593;0.0890026380015508
2020-06-07;"13";"136";0.09428557049168;0.075785921854617;0.114296862294056
2020-06-14;"13";"136";0.119594689913783;0.0985415144671686;0.142198283171174
2020-06-21;"13";"136";0.156946343346247;0.132686241144599;0.182764577644872
2020-06-28;"13";"136";0.202202233768117;0.172053072891587;0.233953156231376
2020-07-05;"13";"136";0.195541159561864;0.162066482847374;0.231365675385822
2020-07-12;"13";"136";0.180404602743709;0.148327924065882;0.214767402832938
2020-07-19;"13";"136";0.138394859588199;0.100983754527395;0.179136028969333
2020-07-26;"13";"136";0.286266844510732;0.225080684248951;0.34579102220222
2020-08-02;"13";"136";0.381962805288698;0.286683067499372;0.462255350127374
2020-08-09;"13";"136";0.453671031351355;0.269836044460156;0.628068110228483
2020-03-08;"6";"061";0.0929722769466892;0.0439858511828177;0.157815457480158
2020-03-15;"6";"061";0.0929722769466892;0.0439858511828177;0.157815457480158
2020-03-22;"6";"061";0.0754673024289333;0.0197144750276046;0.163375870052253
2020-03-29;"6";"061";0.0706721367262135;0.0175392490564806;0.157596932779546
2020-04-05;"6";"061";0.189730555612577;0.089800460628244;0.314353795743698
2020-04-12;"6";"061";0.119380926965367;0.0376083324250274;0.239657689930176
2020-04-19;"6";"061";0.0988019100417218;0.03338326187902;0.193320834077084
2020-04-26;"6";"061";0.261984920389768;0.170528513861471;0.366180009013819
2020-05-03;"6";"061";0.187140787046518;0.112969545892893;0.275316849891151
2020-05-10;"6";"061";0.147139079438902;0.103410072618875;0.197069760959258
2020-05-17;"6";"061";0.126339974348173;0.0926663514143402;0.164207999329012
2020-05-24;"6";"061";0.0719359539366153;0.0483436319662155;0.100302844081344
2020-05-31;"6";"061";0.043661539916431;0.027187901854365;0.0638276561672804
2020-06-07;"6";"061";0.0438126078581557;0.0291962224662781;0.061082997833009
2020-06-14;"6";"061";0.050780785959473;0.0379789051853595;0.0652339786579165
2020-06-21;"6";"061";0.231337532377499;0.210863906661295;0.252390527229187
2020-06-28;"6";"061";0.260204740655619;0.238021435251135;0.282963900274558
2020-07-05;"6";"061";0.326231635190603;0.299750493370203;0.353105925845815
2020-07-12;"6";"061";0.356707325517276;0.325814664881778;0.388463927984863
2020-07-19;"6";"061";0.304157778878552;0.266928537397191;0.339997652325161
2020-07-26;"6";"061";0.273351112648857;0.219218297372054;0.325164302727968
2020-08-02;"6";"061";0.268309774561868;0.220661919065186;0.311075888141276
2020-08-09;"6";"061";0.261219956092841;0.161308738429326;0.37158703255911
2020-03-08;"6";"062";0.0968005618981519;0.0459176367421924;0.163950521672853
2020-03-15;"6";"062";0.0968005618981519;0.0459176367421924;0.163950521672853
2020-03-22;"6";"062";0.0968729583474335;0.0241340913086277;0.21148589562397
2020-03-29;"6";"062";0.0975638090301027;0.023962462174215;0.211953833741551
2020-04-05;"6";"062";0.097092058477247;0.0239671249835216;0.212465326980591
2020-04-12;"6";"062";0.104631341488234;0.0265630910563328;0.22426973687947
2020-04-19;"6";"062";0.0982806244517552;0.0240161126855247;0.217129940875675
2020-04-26;"6";"062";0.167290385977485;0.0743383670506895;0.289517184134246
2020-05-03;"6";"062";0.134293013247947;0.0484945083902101;0.251651597905027
2020-05-10;"6";"062";0.0826606340576753;0.0224258584806947;0.177376561558426
2020-05-17;"6";"062";0.0813507400539264;0.0209612615929649;0.175336769817451
2020-05-24;"6";"062";0.0661586778190071;0.0158771567669849;0.146619118199199
2020-05-31;"6";"062";0.108644004527851;0.0339513923342243;0.216958834540059
2020-06-07;"6";"062";0.0932424651362403;0.033123151828784;0.180074574735125
2020-06-14;"6";"062";0.204769951785494;0.122938137547349;0.299886869507683
2020-06-21;"6";"062";0.0953564420605552;0.0346763532130085;0.182296114719855
2020-06-28;"6";"062";0.148469967156434;0.0682341898908036;0.251203185977885
2020-07-05;"6";"062";0.0862375289877129;0.0265572231123425;0.174756879775674
2020-07-12;"6";"062";0.280853665562134;0.166265119494506;0.411217206382814
2020-07-19;"6";"062";0.240198356640765;0.11624173707722;0.387154085837545
2020-07-26;"6";"062";0.250101838176989;0.110918900144155;0.425844192234995
2020-08-02;"6";"062";0.405552236002817;0.148986856271211;0.703899493826419
2020-08-09;"6";"062";0.452949388330687;0.146621340308111;0.813316194224356
2020-03-08;"6";"063";0.0966795209484053;0.0457610112189722;0.163648933981611
2020-03-15;"6";"063";0.0966795209484053;0.0457610112189722;0.163648933981611
2020-03-22;"6";"063";0.0894752713464886;0.0222815473907263;0.198388397405841
2020-03-29;"6";"063";0.111983876034006;0.0354745665078873;0.22628928046748
2020-04-05;"6";"063";0.117986387516442;0.036723313191445;0.238202643351805
2020-04-12;"6";"063";0.101940028164367;0.0257558940181507;0.220415335753549
2020-04-19;"6";"063";0.0964017735358209;0.0245553662136244;0.209163021440942
2020-04-26;"6";"063";0.0891578311165642;0.0224963865346857;0.196561874608258
2020-05-03;"6";"063";0.116473718957698;0.0375673884345929;0.230155307827646
2020-05-10;"6";"063";0.0855731823745624;0.0275310426374801;0.169557038860363
2020-05-17;"6";"063";0.0555498323041375;0.0169450821739625;0.114202797165975
2020-05-24;"6";"063";0.0788232316798505;0.0315397609597391;0.144275160209661
2020-05-31;"6";"063";0.0941132143542864;0.0441651458124961;0.158805709815697
2020-06-07;"6";"063";0.0801109683384657;0.0381679512076319;0.135369416139091
2020-06-14;"6";"063";0.269141371332399;0.198554627263368;0.345848602808052
2020-06-21;"6";"063";0.160544791678296;0.104605890141775;0.225712641268172
2020-06-28;"6";"063";0.195010566591837;0.138331706617312;0.258559680009039
2020-07-05;"6";"063";0.154146767179561;0.0999201469014641;0.217134061399852
2020-07-12;"6";"063";0.313341197072545;0.243421176703653;0.387705798823076
2020-07-19;"6";"063";0.255389114289337;0.186362217169238;0.330846199034497
2020-07-26;"6";"063";0.294288932347232;0.208943127530672;0.385987611699361
2020-08-02;"6";"063";0.363293427127361;0.278604383232844;0.448587747139192
2020-08-09;"6";"063";0.474392911807405;0.281597081123369;0.650879763594388
2020-03-08;"7";"071";0.0990920726175804;0.0495190790084692;0.163423744831457
2020-03-15;"7";"071";0.0990920726175804;0.0495190790084692;0.163423744831457
2020-03-22;"7";"071";0.148653003539462;0.0594149805425079;0.270772613208859
2020-03-29;"7";"071";0.108116219812188;0.0410044633299613;0.201054411106561
2020-04-05;"7";"071";0.17667899940257;0.0789576507830603;0.297196612323724
2020-04-12;"7";"071";0.0785539366497447;0.0282559326713822;0.151490859123336
2020-04-19;"7";"071";0.438514893711228;0.359746418863121;0.518881853122389
2020-04-26;"7";"071";0.192647708860011;0.106605325003177;0.296266146708413
2020-05-03;"7";"071";0.102715731711795;0.0406117280955388;0.189816156982019
2020-05-10;"7";"071";0.106042760180141;0.0450709397350077;0.18595415577207
2020-05-17;"7";"071";0.0991804989014753;0.0543770158652698;0.15533003332414
2020-05-24;"7";"071";0.213019998409719;0.157304036696962;0.275116281130449
2020-05-31;"7";"071";0.0864901324779829;0.0512107810907994;0.1300541566026
2020-06-07;"7";"071";0.182242647868834;0.141099633216654;0.226910106973403
2020-06-14;"7";"071";0.186835698591289;0.147370509560896;0.22971563396617
2020-06-21;"7";"071";0.179222698104313;0.145109341485007;0.215766792018829
2020-06-28;"7";"071";0.308686580116809;0.266416380969615;0.353105202995066
2020-07-05;"7";"071";0.309220827073366;0.265439709519898;0.355046026239119
2020-07-12;"7";"071";0.384829221857623;0.331946857185266;0.438847418569719
2020-07-19;"7";"071";0.338484277761567;0.283819896216865;0.392675585446756
2020-07-26;"7";"071";0.335091527873258;0.267759096426683;0.399947839353692
2020-08-02;"7";"071";0.449505007344026;0.320575887291641;0.540352795144921
2020-08-09;"7";"071";0.468453244141217;0.321807687642128;0.582630564222065
2020-03-08;"7";"072";0.0972560850105428;0.0458363271371091;0.164995345022314
2020-03-15;"7";"072";0.0972560850105428;0.0458363271371091;0.164995345022314
2020-03-22;"7";"072";0.10135348936423;0.0254447163311723;0.220562517417001
2020-03-29;"7";"072";0.100076110293953;0.0257976696713246;0.215093297465341
2020-04-05;"7";"072";0.14607424628233;0.0534523126492575;0.273646563813771
2020-04-12;"7";"072";0.100397665137726;0.0244808496237679;0.220124681060162
2020-04-19;"7";"072";0.1300721022753;0.0486789402816;0.242488089559544
2020-04-26;"7";"072";0.11267001278884;0.0345481418595108;0.225534020012306
2020-05-03;"7";"072";0.100949997648406;0.0265179783038389;0.217477048961386
2020-05-10;"7";"072";0.0811020779461263;0.0201984702382958;0.1786434187165
2020-05-17;"7";"072";0.101218604411296;0.0224961612623528;0.216329670560171
2020-05-24;"7";"072";0.076406171662982;0.0185100787806259;0.166989373798043
2020-05-31;"7";"072";0.192877790910654;0.121389480861795;0.276072223142928
2020-06-07;"7";"072";0.359396991035774;0.267132752445176;0.45568286498684
2020-06-14;"7";"072";0.221646633269672;0.144235309624606;0.310528394226031
2020-06-21;"7";"072";0.466369973631674;0.370369384534649;0.564048395790951
2020-06-28;"7";"072";0.426114630862629;0.316206207358975;0.536970382017726
2020-07-05;"7";"072";0.2895849333058;0.181552157399661;0.408440588959737
2020-07-12;"7";"072";0.404132793275442;0.303393831332349;0.509328855542262
2020-07-19;"7";"072";0.493301658755316;0.326723832968514;0.652581477035157
2020-07-26;"7";"072";0.31674220471839;0.168488604849023;0.487396347580616
2020-08-02;"7";"072";0.462191917373613;0.188023753529175;0.749961667196127
2020-08-09;"7";"072";0.179252242884007;0.00747076675367129;0.575418200383824
2020-03-08;"7";"073";0.0925367826892809;0.0436537936004012;0.157326435040885
2020-03-15;"7";"073";0.0925367826892809;0.0436537936004012;0.157326435040885
2020-03-22;"7";"073";0.0868921186114787;0.0209516038372637;0.191135197910828
2020-03-29;"7";"073";0.0915307335681614;0.0247885532721419;0.192477856338383
2020-04-05;"7";"073";0.0986637126654618;0.0247640110487421;0.213068469933733
2020-04-12;"7";"073";0.153200886649551;0.0680547623910216;0.264498173639955
2020-04-19;"7";"073";0.274160971174826;0.173356589010897;0.38892116060278
2020-04-26;"7";"073";0.119364370497118;0.0447373577765773;0.225474909584726
2020-05-03;"7";"073";0.117379386415167;0.0459562597636387;0.214668869730804
2020-05-10;"7";"073";0.0818487529595899;0.0265771798979486;0.161759009758806
2020-05-17;"7";"073";0.0454101450112335;0.0139976059576679;0.0942767151084895
2020-05-24;"7";"073";0.0854206868657202;0.0530124622647089;0.12418484096211
2020-05-31;"7";"073";0.0410888862768638;0.0223317173794841;0.0648999423104044
2020-06-07;"7";"073";0.124357163671862;0.0944048040660023;0.157751583613857
2020-06-14;"7";"073";0.047745347663511;0.0296951542303851;0.0699198242700439
2020-06-21;"7";"073";0.136192034171973;0.105288940205268;0.169856076551483
2020-06-28;"7";"073";0.31034694460868;0.265054703723838;0.357218022976251
2020-07-05;"7";"073";0.288065621393212;0.237368525632186;0.341310310020112
2020-07-12;"7";"073";0.327107609892579;0.27333212432366;0.383266599375725
2020-07-19;"7";"073";0.307783672709035;0.246715559880821;0.36891832639346
2020-07-26;"7";"073";0.310471601706055;0.247349765757987;0.373088627031788
2020-08-02;"7";"073";0.374475498395311;0.255908017060021;0.464923555775859
2020-08-09;"7";"073";0.413163173862068;0.287663105259544;0.535383679409478
2020-03-08;"7";"074";0.0988984613892576;0.0468333156743516;0.166313727394478
2020-03-15;"7";"074";0.0988984613892576;0.0468333156743516;0.166313727394478
2020-03-22;"7";"074";0.128666597290463;0.041752074500326;0.253393599294741
2020-03-29;"7";"074";0.101944779975954;0.0335313216267836;0.201224390489585
2020-04-05;"7";"074";0.214812730009546;0.114885769321521;0.335397902764
2020-04-12;"7";"074";0.0954061643173136;0.0299920048816655;0.192447892508964
2020-04-19;"7";"074";0.178542276672676;0.0877155409389166;0.292753657413822
2020-04-26;"7";"074";0.0938026021118167;0.0288945162518397;0.191261749814235
2020-05-03;"7";"074";0.1206962001756;0.0457278112290714;0.22456819489243
2020-05-10;"7";"074";0.0586187113550125;0.01786227425864;0.120426994021194
2020-05-17;"7";"074";0.0667739307196887;0.0247737241105402;0.125498286142865
2020-05-24;"7";"074";0.0751332382750797;0.0392670729052986;0.121690753172004
2020-05-31;"7";"074";0.0455087928015933;0.0230104872443889;0.0750363427254902
2020-06-07;"7";"074";0.104240569445511;0.0655272069909871;0.151713176290922
2020-06-14;"7";"074";0.117821224577304;0.0820483286807641;0.159026395521532
2020-06-21;"7";"074";0.228847453690952;0.177978243117784;0.28433778063225
2020-06-28;"7";"074";0.20639250399062;0.150453080384021;0.2687922063561
2020-07-05;"7";"074";0.297823258763009;0.238496347353306;0.360754375786841
2020-07-12;"7";"074";0.364807168013881;0.303460237173843;0.428064925211107
2020-07-19;"7";"074";0.37296315084877;0.302118619972303;0.44240623139235
2020-07-26;"7";"074";0.364027541625752;0.289483839565337;0.438533027411742
2020-08-02;"7";"074";0.394876948309021;0.283223050627985;0.487564301390278
2020-08-09;"7";"074";0.458300380665679;0.292243981038183;0.601387543892169
2020-03-08;"16";"161";0.109844721462677;0.0618967929032648;0.168691327676399
2020-03-15;"16";"161";0.109844721462677;0.0618967929032648;0.168691327676399
2020-03-22;"16";"161";0.0740066378194437;0.0407069312133834;0.116108823796851
2020-03-29;"16";"161";0.060390389631441;0.0332225332421448;0.0948160148044843
2020-04-05;"16";"161";0.231360119428012;0.170777295698151;0.299042899719443
2020-04-12;"16";"161";0.235377117027505;0.155747346127331;0.324835701569729
2020-04-19;"16";"161";0.273507916472199;0.180684470089282;0.376903132692428
2020-04-26;"16";"161";0.235388270826711;0.147110781056886;0.337870016450707
2020-05-03;"16";"161";0.261750969577529;0.163007219762902;0.371961249146842
2020-05-10;"16";"161";0.125614300216328;0.065695668652994;0.201754247894216
2020-05-17;"16";"161";0.406066023329151;0.33533502215927;0.478300584897176
2020-05-24;"16";"161";0.197795428528891;0.140369990502757;0.261716698605425
2020-05-31;"16";"161";0.20489645477234;0.148105233466856;0.267423758171611
2020-06-07;"16";"161";0.32399105731671;0.262791603748277;0.388498466148053
2020-06-14;"16";"161";0.46737821553592;0.406963263290189;0.528252582674611
2020-06-21;"16";"161";0.588427561742286;0.52813313769253;0.647007066644635
2020-06-28;"16";"161";0.445437498641139;0.374999605675922;0.516833813062065
2020-07-05;"16";"161";0.403914621075314;0.34018315300281;0.469551545117205
2020-07-12;"16";"161";0.59931225180583;0.541065915991992;0.656100473592672
2020-07-19;"16";"161";0.591448491410711;0.495440628166313;0.672822543598877
2020-07-26;"16";"161";0.393543941379037;0.302861651249668;0.481870699163633
2020-08-02;"16";"161";0.343003030509878;0.200669351316558;0.456375605472178
2020-08-09;"16";"161";0.434623940998585;0.286092166843287;0.572428600746955
2020-03-08;"16";"162";0.0960365341509572;0.0452806835859305;0.162711576805324
2020-03-15;"16";"162";0.0960365341509572;0.0452806835859305;0.162711576805324
2020-03-22;"16";"162";0.0986498816798118;0.0244772051035245;0.213946900302206
2020-03-29;"16";"162";0.0830955647924363;0.0207093059657194;0.1819787816119
2020-04-05;"16";"162";0.143099248470944;0.0588287528408487;0.255811630654719
2020-04-12;"16";"162";0.0959113503391932;0.0235938423751459;0.210362074007979
2020-04-19;"16";"162";0.147624015065129;0.0559949400826456;0.276448581010989
2020-04-26;"16";"162";0.0980948274448026;0.024529429556285;0.214493976756635
2020-05-03;"16";"162";0.109258715170152;0.0288693364857117;0.232717730844667
2020-05-10;"16";"162";0.108458041660373;0.0342437689639062;0.216894780494258
2020-05-17;"16";"162";0.148320001587249;0.0614813589035856;0.262949660544006
2020-05-24;"16";"162";0.12871060137737;0.0470689763870104;0.240278097390427
2020-05-31;"16";"162";0.21795297202481;0.116219331949677;0.342318661183049
2020-06-07;"16";"162";0.240295429617604;0.12568198695994;0.375899269202909
2020-06-14;"16";"162";0.24110843601137;0.133913742677504;0.365152623453205
2020-06-21;"16";"162";0.317200809574846;0.201939684179138;0.444832305291313
2020-06-28;"16";"162";0.12662003143679;0.0452928956543225;0.237850930894354
2020-07-05;"16";"162";0.195798665070923;0.0892529639809488;0.329057365164312
2020-07-12;"16";"162";0.27803039641927;0.164492073568889;0.405987597871472
2020-07-19;"16";"162";0.334248983740277;0.178301288182082;0.513777647827001
2020-07-26;"16";"162";0.278902266220567;0.153737561841272;0.42667434913486
2020-08-02;"16";"162";0.373472586940998;0.111968315551823;0.720762799915593
2020-08-09;"16";"162";0.441489954612337;0.18230038052172;0.725944600349851
2020-03-08;"16";"163";0.0910693763728808;0.0430830228456257;0.154972129934176
2020-03-15;"16";"163";0.0910693763728808;0.0430830228456257;0.154972129934176
2020-03-22;"16";"163";0.0691270773120642;0.017205610187844;0.153332454701696
2020-03-29;"16";"163";0.0618664926515937;0.0149937099920932;0.138079557989329
2020-04-05;"16";"163";0.0825281811338702;0.025007595725119;0.169561421319909
2020-04-12;"16";"163";0.154427785061715;0.0683319302099976;0.265204174280205
2020-04-19;"16";"163";0.166801666423854;0.0790296902161473;0.278985016039673
2020-04-26;"16";"163";0.208962961998391;0.110288793480885;0.327373422462974
2020-05-03;"16";"163";0.147009480351049;0.0561850714297048;0.269919645017516
2020-05-10;"16";"163";0.108105037210492;0.0366064918674614;0.212997806495992
2020-05-17;"16";"163";0.175870711000757;0.0913492693417324;0.281712805090785
2020-05-24;"16";"163";0.0969668884907387;0.0359132945368544;0.183954449143727
2020-05-31;"16";"163";0.0905232203318139;0.0375266245430246;0.163423117072296
2020-06-07;"16";"163";0.233669222798492;0.158487833447241;0.316771869436653
2020-06-14;"16";"163";0.336601252302347;0.24496599203724;0.435150846275636
2020-06-21;"16";"163";0.368715843641765;0.2694031848115;0.472484521447771
2020-06-28;"16";"163";0.326686273355999;0.233696080826389;0.426303228781629
2020-07-05;"16";"163";0.415431137951652;0.329456176304942;0.503684376887725
2020-07-12;"16";"163";0.437794564282072;0.349342521011784;0.528213022123008
2020-07-19;"16";"163";0.434300881033849;0.327070806357398;0.542927810861979
2020-07-26;"16";"163";0.350440894523834;0.232494169495803;0.479249449872662
2020-08-02;"16";"163";0.480748697171343;0.287201220710704;0.658301627192125
2020-08-09;"16";"163";0.351224836836326;0.180390856242534;0.545389590880965
2020-03-08;"8";"081";0.0937299917984361;0.0466818671871095;0.154411235472019
2020-03-15;"8";"081";0.0937299917984361;0.0466818671871095;0.154411235472019
2020-03-22;"8";"081";0.100291423398456;0.058165902826534;0.151813419792437
2020-03-29;"8";"081";0.135971696205645;0.0872382289292074;0.192698419157534
2020-04-05;"8";"081";0.245227028059357;0.181699476952622;0.314262626657807
2020-04-12;"8";"081";0.248415831540679;0.175073069888441;0.330013416210706
2020-04-19;"8";"081";0.419182374862943;0.333799333422301;0.506859673942113
2020-04-26;"8";"081";0.372375788170492;0.280301875185711;0.469069794090409
2020-05-03;"8";"081";0.175153640657669;0.104441732032561;0.259724756706862
2020-05-10;"8";"081";0.312951924330248;0.242745110956561;0.388550671530351
2020-05-17;"8";"081";0.30855989345948;0.235181668026048;0.386155036683605
2020-05-24;"8";"081";0.317049411840725;0.267824618780616;0.368482460695265
2020-05-31;"8";"081";0.380769223067053;0.337875168903952;0.424927867871729
2020-06-07;"8";"081";0.296687386402339;0.258110249682857;0.33671255452662
2020-06-14;"8";"081";0.3359717069653;0.30512698919727;0.367302428065716
2020-06-21;"8";"081";0.391349552417618;0.361227340288637;0.421926966653362
2020-06-28;"8";"081";0.416193210209008;0.381414773907117;0.45172729218428
2020-07-05;"8";"081";0.395742117984674;0.358455807263241;0.43416591712846
2020-07-12;"8";"081";0.389431007263591;0.351809307775863;0.42766629811189
2020-07-19;"8";"081";0.328247681446641;0.29262608865505;0.362760063916708
2020-07-26;"8";"081";0.286390145895383;0.242296719787296;0.325790233248609
2020-08-02;"8";"081";0.343216747532154;0.280691686425657;0.384119464979884
2020-08-09;"8";"081";0.399601485479343;0.291716545249784;0.489671432434803
2020-03-08;"8";"082";0.0957783465079541;0.045415163933383;0.162783100922634
2020-03-15;"8";"082";0.0957783465079541;0.045415163933383;0.162783100922634
2020-03-22;"8";"082";0.0864300103143992;0.0213092271645049;0.188953018948239
2020-03-29;"8";"082";0.112433138509484;0.0354084288964041;0.222996817243982
2020-04-05;"8";"082";0.0895810521493313;0.0218577643426235;0.198634529866857
2020-04-12;"8";"082";0.0974208486189806;0.0243396367264501;0.211471511583352
2020-04-19;"8";"082";0.0949684592701161;0.0234698729074454;0.207944825083308
2020-04-26;"8";"082";0.102560697289363;0.0255065164339869;0.223235425828171
2020-05-03;"8";"082";0.0864725382723824;0.0216505867550692;0.189171099572388
2020-05-10;"8";"082";0.14965234675603;0.0611342711551036;0.270194227728849
2020-05-17;"8";"082";0.129387887028676;0.0495455410783984;0.237218872689477
2020-05-24;"8";"082";0.163530005780276;0.0823018211858053;0.265194684824265
2020-05-31;"8";"082";0.256966708738534;0.165247227415783;0.361178590875881
2020-06-07;"8";"082";0.238946286297248;0.146726719904823;0.346149057425509
2020-06-14;"8";"082";0.243301981964433;0.15458564126093;0.343792692192594
2020-06-21;"8";"082";0.392894226205935;0.317041963493267;0.471405222388762
2020-06-28;"8";"082";0.307153588083775;0.232845824167286;0.386369594243259
2020-07-05;"8";"082";0.274823628357456;0.190338100101321;0.36807599003953
2020-07-12;"8";"082";0.360509154987438;0.274180567827614;0.452165974731048
2020-07-19;"8";"082";0.382400296957796;0.301364455552077;0.464736676621185
2020-07-26;"8";"082";0.432616881339681;0.325355355925987;0.532830336421151
2020-08-02;"8";"082";0.528398640841636;0.376966391020662;0.646985349308757
2020-08-09;"8";"082";0.450255333598844;0.24495596049549;0.649315408513604
2020-03-08;"8";"083";0.0957453665369735;0.0452038109758533;0.161572097690914
2020-03-15;"8";"083";0.0957453665369735;0.0452038109758533;0.161572097690914
2020-03-22;"8";"083";0.088906151836162;0.02167870173999;0.193650234586523
2020-03-29;"8";"083";0.135655283977715;0.0553492066148748;0.248415810511852
2020-04-05;"8";"083";0.0966259835270175;0.031181025666224;0.189841696053702
2020-04-12;"8";"083";0.153339609585167;0.0641741952146414;0.27150225649008
2020-04-19;"8";"083";0.133515350787132;0.0541201085126152;0.241437089602765
2020-04-26;"8";"083";0.245490205372483;0.128368531547543;0.383033179325978
2020-05-03;"8";"083";0.136068839768845;0.0519871149929265;0.249029916513156
2020-05-10;"8";"083";0.226530259456937;0.156005377332245;0.306817543749547
2020-05-17;"8";"083";0.29829211776884;0.230661028232178;0.369346931316539
2020-05-24;"8";"083";0.238916024847011;0.185273506301618;0.297405837076435
2020-05-31;"8";"083";0.394426358666049;0.33731935792338;0.454478273927084
2020-06-07;"8";"083";0.31612103084233;0.257374787295681;0.37815960551318
2020-06-14;"8";"083";0.281295443639407;0.228054756892121;0.336315553643814
2020-06-21;"8";"083";0.420921686867404;0.373389809472919;0.468959018600513
2020-06-28;"8";"083";0.407726770791937;0.357666932130531;0.457710517669266
2020-07-05;"8";"083";0.44905450338356;0.395313435011805;0.503457352389232
2020-07-12;"8";"083";0.458654649215098;0.401436752701746;0.51557121029982
2020-07-19;"8";"083";0.469433856264836;0.393154816443986;0.542587394265735
2020-07-26;"8";"083";0.342016170109209;0.261570746957441;0.421687256369598
2020-08-02;"8";"083";0.501423313306295;0.386080865374258;0.59408179056733
2020-08-09;"8";"083";0.570889460909465;0.374907398825425;0.744937687941117
2020-03-08;"9";"091";0.0679669560517912;0.0320879379080273;0.117110492842994
2020-03-15;"9";"091";0.0679669560517912;0.0320879379080273;0.117110492842994
2020-03-22;"9";"091";0.0300876529339012;0.0125956876280947;0.0547567316335331
2020-03-29;"9";"091";0.0408327948808597;0.021615734625684;0.0656572368375144
2020-04-05;"9";"091";0.0552181218932414;0.0307722405077365;0.0860246666476262
2020-04-12;"9";"091";0.0810912248087246;0.0475076724296362;0.123069235241548
2020-04-19;"9";"091";0.0689542182838413;0.0342334157075706;0.11436838156835
2020-04-26;"9";"091";0.171932323258655;0.107462058173864;0.247616963778775
2020-05-03;"9";"091";0.186279075002146;0.113249933229433;0.272142019040478
2020-05-10;"9";"091";0.197898819124948;0.137933799225485;0.26535199006604
2020-05-17;"9";"091";0.286005847437481;0.218718774437275;0.358295437490009
2020-05-24;"9";"091";0.227007639579697;0.177167125241995;0.281576067811832
2020-05-31;"9";"091";0.257662126028679;0.205596600886316;0.313349969924384
2020-06-07;"9";"091";0.268320554900006;0.208623335862339;0.333990936681384
2020-06-14;"9";"091";0.255441949753406;0.195832899048601;0.319269849362277
2020-06-21;"9";"091";0.382371623233297;0.308574510066308;0.458711628441583
2020-06-28;"9";"091";0.250688896412143;0.190579227249941;0.316645778016563
2020-07-05;"9";"091";0.27707420253637;0.212267376246208;0.34787479741249
2020-07-12;"9";"091";0.239333475836944;0.171575262021045;0.314274930935699
2020-07-19;"9";"091";0.28428492258103;0.210395780545969;0.364247102678612
2020-07-26;"9";"091";0.263151979922256;0.193541149709671;0.335528560843442
2020-08-02;"9";"091";0.317054988545435;0.211471589042788;0.414748309607337
2020-08-09;"9";"091";0.367072646726156;0.183452435737753;0.576191404914215
2020-03-08;"9";"092";0.0917502330042373;0.0431776135399501;0.156356523347998
2020-03-15;"9";"092";0.0917502330042373;0.0431776135399501;0.156356523347998
2020-03-22;"9";"092";0.0776394300677431;0.0190648511465879;0.170968712736503
2020-03-29;"9";"092";0.0759120068022997;0.0232911448674438;0.15563609943783
2020-04-05;"9";"092";0.0739370008835814;0.0221591082928451;0.152228287347829
2020-04-12;"9";"092";0.0636923991701976;0.0150844101666109;0.142511063222994
2020-04-19;"9";"092";0.0474275647203341;0.0161787926025543;0.0936662505131602
2020-04-26;"9";"092";0.126974697132944;0.066811717498671;0.202741569147783
2020-05-03;"9";"092";0.201879466198574;0.120751480711884;0.297208953012664
2020-05-10;"9";"092";0.192872256789969;0.108335384176385;0.294503134192079
2020-05-17;"9";"092";0.199070936486201;0.12391927092452;0.286243321939485
2020-05-24;"9";"092";0.174138731672846;0.111754343158118;0.247429665261252
2020-05-31;"9";"092";0.138573620317944;0.0752356083211858;0.217500093587125
2020-06-07;"9";"092";0.183871817534455;0.12531358742749;0.250087882850969
2020-06-14;"9";"092";0.263831766335561;0.19910802190464;0.33415003753025
2020-06-21;"9";"092";0.174960642330222;0.111400438523922;0.249071300736102
2020-06-28;"9";"092";0.161876676974923;0.0986630554549273;0.236701712153506
2020-07-05;"9";"092";0.26405405558716;0.180732563591454;0.356745986601044
2020-07-12;"9";"092";0.162380892149734;0.0930092901394888;0.24560039118743
2020-07-19;"9";"092";0.184792523982903;0.109670054100025;0.272580833083358
2020-07-26;"9";"092";0.179466080299685;0.116574631705507;0.252888818208003
2020-08-02;"9";"092";0.148475809385139;0.0828510610448776;0.228137752709958
2020-08-09;"9";"092";0.0951937015092318;0.0371959918410372;0.185341119595671
2020-03-08;"14";"141";0.0923519304460533;0.0434135300542984;0.156485424552559
2020-03-15;"14";"141";0.0923519304460533;0.0434135300542984;0.156485424552559
2020-03-22;"14";"141";0.0611556681988897;0.0171430154112619;0.129036318732448
2020-03-29;"14";"141";0.0481685687640349;0.0118966530915792;0.107350454012085
2020-04-05;"14";"141";0.0475531429542085;0.0112289742837989;0.108264863444867
2020-04-12;"14";"141";0.0560870524074358;0.0130900368011104;0.126797729868166
2020-04-19;"14";"141";0.0741761037010649;0.0170438776129882;0.169294474005816
2020-04-26;"14";"141";0.0814983906898271;0.0188832527194561;0.18223310356057
2020-05-03;"14";"141";0.130509511015303;0.0477362669311438;0.24728480652078
2020-05-10;"14";"141";0.196950072420777;0.0946892177956885;0.321656551238498
2020-05-17;"14";"141";0.111516692377308;0.0454807532062045;0.201083003893146
2020-05-24;"14";"141";0.400689196237358;0.309507285588897;0.496407552348404
2020-05-31;"14";"141";0.264798025152556;0.176552186732244;0.363363176655425
2020-06-07;"14";"141";0.31883246527604;0.22070763214349;0.426763156891372
2020-06-14;"14";"141";0.350747165921275;0.268556674146696;0.43892888526595
2020-06-21;"14";"141";0.278726652067853;0.192822653055839;0.373347866292031
2020-06-28;"14";"141";0.363150372197505;0.261779433883454;0.4710818475611
2020-07-05;"14";"141";0.212886051481496;0.12295824274204;0.317648803231124
2020-07-12;"14";"141";0.290320877672996;0.199165624915647;0.389580681733571
2020-07-19;"14";"141";0.471069016548379;0.355923339478585;0.58480214360754
2020-07-26;"14";"141";0.448572723064157;0.317134784770865;0.584065951908857
2020-08-02;"14";"141";0.630036971919922;0.433097597678682;0.782724782562792
2020-08-09;"14";"141";0.339638072120283;0.141467601813595;0.578824454715448
2020-03-08;"14";"142";0.0931263811706775;0.0437265707871532;0.15852224992224
2020-03-15;"14";"142";0.0931263811706775;0.0437265707871532;0.15852224992224
2020-03-22;"14";"142";0.0737609372685855;0.0182080014645855;0.16338369153917
2020-03-29;"14";"142";0.0705040887375666;0.0171706864015644;0.156252904719474
2020-04-05;"14";"142";0.078966343288343;0.0190045847697061;0.17411673770578
2020-04-12;"14";"142";0.0859717896625196;0.0213010170594165;0.187362470580337
2020-04-19;"14";"142";0.122738743714754;0.0443448021986217;0.231956174310037
2020-04-26;"14";"142";0.104686730382384;0.0326938442356948;0.214434095590856
2020-05-03;"14";"142";0.14994353660327;0.0565628676256138;0.28001841075346
2020-05-10;"14";"142";0.1035818562555;0.0266275039881202;0.222587919955091
2020-05-17;"14";"142";0.146532724158535;0.0557928374945984;0.26899771747091
2020-05-24;"14";"142";0.136830438296021;0.0603297079731144;0.236161584653633
2020-05-31;"14";"142";0.184082150117262;0.0896339230893286;0.303256831239109
2020-06-07;"14";"142";0.231718693062542;0.135017409400742;0.344965231856967
2020-06-14;"14";"142";0.192988934717546;0.0981540002782228;0.311246386500828
2020-06-21;"14";"142";0.182838150744325;0.0868691876961206;0.30479649756002
2020-06-28;"14";"142";0.125652118388048;0.0487799474243791;0.233055733861956
2020-07-05;"14";"142";0.24281811660063;0.120828493435482;0.386269685497423
2020-07-12;"14";"142";0.126973968284005;0.0413544992481663;0.248926431380112
2020-07-19;"14";"142";0.258210127784486;0.117235158175417;0.432883052796143
2020-07-26;"14";"142";0.263050081490592;0.102731424239539;0.468366633269473
2020-08-02;"14";"142";0.152807595308582;0.0311463216352339;0.357146754048246
2020-08-09;"14";"142";0.38503554134258;0.131325127514344;0.700108695618176
2020-03-08;"10";"101";0.0908598927836885;0.0432146828275771;0.154446165854106
2020-03-15;"10";"101";0.0908598927836885;0.0432146828275771;0.154446165854106
2020-03-22;"10";"101";0.100767439364668;0.0364901163872974;0.193017964217016
2020-03-29;"10";"101";0.0601090987288449;0.0144008459577966;0.133434916578815
2020-04-05;"10";"101";0.0963464896109597;0.0306695097969245;0.192334519147074
2020-04-12;"10";"101";0.0720055007607567;0.0171143236394384;0.162275460359326
2020-04-19;"10";"101";0.153848319239973;0.0628802584414365;0.2773208396532
2020-04-26;"10";"101";0.0965850788183837;0.0233435943188692;0.210054125677236
2020-05-03;"10";"101";0.103263588415457;0.0282610988499885;0.21854982509566
2020-05-10;"10";"101";0.175782537177714;0.0841029613780347;0.291064532877419
2020-05-17;"10";"101";0.173679030330157;0.0907184574013234;0.275917288472284
2020-05-24;"10";"101";0.349163388555831;0.264368378509409;0.438863604755652
2020-05-31;"10";"101";0.168994238943757;0.105859179866639;0.242893266478636
2020-06-07;"10";"101";0.244596524232765;0.177801438671602;0.318754466496863
2020-06-14;"10";"101";0.237134910618225;0.176941083350736;0.30222820742557
2020-06-21;"10";"101";0.25398919394857;0.200887884007868;0.311272608508966
2020-06-28;"10";"101";0.195800475747454;0.149845453417607;0.245683656094587
2020-07-05;"10";"101";0.219763082725141;0.17751482943084;0.26478315057051
2020-07-12;"10";"101";0.255756568331709;0.213573491153608;0.300544782658618
2020-07-19;"10";"101";0.211448263959472;0.171736326823396;0.252665097908398
2020-07-26;"10";"101";0.37587119530225;0.313767547211631;0.429272142769251
2020-08-02;"10";"101";0.369114372196586;0.285395409917293;0.426281058781297
2020-08-09;"10";"101";0.440124894828423;0.302220287281212;0.533547523017171
2020-03-08;"10";"102";0.0978220512052618;0.0458978901488684;0.165539493724276
2020-03-15;"10";"102";0.0978220512052618;0.0458978901488684;0.165539493724276
2020-03-22;"10";"102";0.0997192516537737;0.0251238332735342;0.215499440385134
2020-03-29;"10";"102";0.108159426022604;0.0281917219031758;0.23038382189041
2020-04-05;"10";"102";0.11811616771336;0.0369163588168767;0.236974284830482
2020-04-12;"10";"102";0.137429503771134;0.0504822865873628;0.257453443388359
2020-04-19;"10";"102";0.15294837925677;0.0579133598652393;0.281827487387974
2020-04-26;"10";"102";0.158871866227998;0.0534821302615435;0.301577545982398
2020-05-03;"10";"102";0.151235884075603;0.0682479719918787;0.25744464150695
2020-05-10;"10";"102";0.374449615499101;0.254663358551239;0.503166904413789
2020-05-17;"10";"102";0.215315037312454;0.124065541461917;0.323406814810536
2020-05-24;"10";"102";0.328889390799324;0.209315742912838;0.460915246388466
2020-05-31;"10";"102";0.125968238726267;0.0433177261398763;0.240253985420194
2020-06-07;"10";"102";0.200687044661839;0.0910380543367134;0.339114989547445
2020-06-14;"10";"102";0.216108639823924;0.10513792943121;0.350942737710061
2020-06-21;"10";"102";0.163515464147265;0.0652152227305378;0.296924985325465
2020-06-28;"10";"102";0.237922472536446;0.133083751668413;0.360534079959606
2020-07-05;"10";"102";0.185066907380479;0.0737990951948529;0.328762535348684
2020-07-12;"10";"102";0.206355684253561;0.0880143996200032;0.352545535652913
2020-07-19;"10";"102";0.351939873920279;0.160636534685129;0.571301224165367
2020-07-26;"10";"102";0.479065795157768;0.280710538708108;0.674147577123597
2020-08-02;"10";"102";0.56239580008428;0.211109285299254;0.873745210623802
2020-08-09;"10";"102";0.452768186558055;0.0770659667824141;0.891835741313256
2020-03-08;"10";"103";0.0897474452885856;0.0426303288773312;0.152595129059229
2020-03-15;"10";"103";0.0897474452885856;0.0426303288773312;0.152595129059229
2020-03-22;"10";"103";0.0525785048616334;0.0185385429954306;0.101806816250611
2020-03-29;"10";"103";0.036296128694996;0.0124369865228135;0.0718344747848104
2020-04-05;"10";"103";0.0252091083466356;0.00567568357306599;0.0584763751530078
2020-04-12;"10";"103";0.0394851622665727;0.0087502286697728;0.0909338209187126
2020-04-19;"10";"103";0.0485932959162122;0.0107583703707736;0.110441209972263
2020-04-26;"10";"103";0.0654186983035709;0.0195150999878764;0.136303608478438
2020-05-03;"10";"103";0.190401372489739;0.103076674056755;0.296360224875623
2020-05-10;"10";"103";0.153498188202031;0.0740883681050931;0.253858388659333
2020-05-17;"10";"103";0.271145272197181;0.165818949770687;0.39021938261026
2020-05-24;"10";"103";0.0693445130014317;0.0226033501232372;0.138499750831502
2020-05-31;"10";"103";0.301271077080636;0.214142549872038;0.395561892619902
2020-06-07;"10";"103";0.332364027689301;0.233944722590541;0.437315571637856
2020-06-14;"10";"103";0.28047023218362;0.186452467477291;0.384566670676821
2020-06-21;"10";"103";0.320803056759091;0.213524720436812;0.43902494129596
2020-06-28;"10";"103";0.160440267640342;0.0717037881287092;0.271963917513702
2020-07-05;"10";"103";0.291960493403321;0.19334582231669;0.401130107709956
2020-07-12;"10";"103";0.216732457920961;0.138550837320303;0.306956179860375
2020-07-19;"10";"103";0.262368415878412;0.178547734573396;0.354274731985091
2020-07-26;"10";"103";0.199751472636999;0.126171472606007;0.28521861429679
2020-08-02;"10";"103";0.341034138074581;0.242931761878541;0.430762777601977
2020-08-09;"10";"103";0.340110719357313;0.189272037453255;0.493638741285284
2020-03-08;"10";"104";0.095915035992325;0.0454031587145629;0.162854422219134
2020-03-15;"10";"104";0.095915035992325;0.0454031587145629;0.162854422219134
2020-03-22;"10";"104";0.0964643649191419;0.0246809377455774;0.208586188531342
2020-03-29;"10";"104";0.0871043510403255;0.0221424468537327;0.192840417413232
2020-04-05;"10";"104";0.0955401315600719;0.0238029629994779;0.207975494499663
2020-04-12;"10";"104";0.095192640102411;0.0236693906936966;0.207649999412729
2020-04-19;"10";"104";0.098317267641259;0.0244909248570726;0.218747291841479
2020-04-26;"10";"104";0.0963178635521095;0.023384434972305;0.2126628261657
2020-05-03;"10";"104";0.102805249221413;0.0250964393449541;0.224523489112894
2020-05-10;"10";"104";0.0959736678095747;0.022701544919851;0.211807915895837
2020-05-17;"10";"104";0.122566464314692;0.0387132749415956;0.248424862357048
2020-05-24;"10";"104";0.0953627454992501;0.0238433669275366;0.211241648760502
2020-05-31;"10";"104";0.100305367852335;0.0257246982922114;0.215045614281366
2020-06-07;"10";"104";0.0936920697289233;0.0229701889536064;0.206850514053709
2020-06-14;"10";"104";0.121915417366917;0.0378248092610812;0.245903480796026
2020-06-21;"10";"104";0.0978504162773602;0.0243904038604413;0.211956936646846
2020-06-28;"10";"104";0.108813291821603;0.0278632195236783;0.232442625489715
2020-07-05;"10";"104";0.126079281541563;0.0390191147988986;0.252513605198331
2020-07-12;"10";"104";0.252928156717395;0.134461831878923;0.395365402076198
2020-07-19;"10";"104";0.281115383653262;0.103498320478475;0.508492336492515
2020-07-26;"10";"104";0.162390199352093;0.0239649481607643;0.409653080124521
2020-08-02;"10";"104";0.421561915676051;0.064548957580342;0.858195201681155
2020-08-09;"10";"104";0.147622723364345;7.18276478546043e-06;0.522991381672567
2020-03-08;"11";"111";0.0958011641402321;0.0454118107625789;0.162821890505345
2020-03-15;"11";"111";0.0958011641402321;0.0454118107625789;0.162821890505345
2020-03-22;"11";"111";0.0969049506150024;0.0242294335142543;0.212106088077098
2020-03-29;"11";"111";0.0965398817660912;0.0236490585684972;0.209756655648196
2020-04-05;"11";"111";0.0939894380271713;0.0231776758798387;0.206031175062666
2020-04-12;"11";"111";0.0964340912668782;0.0239988156052457;0.211793873229108
2020-04-19;"11";"111";0.0967537145284837;0.0239621050110521;0.211540833289462
2020-04-26;"11";"111";0.0992437791704949;0.0249091650410154;0.215079664809131
2020-05-03;"11";"111";0.0963316411489936;0.0239943649595211;0.209931733335908
2020-05-10;"11";"111";0.121045893532566;0.0376699557092897;0.24404319109872
2020-05-17;"11";"111";0.0988458168338969;0.0246817951989476;0.217500022778515
2020-05-24;"11";"111";0.0954465903612279;0.0244573093480102;0.204948471232564
2020-05-31;"11";"111";0.115898842593548;0.0363663488723368;0.231976619865568
2020-06-07;"11";"111";0.138997073441385;0.050635293530081;0.261843630664515
2020-06-14;"11";"111";0.105086691177796;0.0270218749746772;0.223457812056712
2020-06-21;"11";"111";0.0939009256597245;0.0245148476444017;0.201308780563126
2020-06-28;"11";"111";0.219030535867692;0.111112066964886;0.352130198835215
2020-07-05;"11";"111";0.11343639837554;0.0282271149904562;0.245200165050571
2020-07-12;"11";"111";0.13662284774524;0.0459662613001161;0.267562553327666
2020-07-19;"11";"111";0.215281996003575;0.048529847076102;0.463146184221961
2020-07-26;"11";"111";0.124693497569566;0.0186706342634033;0.31560567895706
2020-08-02;"11";"111";0.384248626534163;0.0942317582500478;0.742463381342191
2020-08-09;"11";"111";0.193963618147501;0.0105002919723052;0.588347472220907
2020-03-08;"11";"112";0.0959208435686103;0.0450100978928238;0.162678264969314
2020-03-15;"11";"112";0.0959208435686103;0.0450100978928238;0.162678264969314
2020-03-22;"11";"112";0.095869137780904;0.0234325564759825;0.207261058531111
2020-03-29;"11";"112";0.0955392338315341;0.024413833930639;0.205260343194275
2020-04-05;"11";"112";0.0961002842138327;0.023887421787704;0.210558421400356
2020-04-12;"11";"112";0.0960165898215515;0.0235168890194841;0.212682987824498
2020-04-19;"11";"112";0.0981234042629593;0.0244066547039453;0.217579720867342
2020-04-26;"11";"112";0.0962189376229946;0.0234755914374054;0.20880221040471
2020-05-03;"11";"112";0.0967803114012037;0.0238615525208651;0.21177713460952
2020-05-10;"11";"112";0.0961457389556293;0.023358497260186;0.207051448708347
2020-05-17;"11";"112";0.100164834809802;0.0251410257074932;0.219770949675448
2020-05-24;"11";"112";0.0954055900344609;0.0225335313689693;0.207714200427876
2020-05-31;"11";"112";0.126893020008115;0.0404805948712247;0.248647983841398
2020-06-07;"11";"112";0.0953852484018246;0.0233344217847555;0.207568805831746
2020-06-14;"11";"112";0.161600884728432;0.0605950089071637;0.295745157077469
2020-06-21;"11";"112";0.0901378787167409;0.0221690126341663;0.19608906087004
2020-06-28;"11";"112";0.163484866534542;0.0638941762481431;0.298443245615554
2020-07-05;"11";"112";0.159942836410709;0.0591058468029996;0.299300056156994
2020-07-12;"11";"112";0.19647418657725;0.0896873765762699;0.328817122486012
2020-07-19;"11";"112";0.343363293127326;0.173130909236028;0.533799709278778
2020-07-26;"11";"112";0.308980448368551;0.132495551539792;0.51716710278373
2020-08-02;"11";"112";0.320957308625758;0.0743729947306432;0.651301454826317
2020-08-09;"11";"112";0.425128142909772;0.140176402170891;0.758307401039642
2020-03-08;"11";"114";0.0967023120982588;0.0451020005376494;0.164828407984085
2020-03-15;"11";"114";0.0967023120982588;0.0451020005376494;0.164828407984085
2020-03-22;"11";"114";0.0967247381200622;0.0238501786686753;0.212577522957582
2020-03-29;"11";"114";0.0972920937434789;0.0243794849477359;0.210827057916542
2020-04-05;"11";"114";0.0945110146922674;0.0235706065333458;0.206110678077574
2020-04-12;"11";"114";0.0968269356824163;0.0239745924113469;0.210789454635252
2020-04-19;"11";"114";0.0974874832906166;0.0239212788839237;0.213562747579057
2020-04-26;"11";"114";0.0963781108447077;0.0232988958001627;0.211665344053299
2020-05-03;"11";"114";0.0970901680016747;0.0244379511541482;0.214006451870363
2020-05-10;"11";"114";0.0960686660802866;0.0236197577657154;0.208244683984204
2020-05-17;"11";"114";0.0970524828398952;0.0240983877712377;0.21215231961486
2020-05-24;"11";"114";0.0966340204943025;0.0239615730986602;0.212707818580045
2020-05-31;"11";"114";0.0961833448057453;0.0237793691042899;0.211810090798878
2020-06-07;"11";"114";0.0965956624705743;0.0238407427119998;0.212414696332911
2020-06-14;"11";"114";0.0967118862324462;0.0240011695737431;0.211935476472075
2020-06-21;"11";"114";0.0970701990967314;0.0241702825219123;0.212887028105873
2020-06-28;"11";"114";0.0948789752252993;0.0233093255728397;0.206739672489953
2020-07-05;"11";"114";0.101950788470455;0.024030416157961;0.228340084086372
2020-07-12;"11";"114";0.0943328820826289;0.0227760774191469;0.213267692300279
2020-07-19;"11";"114";0.117220364684382;0.00518044304849083;0.37247904669318
2020-07-26;"11";"114";0.0916947895362997;0.00537752489509065;0.374943362994124
2020-08-02;"11";"114";0.12430670619076;1.44792656560492e-17;0.579425604783319
2020-08-09;"11";"114";0.122949577364448;1.86947895851527e-16;0.710093463168434
2020-03-08;"12";"121";0.0814983392576359;0.0380636795704223;0.139051159955179
2020-03-15;"12";"121";0.0814983392576359;0.0380636795704223;0.139051159955179
2020-03-22;"12";"121";0.032642738393301;0.00777873355712177;0.0744876786981784
2020-03-29;"12";"121";0.0285763475315433;0.00847715458122722;0.0597614742524514
2020-04-05;"12";"121";0.0761487370019711;0.0415055951368686;0.11950258027158
2020-04-12;"12";"121";0.205698844866179;0.151669620582986;0.26501029159751
2020-04-19;"12";"121";0.249972043336935;0.187167952565988;0.319182354616336
2020-04-26;"12";"121";0.10734691227978;0.0572462867104583;0.169867163777716
2020-05-03;"12";"121";0.243901471867714;0.177726974575097;0.317244570757033
2020-05-10;"12";"121";0.331053234522066;0.250480179758624;0.418320766271159
2020-05-17;"12";"121";0.195424993657663;0.117205233728246;0.286543276002793
2020-05-24;"12";"121";0.186733080918583;0.111989385930767;0.274959407827173
2020-05-31;"12";"121";0.304962648032049;0.19416367223917;0.429658292898929
2020-06-07;"12";"121";0.2569676256984;0.16020230500887;0.36592499816999
2020-06-14;"12";"121";0.623443054599615;0.547195530173618;0.697151473158229
2020-06-21;"12";"121";0.52765136271205;0.439012425085573;0.615737616857088
2020-06-28;"12";"121";0.45322606270084;0.357637758518498;0.550955044782958
2020-07-05;"12";"121";0.401763454256282;0.295582742596947;0.511150284627433
2020-07-12;"12";"121";0.498289481871943;0.405633266418701;0.590388860413599
2020-07-19;"12";"121";0.422122014973478;0.305640427658934;0.536867948476784
2020-07-26;"12";"121";0.291211112215578;0.211144839936567;0.375329022679355
2020-08-02;"12";"121";0.318550597087321;0.181386745741218;0.4411676633774
2020-08-09;"12";"121";0.418032059518152;0.244812741568996;0.569100134119726
2020-03-08;"12";"122";0.0933561976678297;0.0439961922530406;0.158360017440656
2020-03-15;"12";"122";0.0933561976678297;0.0439961922530406;0.158360017440656
2020-03-22;"12";"122";0.0825711173479995;0.0200790391337895;0.183472109473117
2020-03-29;"12";"122";0.0852148998992773;0.0208517773992093;0.187862047075466
2020-04-05;"12";"122";0.0923507028023873;0.0223685743683611;0.205545606023377
2020-04-12;"12";"122";0.0818047827259823;0.0201535311509243;0.180839680406451
2020-04-19;"12";"122";0.096330375062601;0.0238622341748514;0.211186560361382
2020-04-26;"12";"122";0.0945927199533865;0.0226141120017359;0.207454561452066
2020-05-03;"12";"122";0.0969552613191042;0.023829545606735;0.213115267958908
2020-05-10;"12";"122";0.0971559277321328;0.0243638148238319;0.21413374001124
2020-05-17;"12";"122";0.0979045378437408;0.0241097330108916;0.217957427397446
2020-05-24;"12";"122";0.120910281984011;0.0375035690713699;0.244177767367461
2020-05-31;"12";"122";0.0971545149226204;0.0239819918430388;0.217143936649333
2020-06-07;"12";"122";0.0993473303177256;0.0249676279819663;0.213165367347839
2020-06-14;"12";"122";0.0959147115367266;0.0236567199592989;0.209176350519775
2020-06-21;"12";"122";0.0962599901820676;0.0230664360938686;0.212273226929544
2020-06-28;"12";"122";0.0946188040485181;0.0230889777389274;0.208385395595951
2020-07-05;"12";"122";0.0922415059431891;0.0222256993782112;0.208618302186093
2020-07-12;"12";"122";0.0968140699812698;0.0240725291916757;0.21620479233477
2020-07-19;"12";"122";0.0672191531287781;0.00687305664227516;0.230109417687428
2020-07-26;"12";"122";0.0879840370130584;0.00951179235142335;0.29935632413588
2020-08-02;"12";"122";0.0425899647610801;9.9437755001649e-10;0.335892428376782
2020-08-09;"12";"122";0.0615723220547206;1.27456149394119e-10;0.409457082539823
2020-03-08;"12";"123";0.0968470245862358;0.0461266507652157;0.163935470099764
2020-03-15;"12";"123";0.0968470245862358;0.0461266507652157;0.163935470099764
2020-03-22;"12";"123";0.097681403157387;0.0248647102743413;0.211445544519328
2020-03-29;"12";"123";0.088078439639548;0.0224805083441066;0.194357991317491
2020-04-05;"12";"123";0.0987888730770252;0.0247998776454665;0.218327046189461
2020-04-12;"12";"123";0.0882204127600392;0.0216285511617438;0.192544944321196
2020-04-19;"12";"123";0.118719762040547;0.0363480081914759;0.240447328954807
2020-04-26;"12";"123";0.0985618343857443;0.0243084588590985;0.214380577528056
2020-05-03;"12";"123";0.100676423546915;0.0254558285102775;0.217993553785138
2020-05-10;"12";"123";0.120417634508275;0.0380417965640731;0.242145519663841
2020-05-17;"12";"123";0.0964826266976202;0.0232550209475813;0.21122543417666
2020-05-24;"12";"123";0.0999077976547061;0.0248032433162543;0.21631468219905
2020-05-31;"12";"123";0.096557700033203;0.0240423055884807;0.210024369879299
2020-06-07;"12";"123";0.0971163316591101;0.0241590075314978;0.211553346712374
2020-06-14;"12";"123";0.0962109020475797;0.0238331565985397;0.210256415112205
2020-06-21;"12";"123";0.0982955741760518;0.0241556096479655;0.215643898289206
2020-06-28;"12";"123";0.0967110853945374;0.0244970691886753;0.215008370112437
2020-07-05;"12";"123";0.102688827658664;0.0245229898991822;0.228398282634578
2020-07-12;"12";"123";0.0959062504635044;0.0227775541457798;0.212973175655513
2020-07-19;"12";"123";0.107301016374573;0.0064631974386883;0.351433218106172
2020-07-26;"12";"123";0.0922014440121315;0.0079016724109473;0.299034516692236
2020-08-02;"12";"123";0.0911142798214075;2.61318420188573e-12;0.460983636985327
2020-08-09;"12";"123";0.0757415006737859;9.27173542772495e-13;0.370200206356963
2020-03-08;"12";"124";0.0954052702568287;0.0454667625919077;0.162056865659176
2020-03-15;"12";"124";0.0954052702568287;0.0454667625919077;0.162056865659176
2020-03-22;"12";"124";0.0894480424377008;0.0221829368576606;0.196946123418487
2020-03-29;"12";"124";0.0908634339198727;0.0229274158655527;0.199203846662626
2020-04-05;"12";"124";0.100772500259428;0.0248836887313428;0.220329600863318
2020-04-12;"12";"124";0.0931975365789989;0.0229804000934342;0.203568659127558
2020-04-19;"12";"124";0.12256695779748;0.0383282158761207;0.242949812764735
2020-04-26;"12";"124";0.0961456964050941;0.0237327900519164;0.210105983901828
2020-05-03;"12";"124";0.105027882410606;0.027835611422357;0.221329389966067
2020-05-10;"12";"124";0.096096784438459;0.0242073771634448;0.21183277329475
2020-05-17;"12";"124";0.0924154099595505;0.0230259932165228;0.201173773845919
2020-05-24;"12";"124";0.0955635052763499;0.0236263711919796;0.207274104368288
2020-05-31;"12";"124";0.0977266051992435;0.0244117752259964;0.214290065031423
2020-06-07;"12";"124";0.098705608202168;0.0247673021081465;0.212505747122531
2020-06-14;"12";"124";0.108252480253755;0.0271055978145307;0.232601290424354
2020-06-21;"12";"124";0.115711860886633;0.0368082305230467;0.230775957147463
2020-06-28;"12";"124";0.238081653905041;0.133441177940997;0.360687095919888
2020-07-05;"12";"124";0.211218822267032;0.09907591087484;0.35152489477283
2020-07-12;"12";"124";0.177564658738726;0.0699316959607634;0.323243406957855
2020-07-19;"12";"124";0.137911307603959;0.0155593295863442;0.375651360273298
2020-07-26;"12";"124";0.16730056528682;0.0258144978152793;0.41168530406247
2020-08-02;"12";"124";0.13971301631586;1.06164982244691e-07;0.547931268804332
2020-08-09;"12";"124";0.309399810469745;0.0411058911319979;0.712732096739537
