"fecha";"region";"carga.estimada";"carga.liminf";"carga.lisup"
"2020-04-01";15;9;4;16
"2020-04-02";15;9;3;16
"2020-04-03";15;10;4;18
"2020-04-04";15;10;5;19
"2020-04-05";15;10;4;18
"2020-04-06";15;12;5;19
"2020-04-07";15;10;5;18
"2020-04-08";15;11;5;20
"2020-04-09";15;9;3;16
"2020-04-10";15;8;3;14
"2020-04-11";15;7;2;13
"2020-04-12";15;7;2;12
"2020-04-13";15;8;3;16
"2020-04-14";15;8;2;15
"2020-04-15";15;8;2;15
"2020-04-16";15;8;2;15
"2020-04-17";15;10;3;17
"2020-04-18";15;9;3;15
"2020-04-19";15;9;3;18
"2020-04-20";15;13;6;21
"2020-04-21";15;11;5;18
"2020-04-22";15;10;5;18
"2020-04-23";15;8;3;14
"2020-04-24";15;7;2;14
"2020-04-25";15;7;2;14
"2020-04-26";15;7;2;13
"2020-04-27";15;9;3;15
"2020-04-28";15;9;3;16
"2020-04-29";15;8;3;15
"2020-04-30";15;8;3;14
"2020-05-01";15;7;2;13
"2020-05-02";15;6;2;11
"2020-05-03";15;6;2;11
"2020-05-04";15;7;3;14
"2020-05-05";15;7;2;14
"2020-05-06";15;8;1;15
"2020-05-07";15;7;2;14
"2020-05-08";15;7;2;15
"2020-05-09";15;7;2;14
"2020-05-10";15;8;3;15
"2020-05-11";15;13;6;21
"2020-05-12";15;11;4;20
"2020-05-13";15;13;6;21
"2020-05-14";15;13;6;22
"2020-05-15";15;12;5;22
"2020-05-16";15;15;7;25
"2020-05-17";15;14;8;23
"2020-05-18";15;21;11;33
"2020-05-19";15;22;11;34
"2020-05-20";15;20;11;30
"2020-05-21";15;21;11;30
"2020-05-22";15;20;11;32
"2020-05-23";15;22;12;33
"2020-05-24";15;19;11;30
"2020-05-25";15;26;16;39
"2020-05-26";15;23;12;37
"2020-05-27";15;27;17;42
"2020-05-28";15;28;17;40
"2020-05-29";15;34;21;49
"2020-05-30";15;37;23;53
"2020-05-31";15;31;19;45
"2020-06-01";15;51;33;71
"2020-06-02";15;41;29;56
"2020-06-03";15;37;23;52
"2020-06-04";15;34;21;47
"2020-06-05";15;31;20;46
"2020-06-06";15;35;23;54
"2020-06-07";15;29;17;40
"2020-06-08";15;41;27;59
"2020-06-09";15;39;25;55
"2020-06-10";15;45;29;63
"2020-06-11";15;36;22;52
"2020-06-12";15;36;22;52
"2020-06-13";15;43;26;59
"2020-06-14";15;39;25;56
"2020-06-15";15;46;33;62
"2020-06-16";15;41;28;58
"2020-06-17";15;38;25;55
"2020-06-18";15;40;27;53
"2020-06-19";15;45;26;63
"2020-06-20";15;38;23;54
"2020-06-21";15;39;27;55
"2020-06-22";15;52;36;71
"2020-06-23";15;50;36;67
"2020-06-24";15;41;26;59
"2020-06-25";15;49;32;68
"2020-06-26";15;51;36;68
"2020-06-27";15;54;37;74
"2020-06-28";15;53;37;72
"2020-06-29";15;54;37;73
"2020-06-30";15;62;45;81
"2020-07-01";15;68;50;91
"2020-07-02";15;58;42;77
"2020-07-03";15;64;44;87
"2020-07-04";15;64;44;86
"2020-07-05";15;67;46;90
"2020-07-06";15;91;68;114
"2020-07-07";15;76;56;98
"2020-07-08";15;96;74;123
"2020-07-09";15;95;72;121
"2020-07-10";15;117;91;145
"2020-07-11";15;92;66;116
"2020-07-12";15;88;68;115
"2020-07-13";15;113;86;139
"2020-07-14";15;94;73;117
"2020-07-15";15;114;88;143
"2020-07-16";15;108;83;132
"2020-07-17";15;127;98;159
"2020-07-18";15;112;88;145
"2020-07-19";15;91;69;114
"2020-07-20";15;137;103;165
"2020-07-21";15;111;84;142
"2020-07-22";15;124;99;152
"2020-07-23";15;94;76;117
"2020-07-24";15;88;65;109
"2020-07-25";15;84;61;109
"2020-07-26";15;76;55;99
"2020-07-27";15;117;89;143
"2020-07-28";15;89;67;113
"2020-07-29";15;70;51;92
"2020-07-30";15;83;63;105
"2020-07-31";15;83;62;106
"2020-08-01";15;84;64;111
"2020-08-02";15;82;60;103
"2020-08-03";15;95;71;119
"2020-08-04";15;91;70;116
"2020-08-05";15;95;72;123
"2020-08-06";15;93;67;122
"2020-08-07";15;75;59;96
"2020-08-08";15;73;51;99
"2020-08-09";15;63;45;82
"2020-08-10";15;69;53;87
"2020-08-11";15;74;53;97
"2020-08-12";15;67;50;86
"2020-08-13";15;59;39;79
"2020-08-14";15;66;46;87
"2020-08-15";15;58;41;76
"2020-08-16";15;54;39;73
"2020-08-17";15;70;50;92
"2020-08-18";15;78;56;104
"2020-08-19";15;65;45;85
"2020-08-20";15;53;38;72
"2020-08-21";15;53;37;73
"2020-08-22";15;47;31;62
"2020-08-23";15;43;29;58
"2020-08-24";15;60;41;79
"2020-08-25";15;60;44;80
"2020-08-26";15;67;49;87
"2020-08-27";15;66;47;85
"2020-08-28";15;60;44;80
"2020-08-29";15;47;32;65
"2020-08-30";15;39;25;55
"2020-08-31";15;52;35;70
"2020-09-01";15;58;40;77
"2020-09-02";15;51;35;70
"2020-09-03";15;59;42;80
"2020-09-04";15;53;37;72
"2020-09-05";15;44;31;61
"2020-09-06";15;43;29;59
"2020-09-07";15;55;38;75
"2020-09-08";15;47;33;63
"2020-09-09";15;40;28;58
"2020-09-10";15;43;27;59
"2020-09-11";15;47;31;64
"2020-09-12";15;49;34;62
"2020-09-13";15;41;29;58
"2020-09-14";15;53;37;72
"2020-09-15";15;47;33;65
"2020-09-16";15;48;34;66
"2020-09-17";15;39;26;54
"2020-09-18";15;37;25;50
"2020-09-19";15;39;23;55
"2020-09-20";15;38;23;52
"2020-09-21";15;60;44;79
"2020-09-22";15;58;40;79
"2020-09-23";15;62;43;81
"2020-09-24";15;59;41;78
"2020-09-25";15;75;54;98
"2020-09-26";15;55;38;75
"2020-09-27";15;46;31;64
"2020-09-28";15;82;60;104
"2020-09-29";15;58;43;76
"2020-09-30";15;52;35;71
"2020-10-01";15;53;37;70
"2020-10-02";15;52;34;70
"2020-10-03";15;51;34;69
"2020-10-04";15;40;26;56
"2020-10-05";15;59;41;80
"2020-10-06";15;46;32;61
"2020-10-07";15;43;28;61
"2020-10-08";15;43;30;59
"2020-10-09";15;42;29;57
"2020-10-10";15;47;32;64
"2020-10-11";15;39;25;56
"2020-10-12";15;51;34;69
"2020-10-13";15;50;34;68
"2020-10-14";15;43;28;61
"2020-10-15";15;39;25;56
"2020-10-16";15;40;25;55
"2020-10-17";15;46;30;62
"2020-10-18";15;38;23;52
"2020-10-19";15;48;30;68
"2020-10-20";15;36;23;52
"2020-10-21";15;41;26;58
"2020-10-22";15;30;18;43
"2020-10-23";15;31;19;43
"2020-10-24";15;30;17;43
"2020-10-25";15;23;13;36
"2020-10-26";15;32;21;47
"2020-10-27";15;29;16;41
"2020-10-28";15;30;19;43
"2020-10-29";15;35;21;47
"2020-10-30";15;32;21;44
"2020-10-31";15;28;18;43
"2020-11-01";15;26;15;39
"2020-11-02";15;39;25;57
"2020-11-03";15;31;17;44
"2020-11-04";15;32;20;44
"2020-11-05";15;28;17;39
"2020-11-06";15;27;17;41
"2020-11-07";15;25;15;37
"2020-11-08";15;22;13;34
"2020-11-09";15;28;16;41
"2020-11-10";15;30;17;43
"2020-11-11";15;21;10;33
"2020-11-12";15;21;12;32
"2020-11-13";15;20;11;31
"2020-11-14";15;20;11;31
"2020-11-15";15;17;10;28
"2020-11-16";15;25;13;41
"2020-11-17";15;23;13;37
"2020-11-18";15;20;10;30
"2020-11-19";15;18;9;29
"2020-11-20";15;15;7;25
"2020-11-21";15;14;6;23
"2020-11-22";15;14;6;25
"2020-11-23";15;19;10;29
"2020-11-24";15;18;9;29
"2020-11-25";15;19;10;29
"2020-11-26";15;20;10;31
"2020-11-27";15;19;8;33
"2020-11-28";15;17;7;28
"2020-04-01";1;4;1;9
"2020-04-02";1;4;0;9
"2020-04-03";1;5;1;10
"2020-04-04";1;4;1;9
"2020-04-05";1;4;1;10
"2020-04-06";1;6;1;12
"2020-04-07";1;6;2;12
"2020-04-08";1;5;2;11
"2020-04-09";1;6;2;13
"2020-04-10";1;6;1;11
"2020-04-11";1;6;2;11
"2020-04-12";1;6;1;12
"2020-04-13";1;8;3;15
"2020-04-14";1;9;3;15
"2020-04-15";1;9;3;16
"2020-04-16";1;9;4;17
"2020-04-17";1;9;4;16
"2020-04-18";1;8;3;15
"2020-04-19";1;9;3;16
"2020-04-20";1;14;6;24
"2020-04-21";1;13;5;22
"2020-04-22";1;12;5;21
"2020-04-23";1;13;5;21
"2020-04-24";1;15;8;24
"2020-04-25";1;15;8;23
"2020-04-26";1;20;11;30
"2020-04-27";1;28;16;41
"2020-04-28";1;35;21;48
"2020-04-29";1;27;16;40
"2020-04-30";1;32;20;47
"2020-05-01";1;40;26;56
"2020-05-02";1;40;27;55
"2020-05-03";1;48;29;66
"2020-05-04";1;59;42;77
"2020-05-05";1;51;33;68
"2020-05-06";1;84;62;108
"2020-05-07";1;48;30;67
"2020-05-08";1;61;39;83
"2020-05-09";1;58;35;75
"2020-05-10";1;67;50;88
"2020-05-11";1;103;81;127
"2020-05-12";1;100;75;128
"2020-05-13";1;100;75;126
"2020-05-14";1;92;72;116
"2020-05-15";1;127;98;156
"2020-05-16";1;106;82;133
"2020-05-17";1;105;78;133
"2020-05-18";1;142;111;174
"2020-05-19";1;120;93;152
"2020-05-20";1;149;119;180
"2020-05-21";1;115;88;142
"2020-05-22";1;116;93;143
"2020-05-23";1;132;100;157
"2020-05-24";1;104;76;129
"2020-05-25";1;145;111;181
"2020-05-26";1;122;100;147
"2020-05-27";1;128;103;154
"2020-05-28";1;126;97;154
"2020-05-29";1;106;80;136
"2020-05-30";1;107;82;131
"2020-05-31";1;89;67;113
"2020-06-01";1;155;124;192
"2020-06-02";1;110;81;137
"2020-06-03";1;115;90;143
"2020-06-04";1;105;78;132
"2020-06-05";1;112;85;139
"2020-06-06";1;117;92;151
"2020-06-07";1;86;66;106
"2020-06-08";1;147;121;179
"2020-06-09";1;120;94;147
"2020-06-10";1;116;87;151
"2020-06-11";1;99;75;127
"2020-06-12";1;100;76;130
"2020-06-13";1;89;67;113
"2020-06-14";1;78;58;99
"2020-06-15";1;122;92;150
"2020-06-16";1;92;70;121
"2020-06-17";1;92;68;118
"2020-06-18";1;96;72;122
"2020-06-19";1;84;60;107
"2020-06-20";1;83;62;109
"2020-06-21";1;66;46;90
"2020-06-22";1;106;79;134
"2020-06-23";1;92;69;117
"2020-06-24";1;88;66;113
"2020-06-25";1;68;49;89
"2020-06-26";1;79;58;105
"2020-06-27";1;78;56;101
"2020-06-28";1;72;52;95
"2020-06-29";1;84;62;110
"2020-06-30";1;101;75;128
"2020-07-01";1;103;79;131
"2020-07-02";1;69;49;88
"2020-07-03";1;94;73;121
"2020-07-04";1;64;44;84
"2020-07-05";1;69;48;92
"2020-07-06";1;71;50;89
"2020-07-07";1;94;69;120
"2020-07-08";1;81;62;102
"2020-07-09";1;68;51;87
"2020-07-10";1;61;44;80
"2020-07-11";1;57;38;82
"2020-07-12";1;51;34;68
"2020-07-13";1;65;47;86
"2020-07-14";1;67;47;88
"2020-07-15";1;68;46;90
"2020-07-16";1;68;49;90
"2020-07-17";1;89;68;114
"2020-07-18";1;88;65;112
"2020-07-19";1;63;42;83
"2020-07-20";1;104;81;130
"2020-07-21";1;86;65;109
"2020-07-22";1;92;70;117
"2020-07-23";1;86;64;111
"2020-07-24";1;73;53;97
"2020-07-25";1;74;57;95
"2020-07-26";1;95;70;122
"2020-07-27";1;89;64;119
"2020-07-28";1;65;46;89
"2020-07-29";1;66;48;88
"2020-07-30";1;73;55;93
"2020-07-31";1;57;37;76
"2020-08-01";1;63;44;84
"2020-08-02";1;54;35;71
"2020-08-03";1;66;46;86
"2020-08-04";1;68;48;86
"2020-08-05";1;66;46;89
"2020-08-06";1;65;47;89
"2020-08-07";1;62;43;84
"2020-08-08";1;58;39;83
"2020-08-09";1;52;35;70
"2020-08-10";1;81;60;108
"2020-08-11";1;58;41;78
"2020-08-12";1;81;60;111
"2020-08-13";1;59;42;80
"2020-08-14";1;57;39;75
"2020-08-15";1;59;42;77
"2020-08-16";1;38;24;51
"2020-08-17";1;57;41;75
"2020-08-18";1;59;44;76
"2020-08-19";1;55;38;75
"2020-08-20";1;50;35;69
"2020-08-21";1;53;36;71
"2020-08-22";1;45;31;63
"2020-08-23";1;43;29;63
"2020-08-24";1;51;35;71
"2020-08-25";1;45;27;62
"2020-08-26";1;54;38;71
"2020-08-27";1;40;26;57
"2020-08-28";1;50;35;69
"2020-08-29";1;31;19;43
"2020-08-30";1;31;19;43
"2020-08-31";1;37;25;55
"2020-09-01";1;39;25;56
"2020-09-02";1;34;21;47
"2020-09-03";1;36;23;53
"2020-09-04";1;38;25;54
"2020-09-05";1;33;20;47
"2020-09-06";1;25;14;38
"2020-09-07";1;41;26;60
"2020-09-08";1;34;22;50
"2020-09-09";1;36;24;53
"2020-09-10";1;32;18;45
"2020-09-11";1;24;15;38
"2020-09-12";1;23;14;34
"2020-09-13";1;18;9;28
"2020-09-14";1;23;12;37
"2020-09-15";1;24;13;35
"2020-09-16";1;22;12;32
"2020-09-17";1;23;14;34
"2020-09-18";1;19;9;29
"2020-09-19";1;18;8;31
"2020-09-20";1;16;8;26
"2020-09-21";1;26;16;37
"2020-09-22";1;27;15;40
"2020-09-23";1;22;13;31
"2020-09-24";1;23;13;35
"2020-09-25";1;22;11;35
"2020-09-26";1;24;15;35
"2020-09-27";1;20;12;32
"2020-09-28";1;29;17;44
"2020-09-29";1;24;13;37
"2020-09-30";1;27;15;41
"2020-10-01";1;25;15;37
"2020-10-02";1;26;14;38
"2020-10-03";1;25;16;40
"2020-10-04";1;19;9;30
"2020-10-05";1;24;12;37
"2020-10-06";1;23;11;36
"2020-10-07";1;21;11;32
"2020-10-08";1;21;11;32
"2020-10-09";1;22;11;33
"2020-10-10";1;20;12;32
"2020-10-11";1;19;11;29
"2020-10-12";1;24;13;37
"2020-10-13";1;25;15;36
"2020-10-14";1;24;13;37
"2020-10-15";1;25;15;37
"2020-10-16";1;27;15;41
"2020-10-17";1;27;15;38
"2020-10-18";1;22;12;34
"2020-10-19";1;32;21;48
"2020-10-20";1;35;21;50
"2020-10-21";1;30;19;41
"2020-10-22";1;35;23;51
"2020-10-23";1;29;18;45
"2020-10-24";1;42;26;58
"2020-10-25";1;23;12;35
"2020-10-26";1;40;26;58
"2020-10-27";1;29;17;42
"2020-10-28";1;38;26;57
"2020-10-29";1;28;15;42
"2020-10-30";1;30;20;43
"2020-10-31";1;24;14;35
"2020-11-01";1;26;13;40
"2020-11-02";1;38;24;53
"2020-11-03";1;51;34;70
"2020-11-04";1;42;27;59
"2020-11-05";1;52;36;71
"2020-11-06";1;40;24;59
"2020-11-07";1;34;20;49
"2020-11-08";1;29;18;44
"2020-11-09";1;56;38;72
"2020-11-10";1;34;21;52
"2020-11-11";1;36;24;51
"2020-11-12";1;32;19;46
"2020-11-13";1;34;21;48
"2020-11-14";1;25;16;37
"2020-11-15";1;28;17;41
"2020-11-16";1;35;21;51
"2020-11-17";1;43;27;60
"2020-11-18";1;30;15;45
"2020-11-19";1;35;21;52
"2020-11-20";1;30;19;45
"2020-11-21";1;33;21;49
"2020-11-22";1;29;17;44
"2020-11-23";1;66;47;87
"2020-11-24";1;45;27;65
"2020-11-25";1;50;32;69
"2020-11-26";1;33;20;49
"2020-11-27";1;39;20;61
"2020-11-28";1;31;15;48
"2020-04-01";2;9;4;17
"2020-04-02";2;9;3;16
"2020-04-03";2;10;4;16
"2020-04-04";2;9;4;15
"2020-04-05";2;9;4;17
"2020-04-06";2;15;6;25
"2020-04-07";2;15;7;23
"2020-04-08";2;15;7;24
"2020-04-09";2;15;7;23
"2020-04-10";2;17;9;26
"2020-04-11";2;17;8;26
"2020-04-12";2;17;8;27
"2020-04-13";2;22;13;33
"2020-04-14";2;22;12;33
"2020-04-15";2;23;13;34
"2020-04-16";2;24;14;34
"2020-04-17";2;24;15;35
"2020-04-18";2;23;12;33
"2020-04-19";2;25;15;37
"2020-04-20";2;36;22;51
"2020-04-21";2;32;18;47
"2020-04-22";2;35;21;48
"2020-04-23";2;37;25;53
"2020-04-24";2;38;23;52
"2020-04-25";2;38;25;51
"2020-04-26";2;34;20;49
"2020-04-27";2;58;42;79
"2020-04-28";2;65;46;86
"2020-04-29";2;56;40;72
"2020-04-30";2;60;43;80
"2020-05-01";2;65;48;87
"2020-05-02";2;62;43;83
"2020-05-03";2;74;57;94
"2020-05-04";2;85;64;107
"2020-05-05";2;78;57;104
"2020-05-06";2;70;50;87
"2020-05-07";2;64;48;84
"2020-05-08";2;68;49;92
"2020-05-09";2;63;46;83
"2020-05-10";2;69;49;90
"2020-05-11";2;109;87;138
"2020-05-12";2;102;75;129
"2020-05-13";2;94;72;116
"2020-05-14";2;87;65;113
"2020-05-15";2;95;73;120
"2020-05-16";2;87;67;113
"2020-05-17";2;80;60;106
"2020-05-18";2;94;70;121
"2020-05-19";2;91;70;116
"2020-05-20";2;103;82;129
"2020-05-21";2;93;72;115
"2020-05-22";2;93;67;117
"2020-05-23";2;85;67;109
"2020-05-24";2;89;66;112
"2020-05-25";2;121;92;147
"2020-05-26";2;123;93;153
"2020-05-27";2;123;96;151
"2020-05-28";2;127;101;159
"2020-05-29";2;122;91;149
"2020-05-30";2;144;116;172
"2020-05-31";2;134;103;167
"2020-06-01";2;209;176;249
"2020-06-02";2;179;142;208
"2020-06-03";2;175;143;214
"2020-06-04";2;188;155;228
"2020-06-05";2;214;177;252
"2020-06-06";2;192;160;228
"2020-06-07";2;166;132;205
"2020-06-08";2;203;166;236
"2020-06-09";2;209;168;245
"2020-06-10";2;219;186;256
"2020-06-11";2;247;208;285
"2020-06-12";2;304;260;355
"2020-06-13";2;236;196;276
"2020-06-14";2;217;184;255
"2020-06-15";2;279;231;335
"2020-06-16";2;243;205;286
"2020-06-17";2;218;180;257
"2020-06-18";2;243;206;283
"2020-06-19";2;236;193;276
"2020-06-20";2;246;206;293
"2020-06-21";2;203;168;243
"2020-06-22";2;240;200;281
"2020-06-23";2;251;212;290
"2020-06-24";2;237;203;276
"2020-06-25";2;246;208;290
"2020-06-26";2;242;195;290
"2020-06-27";2;231;196;270
"2020-06-28";2;213;169;251
"2020-06-29";2;243;205;288
"2020-06-30";2;253;211;290
"2020-07-01";2;268;223;310
"2020-07-02";2;208;172;250
"2020-07-03";2;237;199;274
"2020-07-04";2;209;173;246
"2020-07-05";2;197;163;232
"2020-07-06";2;216;181;255
"2020-07-07";2;191;154;223
"2020-07-08";2;160;125;196
"2020-07-09";2;173;140;206
"2020-07-10";2;175;140;210
"2020-07-11";2;146;116;176
"2020-07-12";2;155;125;195
"2020-07-13";2;165;135;201
"2020-07-14";2;159;125;193
"2020-07-15";2;133;104;165
"2020-07-16";2;123;95;148
"2020-07-17";2;142;113;170
"2020-07-18";2;142;116;166
"2020-07-19";2;125;99;156
"2020-07-20";2;164;131;197
"2020-07-21";2;138;113;171
"2020-07-22";2;121;100;152
"2020-07-23";2;121;99;149
"2020-07-24";2;114;88;144
"2020-07-25";2;109;84;132
"2020-07-26";2;102;77;130
"2020-07-27";2;149;117;180
"2020-07-28";2;126;99;156
"2020-07-29";2;124;97;149
"2020-07-30";2;117;90;141
"2020-07-31";2;142;108;177
"2020-08-01";2;138;109;167
"2020-08-02";2;112;87;140
"2020-08-03";2;150;118;183
"2020-08-04";2;123;96;151
"2020-08-05";2;109;79;132
"2020-08-06";2;96;71;122
"2020-08-07";2;106;84;129
"2020-08-08";2;98;74;123
"2020-08-09";2;85;65;108
"2020-08-10";2;111;85;142
"2020-08-11";2;108;83;136
"2020-08-12";2;88;66;115
"2020-08-13";2;93;72;116
"2020-08-14";2;103;81;129
"2020-08-15";2;80;60;102
"2020-08-16";2;60;41;79
"2020-08-17";2;88;69;114
"2020-08-18";2;85;63;105
"2020-08-19";2;75;55;97
"2020-08-20";2;86;62;116
"2020-08-21";2;92;67;116
"2020-08-22";2;80;59;104
"2020-08-23";2;73;53;97
"2020-08-24";2;93;68;119
"2020-08-25";2;92;70;117
"2020-08-26";2;81;63;100
"2020-08-27";2;74;53;101
"2020-08-28";2;77;58;100
"2020-08-29";2;63;45;83
"2020-08-30";2;54;36;73
"2020-08-31";2;94;73;123
"2020-09-01";2;69;49;89
"2020-09-02";2;68;49;87
"2020-09-03";2;64;48;84
"2020-09-04";2;56;40;74
"2020-09-05";2;45;31;61
"2020-09-06";2;38;23;55
"2020-09-07";2;66;49;88
"2020-09-08";2;54;40;68
"2020-09-09";2;53;38;70
"2020-09-10";2;57;42;76
"2020-09-11";2;51;34;72
"2020-09-12";2;39;26;54
"2020-09-13";2;31;17;44
"2020-09-14";2;48;33;69
"2020-09-15";2;49;36;66
"2020-09-16";2;46;29;62
"2020-09-17";2;44;30;60
"2020-09-18";2;41;28;55
"2020-09-19";2;44;30;59
"2020-09-20";2;37;22;51
"2020-09-21";2;64;46;84
"2020-09-22";2;56;39;74
"2020-09-23";2;47;30;61
"2020-09-24";2;55;37;73
"2020-09-25";2;43;27;58
"2020-09-26";2;41;27;55
"2020-09-27";2;36;23;50
"2020-09-28";2;58;43;75
"2020-09-29";2;52;35;69
"2020-09-30";2;47;33;62
"2020-10-01";2;50;35;68
"2020-10-02";2;48;34;66
"2020-10-03";2;41;27;56
"2020-10-04";2;36;24;50
"2020-10-05";2;47;33;63
"2020-10-06";2;46;31;65
"2020-10-07";2;52;34;70
"2020-10-08";2;48;34;66
"2020-10-09";2;43;28;58
"2020-10-10";2;42;30;57
"2020-10-11";2;32;19;46
"2020-10-12";2;42;30;57
"2020-10-13";2;44;30;60
"2020-10-14";2;45;30;63
"2020-10-15";2;45;29;60
"2020-10-16";2;36;24;50
"2020-10-17";2;32;22;48
"2020-10-18";2;30;18;42
"2020-10-19";2;50;34;68
"2020-10-20";2;43;29;61
"2020-10-21";2;40;25;55
"2020-10-22";2;37;25;51
"2020-10-23";2;35;22;48
"2020-10-24";2;33;20;47
"2020-10-25";2;28;18;40
"2020-10-26";2;43;27;59
"2020-10-27";2;34;22;46
"2020-10-28";2;34;21;46
"2020-10-29";2;29;18;40
"2020-10-30";2;33;21;48
"2020-10-31";2;25;14;36
"2020-11-01";2;26;14;38
"2020-11-02";2;34;22;49
"2020-11-03";2;31;19;43
"2020-11-04";2;25;16;37
"2020-11-05";2;27;17;38
"2020-11-06";2;25;15;38
"2020-11-07";2;23;13;34
"2020-11-08";2;23;12;34
"2020-11-09";2;31;20;44
"2020-11-10";2;39;24;55
"2020-11-11";2;33;21;49
"2020-11-12";2;29;18;45
"2020-11-13";2;23;12;35
"2020-11-14";2;21;11;33
"2020-11-15";2;22;11;35
"2020-11-16";2;29;17;43
"2020-11-17";2;30;18;42
"2020-11-18";2;29;17;44
"2020-11-19";2;27;15;41
"2020-11-20";2;23;13;33
"2020-11-21";2;22;13;35
"2020-11-22";2;21;12;31
"2020-11-23";2;35;21;49
"2020-11-24";2;33;22;49
"2020-11-25";2;35;21;49
"2020-11-26";2;30;17;46
"2020-11-27";2;30;17;44
"2020-11-28";2;27;14;43
"2020-04-01";3;1;0;3
"2020-04-02";3;1;0;2
"2020-04-03";3;1;0;3
"2020-04-04";3;1;0;3
"2020-04-05";3;1;0;3
"2020-04-06";3;1;0;4
"2020-04-07";3;1;0;3
"2020-04-08";3;1;0;4
"2020-04-09";3;1;0;3
"2020-04-10";3;1;0;3
"2020-04-11";3;1;0;3
"2020-04-12";3;1;0;3
"2020-04-13";3;1;0;4
"2020-04-14";3;1;0;4
"2020-04-15";3;2;0;4
"2020-04-16";3;2;0;5
"2020-04-17";3;2;0;6
"2020-04-18";3;2;0;6
"2020-04-19";3;2;0;5
"2020-04-20";3;3;0;8
"2020-04-21";3;3;0;8
"2020-04-22";3;4;1;8
"2020-04-23";3;4;0;9
"2020-04-24";3;4;1;9
"2020-04-25";3;4;1;8
"2020-04-26";3;4;1;10
"2020-04-27";3;5;1;11
"2020-04-28";3;6;1;12
"2020-04-29";3;6;2;12
"2020-04-30";3;6;1;13
"2020-05-01";3;7;2;13
"2020-05-02";3;6;2;12
"2020-05-03";3;6;2;11
"2020-05-04";3;7;2;13
"2020-05-05";3;8;3;16
"2020-05-06";3;8;2;15
"2020-05-07";3;7;2;12
"2020-05-08";3;7;3;13
"2020-05-09";3;6;1;11
"2020-05-10";3;5;1;10
"2020-05-11";3;5;1;10
"2020-05-12";3;5;1;11
"2020-05-13";3;4;0;9
"2020-05-14";3;4;1;10
"2020-05-15";3;4;1;10
"2020-05-16";3;5;1;10
"2020-05-17";3;4;1;8
"2020-05-18";3;6;2;12
"2020-05-19";3;6;2;12
"2020-05-20";3;6;2;11
"2020-05-21";3;6;1;12
"2020-05-22";3;7;2;13
"2020-05-23";3;7;2;13
"2020-05-24";3;9;3;17
"2020-05-25";3;11;4;21
"2020-05-26";3;12;4;21
"2020-05-27";3;11;4;18
"2020-05-28";3;12;4;20
"2020-05-29";3;14;5;25
"2020-05-30";3;14;6;24
"2020-05-31";3;14;7;24
"2020-06-01";3;20;10;30
"2020-06-02";3;22;12;32
"2020-06-03";3;24;14;37
"2020-06-04";3;26;16;40
"2020-06-05";3;28;15;43
"2020-06-06";3;27;17;41
"2020-06-07";3;23;13;33
"2020-06-08";3;26;15;41
"2020-06-09";3;28;16;42
"2020-06-10";3;30;18;44
"2020-06-11";3;35;22;53
"2020-06-12";3;36;22;50
"2020-06-13";3;33;22;47
"2020-06-14";3;29;18;43
"2020-06-15";3;38;25;53
"2020-06-16";3;34;22;48
"2020-06-17";3;31;18;45
"2020-06-18";3;36;23;49
"2020-06-19";3;48;32;68
"2020-06-20";3;38;25;54
"2020-06-21";3;36;21;53
"2020-06-22";3;38;25;52
"2020-06-23";3;33;21;49
"2020-06-24";3;29;16;43
"2020-06-25";3;42;26;56
"2020-06-26";3;37;24;53
"2020-06-27";3;29;17;43
"2020-06-28";3;30;20;43
"2020-06-29";3;39;26;59
"2020-06-30";3;49;31;68
"2020-07-01";3;43;27;61
"2020-07-02";3;46;31;65
"2020-07-03";3;46;29;61
"2020-07-04";3;42;28;58
"2020-07-05";3;42;29;58
"2020-07-06";3;53;37;74
"2020-07-07";3;52;35;71
"2020-07-08";3;44;29;61
"2020-07-09";3;40;26;57
"2020-07-10";3;48;33;63
"2020-07-11";3;43;27;61
"2020-07-12";3;44;28;62
"2020-07-13";3;50;35;67
"2020-07-14";3;45;29;60
"2020-07-15";3;49;31;70
"2020-07-16";3;56;39;76
"2020-07-17";3;73;54;93
"2020-07-18";3;69;49;94
"2020-07-19";3;68;46;87
"2020-07-20";3;97;74;125
"2020-07-21";3;96;75;122
"2020-07-22";3;91;69;116
"2020-07-23";3;104;72;130
"2020-07-24";3;107;81;137
"2020-07-25";3;75;52;100
"2020-07-26";3;96;74;123
"2020-07-27";3;120;94;149
"2020-07-28";3;116;88;142
"2020-07-29";3;113;87;140
"2020-07-30";3;117;90;145
"2020-07-31";3;111;80;139
"2020-08-01";3;110;82;140
"2020-08-02";3;99;77;123
"2020-08-03";3;122;93;154
"2020-08-04";3;137;106;165
"2020-08-05";3;115;88;142
"2020-08-06";3;131;103;162
"2020-08-07";3;120;95;146
"2020-08-08";3;100;75;127
"2020-08-09";3;81;59;106
"2020-08-10";3;111;84;133
"2020-08-11";3;100;75;127
"2020-08-12";3;101;79;129
"2020-08-13";3;85;62;110
"2020-08-14";3;84;63;107
"2020-08-15";3;66;46;86
"2020-08-16";3;64;45;87
"2020-08-17";3;75;55;100
"2020-08-18";3;79;59;107
"2020-08-19";3;59;41;79
"2020-08-20";3;87;64;108
"2020-08-21";3;56;38;75
"2020-08-22";3;38;25;53
"2020-08-23";3;53;35;74
"2020-08-24";3;67;48;88
"2020-08-25";3;56;38;74
"2020-08-26";3;45;29;63
"2020-08-27";3;48;33;66
"2020-08-28";3;43;29;59
"2020-08-29";3;35;23;49
"2020-08-30";3;30;16;43
"2020-08-31";3;41;27;58
"2020-09-01";3;45;29;64
"2020-09-02";3;52;37;68
"2020-09-03";3;51;36;72
"2020-09-04";3;64;47;84
"2020-09-05";3;49;34;66
"2020-09-06";3;32;19;46
"2020-09-07";3;55;40;72
"2020-09-08";3;48;33;65
"2020-09-09";3;49;33;65
"2020-09-10";3;49;34;67
"2020-09-11";3;58;40;81
"2020-09-12";3;41;27;57
"2020-09-13";3;40;26;56
"2020-09-14";3;51;34;68
"2020-09-15";3;50;33;69
"2020-09-16";3;37;23;52
"2020-09-17";3;42;28;56
"2020-09-18";3;39;25;54
"2020-09-19";3;37;24;51
"2020-09-20";3;35;22;51
"2020-09-21";3;38;24;55
"2020-09-22";3;39;25;56
"2020-09-23";3;40;26;54
"2020-09-24";3;39;25;56
"2020-09-25";3;38;23;55
"2020-09-26";3;33;21;45
"2020-09-27";3;30;18;46
"2020-09-28";3;38;24;51
"2020-09-29";3;32;19;46
"2020-09-30";3;34;22;50
"2020-10-01";3;30;18;44
"2020-10-02";3;31;20;44
"2020-10-03";3;27;15;40
"2020-10-04";3;24;15;37
"2020-10-05";3;25;15;37
"2020-10-06";3;30;18;46
"2020-10-07";3;31;18;43
"2020-10-08";3;35;22;50
"2020-10-09";3;27;16;42
"2020-10-10";3;20;10;31
"2020-10-11";3;18;9;27
"2020-10-12";3;24;14;35
"2020-10-13";3;30;18;44
"2020-10-14";3;29;17;42
"2020-10-15";3;27;16;38
"2020-10-16";3;23;13;35
"2020-10-17";3;22;12;34
"2020-10-18";3;19;9;32
"2020-10-19";3;25;15;39
"2020-10-20";3;25;14;38
"2020-10-21";3;23;13;34
"2020-10-22";3;23;13;35
"2020-10-23";3;18;9;28
"2020-10-24";3;16;8;24
"2020-10-25";3;15;8;24
"2020-10-26";3;18;9;28
"2020-10-27";3;15;7;26
"2020-10-28";3;10;4;18
"2020-10-29";3;8;3;15
"2020-10-30";3;7;2;13
"2020-10-31";3;6;1;13
"2020-11-01";3;6;2;12
"2020-11-02";3;7;1;12
"2020-11-03";3;7;2;14
"2020-11-04";3;7;2;14
"2020-11-05";3;7;2;14
"2020-11-06";3;7;2;14
"2020-11-07";3;7;2;14
"2020-11-08";3;9;3;14
"2020-11-09";3;14;6;23
"2020-11-10";3;13;5;22
"2020-11-11";3;14;7;23
"2020-11-12";3;13;6;24
"2020-11-13";3;12;5;21
"2020-11-14";3;14;7;22
"2020-11-15";3;11;4;20
"2020-11-16";3;17;8;27
"2020-11-17";3;17;9;29
"2020-11-18";3;20;11;32
"2020-11-19";3;17;8;26
"2020-11-20";3;18;9;27
"2020-11-21";3;15;8;25
"2020-11-22";3;17;8;28
"2020-11-23";3;24;13;37
"2020-11-24";3;20;11;31
"2020-11-25";3;20;10;34
"2020-11-26";3;17;7;28
"2020-11-27";3;16;5;28
"2020-11-28";3;17;6;32
"2020-04-01";4;3;0;7
"2020-04-02";4;2;0;6
"2020-04-03";4;2;0;7
"2020-04-04";4;2;0;5
"2020-04-05";4;2;0;5
"2020-04-06";4;2;0;6
"2020-04-07";4;3;0;6
"2020-04-08";4;2;0;6
"2020-04-09";4;2;0;6
"2020-04-10";4;2;0;5
"2020-04-11";4;2;0;5
"2020-04-12";4;2;0;5
"2020-04-13";4;3;0;7
"2020-04-14";4;3;0;7
"2020-04-15";4;3;0;8
"2020-04-16";4;3;0;7
"2020-04-17";4;3;0;7
"2020-04-18";4;2;0;7
"2020-04-19";4;2;0;6
"2020-04-20";4;3;0;8
"2020-04-21";4;3;0;7
"2020-04-22";4;3;0;7
"2020-04-23";4;3;0;7
"2020-04-24";4;3;0;8
"2020-04-25";4;4;0;8
"2020-04-26";4;4;0;8
"2020-04-27";4;6;2;11
"2020-04-28";4;7;3;13
"2020-04-29";4;8;3;15
"2020-04-30";4;9;4;17
"2020-05-01";4;10;5;17
"2020-05-02";4;12;5;21
"2020-05-03";4;14;7;21
"2020-05-04";4;21;12;33
"2020-05-05";4;22;11;33
"2020-05-06";4;28;18;41
"2020-05-07";4;30;17;45
"2020-05-08";4;35;22;48
"2020-05-09";4;31;20;45
"2020-05-10";4;26;16;39
"2020-05-11";4;43;29;58
"2020-05-12";4;31;18;43
"2020-05-13";4;31;18;45
"2020-05-14";4;27;16;38
"2020-05-15";4;28;16;43
"2020-05-16";4;23;13;35
"2020-05-17";4;22;12;34
"2020-05-18";4;29;17;41
"2020-05-19";4;31;20;44
"2020-05-20";4;36;24;52
"2020-05-21";4;35;23;49
"2020-05-22";4;43;26;63
"2020-05-23";4;48;31;65
"2020-05-24";4;48;34;64
"2020-05-25";4;71;51;92
"2020-05-26";4;72;51;93
"2020-05-27";4;71;51;95
"2020-05-28";4;54;37;74
"2020-05-29";4;61;41;83
"2020-05-30";4;64;45;84
"2020-05-31";4;63;44;83
"2020-06-01";4;83;61;102
"2020-06-02";4;66;45;89
"2020-06-03";4;64;46;84
"2020-06-04";4;63;44;83
"2020-06-05";4;62;45;83
"2020-06-06";4;68;48;85
"2020-06-07";4;54;36;71
"2020-06-08";4;82;62;107
"2020-06-09";4;80;60;102
"2020-06-10";4;85;64;111
"2020-06-11";4;68;49;91
"2020-06-12";4;79;58;102
"2020-06-13";4;71;49;91
"2020-06-14";4;75;53;99
"2020-06-15";4;80;62;101
"2020-06-16";4;90;67;115
"2020-06-17";4;69;51;89
"2020-06-18";4;63;43;85
"2020-06-19";4;78;58;101
"2020-06-20";4;65;46;84
"2020-06-21";4;66;47;88
"2020-06-22";4;92;65;114
"2020-06-23";4;88;68;110
"2020-06-24";4;78;55;100
"2020-06-25";4;92;70;115
"2020-06-26";4;97;73;120
"2020-06-27";4;75;54;94
"2020-06-28";4;62;45;81
"2020-06-29";4;71;47;95
"2020-06-30";4;77;56;101
"2020-07-01";4;100;77;123
"2020-07-02";4;87;64;110
"2020-07-03";4;98;72;122
"2020-07-04";4;104;78;133
"2020-07-05";4;81;61;106
"2020-07-06";4;140;112;176
"2020-07-07";4;116;90;142
"2020-07-08";4;117;89;143
"2020-07-09";4;101;80;127
"2020-07-10";4;114;85;141
"2020-07-11";4;102;77;126
"2020-07-12";4;100;73;126
"2020-07-13";4;125;102;150
"2020-07-14";4;137;113;172
"2020-07-15";4;122;96;151
"2020-07-16";4;105;81;133
"2020-07-17";4;117;87;145
"2020-07-18";4;102;74;127
"2020-07-19";4;96;71;121
"2020-07-20";4;152;120;184
"2020-07-21";4;122;95;149
"2020-07-22";4;111;79;136
"2020-07-23";4;122;96;152
"2020-07-24";4;126;97;154
"2020-07-25";4;133;104;166
"2020-07-26";4;88;65;112
"2020-07-27";4;153;123;183
"2020-07-28";4;115;87;140
"2020-07-29";4;122;93;150
"2020-07-30";4;121;94;149
"2020-07-31";4;113;88;141
"2020-08-01";4;143;113;174
"2020-08-02";4;113;88;142
"2020-08-03";4;140;106;171
"2020-08-04";4;120;94;147
"2020-08-05";4;125;100;153
"2020-08-06";4;110;84;137
"2020-08-07";4;123;97;153
"2020-08-08";4;103;80;130
"2020-08-09";4;84;65;110
"2020-08-10";4;131;105;159
"2020-08-11";4;112;89;139
"2020-08-12";4;110;88;141
"2020-08-13";4;119;95;148
"2020-08-14";4;127;97;156
"2020-08-15";4;112;85;144
"2020-08-16";4;87;63;114
"2020-08-17";4;139;109;169
"2020-08-18";4;152;122;183
"2020-08-19";4;141;111;171
"2020-08-20";4;131;106;163
"2020-08-21";4;127;100;158
"2020-08-22";4;91;65;116
"2020-08-23";4;89;69;116
"2020-08-24";4;134;106;159
"2020-08-25";4;99;74;130
"2020-08-26";4;115;91;142
"2020-08-27";4;96;69;120
"2020-08-28";4;87;64;111
"2020-08-29";4;74;52;97
"2020-08-30";4;69;51;88
"2020-08-31";4;100;79;127
"2020-09-01";4;99;71;124
"2020-09-02";4;100;77;123
"2020-09-03";4;94;72;124
"2020-09-04";4;76;57;100
"2020-09-05";4;58;41;76
"2020-09-06";4;56;41;75
"2020-09-07";4;97;74;125
"2020-09-08";4;78;52;104
"2020-09-09";4;60;42;80
"2020-09-10";4;62;44;82
"2020-09-11";4;58;41;81
"2020-09-12";4;44;29;60
"2020-09-13";4;35;23;49
"2020-09-14";4;60;41;81
"2020-09-15";4;48;30;63
"2020-09-16";4;37;24;53
"2020-09-17";4;35;20;50
"2020-09-18";4;40;24;56
"2020-09-19";4;33;20;46
"2020-09-20";4;34;21;48
"2020-09-21";4;57;40;76
"2020-09-22";4;50;35;68
"2020-09-23";4;62;43;82
"2020-09-24";4;46;31;63
"2020-09-25";4;41;27;58
"2020-09-26";4;31;19;44
"2020-09-27";4;28;17;39
"2020-09-28";4;39;27;56
"2020-09-29";4;35;23;46
"2020-09-30";4;35;22;51
"2020-10-01";4;34;21;47
"2020-10-02";4;32;19;45
"2020-10-03";4;21;11;34
"2020-10-04";4;20;11;29
"2020-10-05";4;28;16;40
"2020-10-06";4;27;16;38
"2020-10-07";4;24;14;37
"2020-10-08";4;25;16;37
"2020-10-09";4;25;14;38
"2020-10-10";4;21;11;32
"2020-10-11";4;17;9;27
"2020-10-12";4;19;11;29
"2020-10-13";4;24;15;36
"2020-10-14";4;21;12;31
"2020-10-15";4;23;11;38
"2020-10-16";4;20;11;31
"2020-10-17";4;17;10;25
"2020-10-18";4;15;6;25
"2020-10-19";4;21;13;33
"2020-10-20";4;17;9;28
"2020-10-21";4;18;9;28
"2020-10-22";4;17;8;28
"2020-10-23";4;12;6;20
"2020-10-24";4;10;4;18
"2020-10-25";4;10;4;18
"2020-10-26";4;15;7;25
"2020-10-27";4;15;7;27
"2020-10-28";4;12;5;21
"2020-10-29";4;10;4;17
"2020-10-30";4;9;2;17
"2020-10-31";4;8;2;16
"2020-11-01";4;8;3;16
"2020-11-02";4;12;6;20
"2020-11-03";4;13;6;23
"2020-11-04";4;11;5;19
"2020-11-05";4;11;5;20
"2020-11-06";4;13;6;22
"2020-11-07";4;11;4;19
"2020-11-08";4;12;5;19
"2020-11-09";4;18;11;26
"2020-11-10";4;17;9;27
"2020-11-11";4;16;8;25
"2020-11-12";4;16;7;26
"2020-11-13";4;17;9;27
"2020-11-14";4;18;9;29
"2020-11-15";4;17;8;27
"2020-11-16";4;28;17;45
"2020-11-17";4;26;14;40
"2020-11-18";4;28;17;42
"2020-11-19";4;29;17;44
"2020-11-20";4;30;17;46
"2020-11-21";4;29;18;47
"2020-11-22";4;26;15;39
"2020-11-23";4;41;28;57
"2020-11-24";4;52;32;75
"2020-11-25";4;60;41;87
"2020-11-26";4;66;42;93
"2020-11-27";4;62;35;101
"2020-11-28";4;59;33;104
"2020-04-01";5;15;8;24
"2020-04-02";5;14;8;23
"2020-04-03";5;13;6;21
"2020-04-04";5;13;5;20
"2020-04-05";5;11;6;19
"2020-04-06";5;15;8;25
"2020-04-07";5;15;8;22
"2020-04-08";5;15;8;24
"2020-04-09";5;14;7;22
"2020-04-10";5;13;6;22
"2020-04-11";5;13;6;21
"2020-04-12";5;13;7;20
"2020-04-13";5;16;9;27
"2020-04-14";5;16;8;25
"2020-04-15";5;16;7;25
"2020-04-16";5;14;6;23
"2020-04-17";5;15;8;24
"2020-04-18";5;14;6;22
"2020-04-19";5;14;7;23
"2020-04-20";5;21;12;32
"2020-04-21";5;20;11;31
"2020-04-22";5;23;13;34
"2020-04-23";5;25;15;38
"2020-04-24";5;30;19;43
"2020-04-25";5;31;19;44
"2020-04-26";5;35;23;49
"2020-04-27";5;49;34;63
"2020-04-28";5;49;34;65
"2020-04-29";5;53;37;69
"2020-04-30";5;62;45;84
"2020-05-01";5;68;48;87
"2020-05-02";5;67;46;86
"2020-05-03";5;68;49;86
"2020-05-04";5;83;62;103
"2020-05-05";5;87;67;112
"2020-05-06";5;90;70;116
"2020-05-07";5;105;81;131
"2020-05-08";5;107;85;135
"2020-05-09";5;100;75;125
"2020-05-10";5;117;93;145
"2020-05-11";5;142;114;175
"2020-05-12";5;139;113;166
"2020-05-13";5;135;108;165
"2020-05-14";5;133;105;163
"2020-05-15";5;163;134;196
"2020-05-16";5;153;123;182
"2020-05-17";5;146;117;179
"2020-05-18";5;176;147;210
"2020-05-19";5;157;129;190
"2020-05-20";5;177;145;215
"2020-05-21";5;165;135;202
"2020-05-22";5;188;153;225
"2020-05-23";5;212;179;248
"2020-05-24";5;186;150;221
"2020-05-25";5;258;220;298
"2020-05-26";5;215;174;248
"2020-05-27";5;227;190;268
"2020-05-28";5;210;171;253
"2020-05-29";5;223;184;263
"2020-05-30";5;235;201;273
"2020-05-31";5;224;192;261
"2020-06-01";5;344;302;401
"2020-06-02";5;259;220;298
"2020-06-03";5;284;244;328
"2020-06-04";5;287;243;333
"2020-06-05";5;284;242;331
"2020-06-06";5;281;234;328
"2020-06-07";5;246;211;286
"2020-06-08";5;302;258;348
"2020-06-09";5;224;184;263
"2020-06-10";5;225;194;269
"2020-06-11";5;241;202;277
"2020-06-12";5;273;232;315
"2020-06-13";5;299;250;353
"2020-06-14";5;241;199;284
"2020-06-15";5;311;267;362
"2020-06-16";5;262;222;304
"2020-06-17";5;245;212;286
"2020-06-18";5;241;200;279
"2020-06-19";5;257;217;295
"2020-06-20";5;268;228;308
"2020-06-21";5;233;196;279
"2020-06-22";5;269;227;311
"2020-06-23";5;247;211;285
"2020-06-24";5;242;205;288
"2020-06-25";5;236;194;281
"2020-06-26";5;209;176;251
"2020-06-27";5;197;164;230
"2020-06-28";5;178;142;212
"2020-06-29";5;214;178;250
"2020-06-30";5;224;193;269
"2020-07-01";5;244;208;287
"2020-07-02";5;223;188;261
"2020-07-03";5;201;166;232
"2020-07-04";5;207;171;244
"2020-07-05";5;180;146;213
"2020-07-06";5;209;177;249
"2020-07-07";5;180;147;210
"2020-07-08";5;185;150;221
"2020-07-09";5;166;137;201
"2020-07-10";5;193;157;232
"2020-07-11";5;152;118;188
"2020-07-12";5;148;119;179
"2020-07-13";5;204;174;237
"2020-07-14";5;179;147;210
"2020-07-15";5;195;160;226
"2020-07-16";5;179;146;209
"2020-07-17";5;176;146;215
"2020-07-18";5;180;150;216
"2020-07-19";5;140;111;171
"2020-07-20";5;193;157;231
"2020-07-21";5;160;126;188
"2020-07-22";5;177;141;214
"2020-07-23";5;170;137;202
"2020-07-24";5;177;147;208
"2020-07-25";5;159;127;191
"2020-07-26";5;139;114;168
"2020-07-27";5;185;152;224
"2020-07-28";5;164;131;193
"2020-07-29";5;152;126;181
"2020-07-30";5;148;118;175
"2020-07-31";5;142;110;173
"2020-08-01";5;141;112;174
"2020-08-02";5;148;122;181
"2020-08-03";5;183;150;219
"2020-08-04";5;187;151;224
"2020-08-05";5;173;142;206
"2020-08-06";5;174;138;206
"2020-08-07";5;172;141;207
"2020-08-08";5;172;143;207
"2020-08-09";5;156;127;186
"2020-08-10";5;225;194;258
"2020-08-11";5;187;154;224
"2020-08-12";5;182;143;215
"2020-08-13";5;188;156;226
"2020-08-14";5;180;150;219
"2020-08-15";5;150;119;181
"2020-08-16";5;164;136;196
"2020-08-17";5;220;183;268
"2020-08-18";5;199;161;243
"2020-08-19";5;189;156;223
"2020-08-20";5;176;145;211
"2020-08-21";5;184;148;228
"2020-08-22";5;167;138;201
"2020-08-23";5;158;131;189
"2020-08-24";5;222;183;259
"2020-08-25";5;202;165;241
"2020-08-26";5;181;146;218
"2020-08-27";5;201;165;234
"2020-08-28";5;227;190;270
"2020-08-29";5;172;147;210
"2020-08-30";5;162;135;199
"2020-08-31";5;215;177;255
"2020-09-01";5;174;141;205
"2020-09-02";5;173;136;207
"2020-09-03";5;200;163;239
"2020-09-04";5;200;166;240
"2020-09-05";5;171;142;204
"2020-09-06";5;153;123;182
"2020-09-07";5;196;161;234
"2020-09-08";5;187;156;218
"2020-09-09";5;178;142;212
"2020-09-10";5;149;124;180
"2020-09-11";5;131;103;162
"2020-09-12";5;103;82;130
"2020-09-13";5;100;77;125
"2020-09-14";5;101;78;124
"2020-09-15";5;93;72;118
"2020-09-16";5;97;75;120
"2020-09-17";5;117;91;148
"2020-09-18";5;107;85;130
"2020-09-19";5;101;76;120
"2020-09-20";5;98;79;123
"2020-09-21";5;119;88;145
"2020-09-22";5;103;73;126
"2020-09-23";5;106;84;133
"2020-09-24";5;105;81;135
"2020-09-25";5;97;78;120
"2020-09-26";5;97;75;122
"2020-09-27";5;88;67;109
"2020-09-28";5;132;101;163
"2020-09-29";5;116;89;142
"2020-09-30";5;112;90;135
"2020-10-01";5;124;96;151
"2020-10-02";5;105;80;130
"2020-10-03";5;96;76;126
"2020-10-04";5;78;57;98
"2020-10-05";5;99;76;123
"2020-10-06";5;111;88;139
"2020-10-07";5;89;67;116
"2020-10-08";5;87;64;110
"2020-10-09";5;96;78;116
"2020-10-10";5;83;65;107
"2020-10-11";5;75;52;98
"2020-10-12";5;93;68;119
"2020-10-13";5;90;67;110
"2020-10-14";5;86;65;112
"2020-10-15";5;85;64;109
"2020-10-16";5;87;66;108
"2020-10-17";5;69;49;88
"2020-10-18";5;68;49;85
"2020-10-19";5;88;63;109
"2020-10-20";5;76;53;98
"2020-10-21";5;74;54;96
"2020-10-22";5;67;47;90
"2020-10-23";5;63;46;84
"2020-10-24";5;61;44;79
"2020-10-25";5;62;46;82
"2020-10-26";5;78;58;99
"2020-10-27";5;70;51;90
"2020-10-28";5;67;47;87
"2020-10-29";5;64;46;83
"2020-10-30";5;65;48;92
"2020-10-31";5;59;41;76
"2020-11-01";5;65;45;84
"2020-11-02";5;88;69;113
"2020-11-03";5;87;66;112
"2020-11-04";5;76;54;97
"2020-11-05";5;67;45;88
"2020-11-06";5;66;50;87
"2020-11-07";5;66;48;86
"2020-11-08";5;62;42;87
"2020-11-09";5;81;64;101
"2020-11-10";5;79;62;100
"2020-11-11";5;72;50;92
"2020-11-12";5;68;48;87
"2020-11-13";5;61;42;80
"2020-11-14";5;57;38;75
"2020-11-15";5;52;35;72
"2020-11-16";5;78;57;103
"2020-11-17";5;78;58;103
"2020-11-18";5;88;62;110
"2020-11-19";5;83;62;104
"2020-11-20";5;75;56;95
"2020-11-21";5;68;49;89
"2020-11-22";5;67;47;89
"2020-11-23";5;93;69;120
"2020-11-24";5;97;70;125
"2020-11-25";5;108;85;137
"2020-11-26";5;91;69;115
"2020-11-27";5;82;59;112
"2020-11-28";5;87;54;126
"2020-04-01";13;234;199;278
"2020-04-02";13;211;178;245
"2020-04-03";13;205;169;241
"2020-04-04";13;228;192;266
"2020-04-05";13;206;170;246
"2020-04-06";13;281;242;321
"2020-04-07";13;241;198;280
"2020-04-08";13;243;194;284
"2020-04-09";13;274;234;317
"2020-04-10";13;288;247;328
"2020-04-11";13;231;198;274
"2020-04-12";13;241;200;288
"2020-04-13";13;375;325;423
"2020-04-14";13;346;296;397
"2020-04-15";13;408;360;463
"2020-04-16";13;395;348;452
"2020-04-17";13;423;361;476
"2020-04-18";13;417;363;478
"2020-04-19";13;412;364;463
"2020-04-20";13;732;659;803
"2020-04-21";13;598;538;663
"2020-04-22";13;679;612;744
"2020-04-23";13;758;694;823
"2020-04-24";13;921;847;1009
"2020-04-25";13;918;834;1009
"2020-04-26";13;949;874;1026
"2020-04-27";13;1520;1414;1621
"2020-04-28";13;1471;1357;1575
"2020-04-29";13;1500;1407;1605
"2020-04-30";13;1821;1706;1937
"2020-05-01";13;2598;2489;2731
"2020-05-02";13;2426;2295;2559
"2020-05-03";13;2523;2400;2661
"2020-05-04";13;3503;3352;3681
"2020-05-05";13;3173;3016;3322
"2020-05-06";13;3093;2932;3234
"2020-05-07";13;3273;3140;3441
"2020-05-08";13;3712;3563;3890
"2020-05-09";13;3541;3408;3687
"2020-05-10";13;3870;3672;4051
"2020-05-11";13;4577;4405;4794
"2020-05-12";13;4119;3949;4296
"2020-05-13";13;3695;3525;3841
"2020-05-14";13;3616;3449;3795
"2020-05-15";13;4651;4490;4838
"2020-05-16";13;4090;3892;4294
"2020-05-17";13;4001;3822;4208
"2020-05-18";13;5187;4973;5404
"2020-05-19";13;4321;4167;4504
"2020-05-20";13;4940;4759;5118
"2020-05-21";13;3937;3766;4119
"2020-05-22";13;4774;4605;4969
"2020-05-23";13;4213;4038;4398
"2020-05-24";13;3803;3627;3967
"2020-05-25";13;5113;4914;5298
"2020-05-26";13;3912;3744;4083
"2020-05-27";13;3951;3774;4110
"2020-05-28";13;4144;3981;4298
"2020-05-29";13;4322;4142;4485
"2020-05-30";13;3915;3752;4076
"2020-05-31";13;3600;3431;3749
"2020-06-01";13;5648;5432;5885
"2020-06-02";13;3612;3448;3785
"2020-06-03";13;3399;3227;3553
"2020-06-04";13;3337;3174;3500
"2020-06-05";13;3871;3733;4048
"2020-06-06";13;3253;3099;3404
"2020-06-07";13;2903;2774;3045
"2020-06-08";13;3810;3648;4002
"2020-06-09";13;2921;2776;3065
"2020-06-10";13;3068;2917;3224
"2020-06-11";13;2702;2576;2843
"2020-06-12";13;3004;2860;3141
"2020-06-13";13;2739;2575;2900
"2020-06-14";13;2447;2307;2583
"2020-06-15";13;3111;2970;3263
"2020-06-16";13;2557;2417;2701
"2020-06-17";13;2303;2170;2450
"2020-06-18";13;2441;2309;2603
"2020-06-19";13;2460;2345;2591
"2020-06-20";13;2271;2140;2378
"2020-06-21";13;1859;1738;1954
"2020-06-22";13;2260;2122;2406
"2020-06-23";13;1945;1826;2068
"2020-06-24";13;1800;1680;1914
"2020-06-25";13;1687;1585;1797
"2020-06-26";13;1814;1713;1942
"2020-06-27";13;1483;1373;1607
"2020-06-28";13;1405;1314;1500
"2020-06-29";13;1537;1445;1639
"2020-06-30";13;1576;1475;1686
"2020-07-01";13;1744;1618;1854
"2020-07-02";13;1205;1113;1293
"2020-07-03";13;1257;1155;1355
"2020-07-04";13;1155;1063;1240
"2020-07-05";13;1110;1019;1209
"2020-07-06";13;1352;1271;1436
"2020-07-07";13;1180;1083;1275
"2020-07-08";13;1031;956;1111
"2020-07-09";13;1053;969;1144
"2020-07-10";13;1209;1120;1305
"2020-07-11";13;927;865;1009
"2020-07-12";13;830;743;910
"2020-07-13";13;1064;987;1140
"2020-07-14";13;965;895;1059
"2020-07-15";13;840;761;926
"2020-07-16";13;696;623;757
"2020-07-17";13;890;813;986
"2020-07-18";13;724;656;783
"2020-07-19";13;635;573;692
"2020-07-20";13;907;821;995
"2020-07-21";13;786;714;866
"2020-07-22";13;694;624;759
"2020-07-23";13;761;698;827
"2020-07-24";13;720;656;781
"2020-07-25";13;639;565;706
"2020-07-26";13;539;472;602
"2020-07-27";13;740;673;822
"2020-07-28";13;664;591;730
"2020-07-29";13;638;577;698
"2020-07-30";13;675;607;747
"2020-07-31";13;702;635;769
"2020-08-01";13;640;584;697
"2020-08-02";13;484;420;548
"2020-08-03";13;673;603;744
"2020-08-04";13;624;567;692
"2020-08-05";13;602;544;658
"2020-08-06";13;604;541;667
"2020-08-07";13;545;489;603
"2020-08-08";13;465;413;519
"2020-08-09";13;396;339;449
"2020-08-10";13;603;552;659
"2020-08-11";13;588;533;648
"2020-08-12";13;578;522;645
"2020-08-13";13;478;420;537
"2020-08-14";13;490;440;548
"2020-08-15";13;417;369;468
"2020-08-16";13;348;297;392
"2020-08-17";13;560;506;619
"2020-08-18";13;550;477;616
"2020-08-19";13;565;507;621
"2020-08-20";13;566;504;628
"2020-08-21";13;534;477;594
"2020-08-22";13;398;354;446
"2020-08-23";13;369;322;426
"2020-08-24";13;567;507;633
"2020-08-25";13;578;516;652
"2020-08-26";13;585;527;666
"2020-08-27";13;523;466;587
"2020-08-28";13;532;474;587
"2020-08-29";13;411;367;456
"2020-08-30";13;364;318;417
"2020-08-31";13;564;495;628
"2020-09-01";13;594;534;652
"2020-09-02";13;521;468;579
"2020-09-03";13;504;451;567
"2020-09-04";13;526;473;592
"2020-09-05";13;380;340;432
"2020-09-06";13;349;307;402
"2020-09-07";13;483;435;535
"2020-09-08";13;453;394;501
"2020-09-09";13;422;377;471
"2020-09-10";13;397;346;454
"2020-09-11";13;348;302;394
"2020-09-12";13;304;260;346
"2020-09-13";13;306;264;359
"2020-09-14";13;421;376;476
"2020-09-15";13;415;365;464
"2020-09-16";13;331;288;377
"2020-09-17";13;316;269;366
"2020-09-18";13;300;257;347
"2020-09-19";13;285;244;329
"2020-09-20";13;341;287;393
"2020-09-21";13;440;396;491
"2020-09-22";13;404;357;457
"2020-09-23";13;400;351;455
"2020-09-24";13;345;307;399
"2020-09-25";13;366;320;417
"2020-09-26";13;280;236;330
"2020-09-27";13;249;209;294
"2020-09-28";13;373;329;427
"2020-09-29";13;321;283;368
"2020-09-30";13;291;249;331
"2020-10-01";13;358;313;407
"2020-10-02";13;336;291;391
"2020-10-03";13;278;245;323
"2020-10-04";13;234;197;275
"2020-10-05";13;361;315;414
"2020-10-06";13;347;303;394
"2020-10-07";13;301;251;345
"2020-10-08";13;319;278;363
"2020-10-09";13;336;286;379
"2020-10-10";13;280;236;323
"2020-10-11";13;234;203;273
"2020-10-12";13;313;266;358
"2020-10-13";13;342;294;386
"2020-10-14";13;357;313;409
"2020-10-15";13;325;278;378
"2020-10-16";13;312;263;358
"2020-10-17";13;256;217;294
"2020-10-18";13;246;205;288
"2020-10-19";13;346;307;399
"2020-10-20";13;330;280;376
"2020-10-21";13;288;245;330
"2020-10-22";13;275;235;315
"2020-10-23";13;282;243;316
"2020-10-24";13;229;190;271
"2020-10-25";13;243;204;282
"2020-10-26";13;300;257;349
"2020-10-27";13;316;277;364
"2020-10-28";13;286;246;323
"2020-10-29";13;249;206;286
"2020-10-30";13;230;193;265
"2020-10-31";13;210;174;242
"2020-11-01";13;233;192;279
"2020-11-02";13;335;285;389
"2020-11-03";13;271;231;310
"2020-11-04";13;271;224;318
"2020-11-05";13;246;211;295
"2020-11-06";13;247;206;290
"2020-11-07";13;225;187;260
"2020-11-08";13;216;176;260
"2020-11-09";13;308;269;356
"2020-11-10";13;273;230;315
"2020-11-11";13;280;239;327
"2020-11-12";13;264;220;308
"2020-11-13";13;274;236;316
"2020-11-14";13;239;201;272
"2020-11-15";13;216;183;255
"2020-11-16";13;284;244;332
"2020-11-17";13;310;271;359
"2020-11-18";13;289;245;332
"2020-11-19";13;269;223;308
"2020-11-20";13;313;268;359
"2020-11-21";13;256;214;299
"2020-11-22";13;232;191;269
"2020-11-23";13;331;286;373
"2020-11-24";13;394;342;442
"2020-11-25";13;340;291;400
"2020-11-26";13;303;250;363
"2020-11-27";13;275;215;335
"2020-11-28";13;248;185;333
"2020-04-01";6;2;0;5
"2020-04-02";6;2;0;5
"2020-04-03";6;2;0;5
"2020-04-04";6;2;0;5
"2020-04-05";6;2;0;5
"2020-04-06";6;2;0;6
"2020-04-07";6;2;0;6
"2020-04-08";6;2;0;5
"2020-04-09";6;2;0;6
"2020-04-10";6;2;0;5
"2020-04-11";6;2;0;6
"2020-04-12";6;2;0;6
"2020-04-13";6;3;0;7
"2020-04-14";6;3;0;7
"2020-04-15";6;3;0;7
"2020-04-16";6;4;0;8
"2020-04-17";6;4;1;9
"2020-04-18";6;4;1;9
"2020-04-19";6;4;0;9
"2020-04-20";6;6;1;12
"2020-04-21";6;6;2;11
"2020-04-22";6;7;2;12
"2020-04-23";6;7;2;13
"2020-04-24";6;7;1;14
"2020-04-25";6;7;2;12
"2020-04-26";6;6;2;12
"2020-04-27";6;10;5;17
"2020-04-28";6;10;4;19
"2020-04-29";6;11;4;18
"2020-04-30";6;13;5;20
"2020-05-01";6;13;6;21
"2020-05-02";6;14;7;22
"2020-05-03";6;16;9;25
"2020-05-04";6;28;16;41
"2020-05-05";6;30;19;42
"2020-05-06";6;33;21;46
"2020-05-07";6;33;21;44
"2020-05-08";6;36;25;48
"2020-05-09";6;42;27;59
"2020-05-10";6;45;31;61
"2020-05-11";6;59;44;76
"2020-05-12";6;51;36;66
"2020-05-13";6;54;37;71
"2020-05-14";6;54;37;70
"2020-05-15";6;56;37;76
"2020-05-16";6;59;43;79
"2020-05-17";6;50;34;66
"2020-05-18";6;71;52;92
"2020-05-19";6;70;51;92
"2020-05-20";6;78;56;101
"2020-05-21";6;71;53;93
"2020-05-22";6;79;60;103
"2020-05-23";6;66;46;86
"2020-05-24";6;66;47;89
"2020-05-25";6;89;68;111
"2020-05-26";6;70;47;92
"2020-05-27";6;75;56;93
"2020-05-28";6;72;52;93
"2020-05-29";6;77;57;99
"2020-05-30";6;68;47;90
"2020-05-31";6;72;55;95
"2020-06-01";6;119;92;146
"2020-06-02";6;114;88;140
"2020-06-03";6;107;82;128
"2020-06-04";6;104;80;129
"2020-06-05";6;115;90;140
"2020-06-06";6;111;87;135
"2020-06-07";6;111;85;140
"2020-06-08";6;165;130;201
"2020-06-09";6;144;115;172
"2020-06-10";6;157;124;190
"2020-06-11";6;163;133;197
"2020-06-12";6;184;152;220
"2020-06-13";6;203;174;236
"2020-06-14";6;205;174;251
"2020-06-15";6;260;226;298
"2020-06-16";6;248;212;285
"2020-06-17";6;241;205;274
"2020-06-18";6;247;210;281
"2020-06-19";6;250;208;290
"2020-06-20";6;262;221;304
"2020-06-21";6;227;189;266
"2020-06-22";6;280;238;324
"2020-06-23";6;255;214;296
"2020-06-24";6;232;189;267
"2020-06-25";6;222;186;264
"2020-06-26";6;199;166;234
"2020-06-27";6;175;144;210
"2020-06-28";6;177;144;209
"2020-06-29";6;191;154;228
"2020-06-30";6;211;179;246
"2020-07-01";6;206;176;239
"2020-07-02";6;182;145;213
"2020-07-03";6;179;148;211
"2020-07-04";6;147;117;177
"2020-07-05";6;127;101;156
"2020-07-06";6;189;155;229
"2020-07-07";6;164;134;197
"2020-07-08";6;150;121;176
"2020-07-09";6;155;127;188
"2020-07-10";6;140;116;170
"2020-07-11";6;126;102;154
"2020-07-12";6;121;93;153
"2020-07-13";6;142;110;169
"2020-07-14";6;128;106;159
"2020-07-15";6;122;95;153
"2020-07-16";6;116;94;139
"2020-07-17";6;125;100;153
"2020-07-18";6;119;97;149
"2020-07-19";6;99;76;122
"2020-07-20";6;127;99;154
"2020-07-21";6;90;68;113
"2020-07-22";6;88;69;111
"2020-07-23";6;87;63;112
"2020-07-24";6;84;63;106
"2020-07-25";6;77;57;95
"2020-07-26";6;72;53;93
"2020-07-27";6;109;83;134
"2020-07-28";6;112;87;138
"2020-07-29";6;107;87;133
"2020-07-30";6;107;83;135
"2020-07-31";6;111;88;139
"2020-08-01";6;118;97;146
"2020-08-02";6;91;69;116
"2020-08-03";6;127;99;157
"2020-08-04";6;115;90;142
"2020-08-05";6;97;74;126
"2020-08-06";6;96;76;120
"2020-08-07";6;103;77;132
"2020-08-08";6;87;64;111
"2020-08-09";6;81;62;103
"2020-08-10";6;105;78;132
"2020-08-11";6;97;75;119
"2020-08-12";6;80;63;101
"2020-08-13";6;79;60;98
"2020-08-14";6;83;62;109
"2020-08-15";6;76;56;95
"2020-08-16";6;71;52;91
"2020-08-17";6;102;77;127
"2020-08-18";6;100;75;126
"2020-08-19";6;94;72;121
"2020-08-20";6;115;89;143
"2020-08-21";6;98;74;125
"2020-08-22";6;90;71;115
"2020-08-23";6;88;66;112
"2020-08-24";6;118;94;144
"2020-08-25";6;122;97;151
"2020-08-26";6;121;98;148
"2020-08-27";6;119;94;144
"2020-08-28";6;116;93;141
"2020-08-29";6;108;83;133
"2020-08-30";6;93;73;118
"2020-08-31";6;132;106;159
"2020-09-01";6;129;106;154
"2020-09-02";6;118;91;141
"2020-09-03";6;124;95;150
"2020-09-04";6;108;84;130
"2020-09-05";6;83;60;102
"2020-09-06";6;79;58;100
"2020-09-07";6;100;79;128
"2020-09-08";6;103;79;135
"2020-09-09";6;99;76;128
"2020-09-10";6;86;64;108
"2020-09-11";6;82;61;104
"2020-09-12";6;79;56;102
"2020-09-13";6;78;58;102
"2020-09-14";6;103;78;129
"2020-09-15";6;85;66;106
"2020-09-16";6;78;59;102
"2020-09-17";6;75;57;92
"2020-09-18";6;75;57;95
"2020-09-19";6;70;51;90
"2020-09-20";6;65;47;84
"2020-09-21";6;83;59;104
"2020-09-22";6;81;58;102
"2020-09-23";6;77;57;99
"2020-09-24";6;79;61;105
"2020-09-25";6;76;55;98
"2020-09-26";6;63;46;82
"2020-09-27";6;60;42;80
"2020-09-28";6;89;67;113
"2020-09-29";6;81;61;103
"2020-09-30";6;78;56;97
"2020-10-01";6;76;56;95
"2020-10-02";6;84;63;106
"2020-10-03";6;77;58;98
"2020-10-04";6;64;48;83
"2020-10-05";6;85;64;106
"2020-10-06";6;79;58;97
"2020-10-07";6;85;64;107
"2020-10-08";6;81;59;101
"2020-10-09";6;75;53;94
"2020-10-10";6;69;52;88
"2020-10-11";6;65;48;85
"2020-10-12";6;78;57;105
"2020-10-13";6;80;60;103
"2020-10-14";6;84;62;109
"2020-10-15";6;79;59;102
"2020-10-16";6;67;48;89
"2020-10-17";6;60;43;79
"2020-10-18";6;57;42;73
"2020-10-19";6;72;53;91
"2020-10-20";6;59;44;77
"2020-10-21";6;54;37;72
"2020-10-22";6;48;32;66
"2020-10-23";6;48;33;65
"2020-10-24";6;42;28;60
"2020-10-25";6;37;23;50
"2020-10-26";6;51;35;67
"2020-10-27";6;46;33;60
"2020-10-28";6;45;30;60
"2020-10-29";6;36;25;51
"2020-10-30";6;34;23;47
"2020-10-31";6;31;20;44
"2020-11-01";6;33;23;47
"2020-11-02";6;51;35;68
"2020-11-03";6;46;31;63
"2020-11-04";6;46;32;61
"2020-11-05";6;46;33;61
"2020-11-06";6;49;32;66
"2020-11-07";6;43;31;60
"2020-11-08";6;36;24;50
"2020-11-09";6;46;31;61
"2020-11-10";6;47;33;63
"2020-11-11";6;43;28;60
"2020-11-12";6;43;30;58
"2020-11-13";6;40;26;58
"2020-11-14";6;36;23;53
"2020-11-15";6;34;21;49
"2020-11-16";6;51;34;68
"2020-11-17";6;47;34;63
"2020-11-18";6;49;33;68
"2020-11-19";6;47;31;63
"2020-11-20";6;45;31;64
"2020-11-21";6;42;29;55
"2020-11-22";6;38;24;54
"2020-11-23";6;50;34;68
"2020-11-24";6;46;32;65
"2020-11-25";6;41;27;57
"2020-11-26";6;37;22;55
"2020-11-27";6;35;20;56
"2020-11-28";6;34;18;54
"2020-04-01";7;7;2;14
"2020-04-02";7;7;2;13
"2020-04-03";7;7;3;14
"2020-04-04";7;6;2;13
"2020-04-05";7;6;1;11
"2020-04-06";7;9;3;14
"2020-04-07";7;10;4;18
"2020-04-08";7;10;4;17
"2020-04-09";7;10;4;17
"2020-04-10";7;12;6;21
"2020-04-11";7;15;7;24
"2020-04-12";7;16;8;26
"2020-04-13";7;24;14;38
"2020-04-14";7;24;13;37
"2020-04-15";7;32;21;45
"2020-04-16";7;26;15;39
"2020-04-17";7;16;9;25
"2020-04-18";7;11;5;19
"2020-04-19";7;8;2;15
"2020-04-20";7;11;4;18
"2020-04-21";7;9;3;17
"2020-04-22";7;8;3;16
"2020-04-23";7;7;2;15
"2020-04-24";7;7;2;12
"2020-04-25";7;6;1;11
"2020-04-26";7;5;1;11
"2020-04-27";7;7;2;13
"2020-04-28";7;7;2;12
"2020-04-29";7;7;2;13
"2020-04-30";7;8;3;15
"2020-05-01";7;9;3;17
"2020-05-02";7;11;5;20
"2020-05-03";7;9;4;16
"2020-05-04";7;15;7;25
"2020-05-05";7;15;7;24
"2020-05-06";7;18;9;26
"2020-05-07";7;20;10;31
"2020-05-08";7;20;11;30
"2020-05-09";7;23;13;34
"2020-05-10";7;22;13;32
"2020-05-11";7;37;23;52
"2020-05-12";7;38;23;52
"2020-05-13";7;36;21;51
"2020-05-14";7;36;22;51
"2020-05-15";7;37;25;51
"2020-05-16";7;39;26;54
"2020-05-17";7;46;30;64
"2020-05-18";7;63;46;85
"2020-05-19";7;71;52;95
"2020-05-20";7;76;55;99
"2020-05-21";7;74;55;93
"2020-05-22";7;75;54;97
"2020-05-23";7;79;58;103
"2020-05-24";7;74;55;91
"2020-05-25";7;125;97;156
"2020-05-26";7;109;83;139
"2020-05-27";7;115;89;142
"2020-05-28";7;100;79;125
"2020-05-29";7;105;81;130
"2020-05-30";7;96;73;121
"2020-05-31";7;87;67;111
"2020-06-01";7;150;121;180
"2020-06-02";7;137;110;163
"2020-06-03";7;130;101;161
"2020-06-04";7;126;96;156
"2020-06-05";7;162;134;192
"2020-06-06";7;124;95;152
"2020-06-07";7;125;97;154
"2020-06-08";7;182;150;221
"2020-06-09";7;146;116;181
"2020-06-10";7;159;126;193
"2020-06-11";7;120;96;149
"2020-06-12";7;136;103;166
"2020-06-13";7;128;99;158
"2020-06-14";7;127;100;157
"2020-06-15";7;173;142;206
"2020-06-16";7;181;150;219
"2020-06-17";7;151;123;185
"2020-06-18";7;158;133;193
"2020-06-19";7;155;128;189
"2020-06-20";7;146;116;180
"2020-06-21";7;118;92;144
"2020-06-22";7;153;122;187
"2020-06-23";7;135;109;168
"2020-06-24";7;139;111;167
"2020-06-25";7;126;99;158
"2020-06-26";7;142;107;175
"2020-06-27";7;130;100;164
"2020-06-28";7;115;93;146
"2020-06-29";7;114;87;143
"2020-06-30";7;140;112;168
"2020-07-01";7;146;115;177
"2020-07-02";7;104;79;133
"2020-07-03";7;118;89;145
"2020-07-04";7;97;72;120
"2020-07-05";7;93;67;114
"2020-07-06";7;126;103;156
"2020-07-07";7;101;79;129
"2020-07-08";7;102;82;126
"2020-07-09";7;111;87;144
"2020-07-10";7;121;95;148
"2020-07-11";7;112;88;142
"2020-07-12";7;107;82;134
"2020-07-13";7;141;115;173
"2020-07-14";7;108;82;135
"2020-07-15";7;100;76;125
"2020-07-16";7;91;68;116
"2020-07-17";7;110;81;140
"2020-07-18";7;104;78;128
"2020-07-19";7;98;72;128
"2020-07-20";7;128;101;162
"2020-07-21";7;112;89;137
"2020-07-22";7;131;99;162
"2020-07-23";7;91;67;116
"2020-07-24";7;91;66;116
"2020-07-25";7;86;63;110
"2020-07-26";7;64;47;84
"2020-07-27";7;94;71;127
"2020-07-28";7;81;60;104
"2020-07-29";7;74;52;96
"2020-07-30";7;87;66;110
"2020-07-31";7;90;65;111
"2020-08-01";7;89;67;112
"2020-08-02";7;89;68;113
"2020-08-03";7;117;93;140
"2020-08-04";7;101;75;129
"2020-08-05";7;95;70;120
"2020-08-06";7;100;78;126
"2020-08-07";7;100;78;125
"2020-08-08";7;73;52;94
"2020-08-09";7;66;48;87
"2020-08-10";7;105;79;134
"2020-08-11";7;108;82;133
"2020-08-12";7;92;68;118
"2020-08-13";7;86;66;108
"2020-08-14";7;68;51;89
"2020-08-15";7;67;49;90
"2020-08-16";7;67;47;87
"2020-08-17";7;102;78;128
"2020-08-18";7;98;77;125
"2020-08-19";7;102;77;129
"2020-08-20";7;97;75;120
"2020-08-21";7;90;66;114
"2020-08-22";7;73;55;97
"2020-08-23";7;62;43;81
"2020-08-24";7;90;68;119
"2020-08-25";7;106;80;131
"2020-08-26";7;116;91;148
"2020-08-27";7;114;88;140
"2020-08-28";7;99;74;129
"2020-08-29";7;108;80;138
"2020-08-30";7;98;74;126
"2020-08-31";7;169;132;207
"2020-09-01";7;138;107;169
"2020-09-02";7;197;157;250
"2020-09-03";7;138;109;166
"2020-09-04";7;156;123;193
"2020-09-05";7;134;110;162
"2020-09-06";7;102;80;129
"2020-09-07";7;191;156;229
"2020-09-08";7;165;132;196
"2020-09-09";7;136;107;164
"2020-09-10";7;144;113;181
"2020-09-11";7;173;139;205
"2020-09-12";7;134;98;166
"2020-09-13";7;117;89;147
"2020-09-14";7;170;130;204
"2020-09-15";7;173;137;213
"2020-09-16";7;163;131;198
"2020-09-17";7;131;105;159
"2020-09-18";7;106;77;133
"2020-09-19";7;97;74;123
"2020-09-20";7;90;69;114
"2020-09-21";7;169;137;203
"2020-09-22";7;144;112;176
"2020-09-23";7;151;122;185
"2020-09-24";7;122;89;151
"2020-09-25";7;162;132;198
"2020-09-26";7;90;65;115
"2020-09-27";7;80;57;100
"2020-09-28";7;139;107;173
"2020-09-29";7;119;92;150
"2020-09-30";7;106;82;130
"2020-10-01";7;102;81;127
"2020-10-02";7;108;84;135
"2020-10-03";7;82;60;110
"2020-10-04";7;76;56;100
"2020-10-05";7;130;102;161
"2020-10-06";7;119;94;146
"2020-10-07";7;115;88;147
"2020-10-08";7;97;73;120
"2020-10-09";7;100;77;127
"2020-10-10";7;80;58;105
"2020-10-11";7;66;42;91
"2020-10-12";7;88;64;111
"2020-10-13";7;120;94;147
"2020-10-14";7;120;94;148
"2020-10-15";7;107;83;131
"2020-10-16";7;84;62;107
"2020-10-17";7;65;47;87
"2020-10-18";7;57;38;76
"2020-10-19";7;108;83;134
"2020-10-20";7;84;64;108
"2020-10-21";7;87;65;114
"2020-10-22";7;73;55;97
"2020-10-23";7;70;54;88
"2020-10-24";7;62;44;81
"2020-10-25";7;57;39;76
"2020-10-26";7;117;92;151
"2020-10-27";7;106;83;132
"2020-10-28";7;92;68;118
"2020-10-29";7;79;59;101
"2020-10-30";7;70;49;92
"2020-10-31";7;42;26;58
"2020-11-01";7;47;32;67
"2020-11-02";7;87;65;110
"2020-11-03";7;84;56;110
"2020-11-04";7;94;71;119
"2020-11-05";7;76;55;100
"2020-11-06";7;65;47;92
"2020-11-07";7;60;43;79
"2020-11-08";7;55;39;76
"2020-11-09";7;115;91;144
"2020-11-10";7;90;65;111
"2020-11-11";7;106;81;133
"2020-11-12";7;71;48;92
"2020-11-13";7;58;41;80
"2020-11-14";7;64;45;88
"2020-11-15";7;64;48;87
"2020-11-16";7;105;77;132
"2020-11-17";7;86;64;106
"2020-11-18";7;77;58;98
"2020-11-19";7;72;51;93
"2020-11-20";7;75;56;100
"2020-11-21";7;56;36;75
"2020-11-22";7;63;42;86
"2020-11-23";7;86;61;115
"2020-11-24";7;90;69;117
"2020-11-25";7;74;52;98
"2020-11-26";7;93;67;126
"2020-11-27";7;57;34;83
"2020-11-28";7;59;28;109
"2020-04-01";16;25;15;39
"2020-04-02";16;23;14;34
"2020-04-03";16;22;14;35
"2020-04-04";16;16;8;26
"2020-04-05";16;13;6;21
"2020-04-06";16;15;7;23
"2020-04-07";16;11;5;20
"2020-04-08";16;13;5;20
"2020-04-09";16;10;4;15
"2020-04-10";16;9;4;18
"2020-04-11";16;7;2;14
"2020-04-12";16;7;2;15
"2020-04-13";16;10;4;17
"2020-04-14";16;10;4;17
"2020-04-15";16;12;5;22
"2020-04-16";16;9;3;17
"2020-04-17";16;7;3;12
"2020-04-18";16;6;2;12
"2020-04-19";16;7;2;13
"2020-04-20";16;8;3;16
"2020-04-21";16;8;2;15
"2020-04-22";16;7;3;13
"2020-04-23";16;6;2;13
"2020-04-24";16;6;1;11
"2020-04-25";16;5;1;12
"2020-04-26";16;5;1;10
"2020-04-27";16;6;2;13
"2020-04-28";16;6;1;11
"2020-04-29";16;6;2;11
"2020-04-30";16;6;2;12
"2020-05-01";16;7;2;12
"2020-05-02";16;6;2;13
"2020-05-03";16;6;2;12
"2020-05-04";16;9;4;15
"2020-05-05";16;10;4;18
"2020-05-06";16;13;6;21
"2020-05-07";16;15;7;24
"2020-05-08";16;15;7;24
"2020-05-09";16;14;6;23
"2020-05-10";16;16;8;26
"2020-05-11";16;23;12;34
"2020-05-12";16;29;17;41
"2020-05-13";16;24;14;38
"2020-05-14";16;27;16;40
"2020-05-15";16;30;18;44
"2020-05-16";16;23;13;34
"2020-05-17";16;22;13;35
"2020-05-18";16;26;16;38
"2020-05-19";16;25;14;39
"2020-05-20";16;30;19;43
"2020-05-21";16;23;13;35
"2020-05-22";16;20;12;31
"2020-05-23";16;23;13;37
"2020-05-24";16;26;16;41
"2020-05-25";16;38;26;53
"2020-05-26";16;35;21;51
"2020-05-27";16;31;17;44
"2020-05-28";16;28;16;42
"2020-05-29";16;24;14;36
"2020-05-30";16;25;14;37
"2020-05-31";16;24;13;35
"2020-06-01";16;46;33;62
"2020-06-02";16;36;24;50
"2020-06-03";16;46;29;64
"2020-06-04";16;45;30;62
"2020-06-05";16;40;27;54
"2020-06-06";16;36;23;53
"2020-06-07";16;38;26;55
"2020-06-08";16;46;29;63
"2020-06-09";16;39;22;54
"2020-06-10";16;43;26;62
"2020-06-11";16;40;25;56
"2020-06-12";16;39;23;54
"2020-06-13";16;42;27;56
"2020-06-14";16;37;25;52
"2020-06-15";16;55;37;72
"2020-06-16";16;56;38;72
"2020-06-17";16;53;39;71
"2020-06-18";16;34;22;51
"2020-06-19";16;32;20;46
"2020-06-20";16;26;14;39
"2020-06-21";16;22;14;33
"2020-06-22";16;31;19;44
"2020-06-23";16;32;20;48
"2020-06-24";16;36;23;53
"2020-06-25";16;35;23;50
"2020-06-26";16;31;19;46
"2020-06-27";16;32;20;49
"2020-06-28";16;29;17;42
"2020-06-29";16;38;26;55
"2020-06-30";16;37;25;52
"2020-07-01";16;41;27;59
"2020-07-02";16;50;32;68
"2020-07-03";16;44;30;62
"2020-07-04";16;42;28;57
"2020-07-05";16;38;25;55
"2020-07-06";16;69;49;97
"2020-07-07";16;51;36;72
"2020-07-08";16;54;36;75
"2020-07-09";16;48;35;63
"2020-07-10";16;46;31;60
"2020-07-11";16;33;21;46
"2020-07-12";16;31;18;44
"2020-07-13";16;37;22;53
"2020-07-14";16;45;33;60
"2020-07-15";16;36;23;51
"2020-07-16";16;35;21;48
"2020-07-17";16;32;20;46
"2020-07-18";16;24;13;35
"2020-07-19";16;24;12;35
"2020-07-20";16;38;24;53
"2020-07-21";16;33;22;46
"2020-07-22";16;25;13;37
"2020-07-23";16;25;14;38
"2020-07-24";16;32;20;47
"2020-07-25";16;26;15;38
"2020-07-26";16;22;12;33
"2020-07-27";16;34;22;50
"2020-07-28";16;33;19;46
"2020-07-29";16;27;15;42
"2020-07-30";16;24;13;37
"2020-07-31";16;25;14;40
"2020-08-01";16;22;11;34
"2020-08-02";16;26;16;40
"2020-08-03";16;37;25;52
"2020-08-04";16;32;18;48
"2020-08-05";16;30;17;45
"2020-08-06";16;36;23;50
"2020-08-07";16;27;15;40
"2020-08-08";16;24;16;38
"2020-08-09";16;22;13;32
"2020-08-10";16;44;30;62
"2020-08-11";16;32;21;46
"2020-08-12";16;27;17;41
"2020-08-13";16;30;18;44
"2020-08-14";16;38;24;55
"2020-08-15";16;34;21;47
"2020-08-16";16;41;28;60
"2020-08-17";16;43;28;61
"2020-08-18";16;51;36;68
"2020-08-19";16;54;36;70
"2020-08-20";16;69;49;89
"2020-08-21";16;55;39;74
"2020-08-22";16;62;43;85
"2020-08-23";16;50;35;67
"2020-08-24";16;75;57;99
"2020-08-25";16;69;50;90
"2020-08-26";16;67;49;88
"2020-08-27";16;69;52;90
"2020-08-28";16;59;38;80
"2020-08-29";16;47;32;66
"2020-08-30";16;47;32;67
"2020-08-31";16;74;54;101
"2020-09-01";16;72;52;92
"2020-09-02";16;65;45;85
"2020-09-03";16;67;46;89
"2020-09-04";16;73;53;94
"2020-09-05";16;53;34;68
"2020-09-06";16;53;35;73
"2020-09-07";16;90;68;111
"2020-09-08";16;80;58;103
"2020-09-09";16;82;61;107
"2020-09-10";16;70;52;94
"2020-09-11";16;64;45;83
"2020-09-12";16;51;36;69
"2020-09-13";16;41;28;57
"2020-09-14";16;63;45;86
"2020-09-15";16;53;34;70
"2020-09-16";16;47;32;63
"2020-09-17";16;40;26;59
"2020-09-18";16;36;22;49
"2020-09-19";16;33;21;48
"2020-09-20";16;29;18;44
"2020-09-21";16;53;36;70
"2020-09-22";16;37;24;51
"2020-09-23";16;42;26;59
"2020-09-24";16;44;31;63
"2020-09-25";16;41;27;58
"2020-09-26";16;36;22;53
"2020-09-27";16;41;27;60
"2020-09-28";16;42;28;59
"2020-09-29";16;39;25;54
"2020-09-30";16;30;19;47
"2020-10-01";16;34;21;47
"2020-10-02";16;29;16;41
"2020-10-03";16;26;16;39
"2020-10-04";16;28;17;42
"2020-10-05";16;46;32;61
"2020-10-06";16;29;18;43
"2020-10-07";16;33;19;50
"2020-10-08";16;32;19;47
"2020-10-09";16;35;23;51
"2020-10-10";16;33;19;47
"2020-10-11";16;27;14;41
"2020-10-12";16;28;17;40
"2020-10-13";16;34;22;48
"2020-10-14";16;33;22;47
"2020-10-15";16;35;22;52
"2020-10-16";16;37;24;50
"2020-10-17";16;38;26;55
"2020-10-18";16;30;18;45
"2020-10-19";16;47;31;65
"2020-10-20";16;38;25;56
"2020-10-21";16;33;19;48
"2020-10-22";16;31;19;46
"2020-10-23";16;33;20;51
"2020-10-24";16;31;19;48
"2020-10-25";16;29;18;41
"2020-10-26";16;47;29;63
"2020-10-27";16;46;32;65
"2020-10-28";16;50;33;68
"2020-10-29";16;38;25;52
"2020-10-30";16;41;27;54
"2020-10-31";16;33;19;47
"2020-11-01";16;29;16;42
"2020-11-02";16;49;33;66
"2020-11-03";16;44;30;64
"2020-11-04";16;40;26;55
"2020-11-05";16;47;30;65
"2020-11-06";16;44;28;61
"2020-11-07";16;38;25;53
"2020-11-08";16;35;21;48
"2020-11-09";16;57;39;77
"2020-11-10";16;51;34;68
"2020-11-11";16;56;38;76
"2020-11-12";16;64;47;85
"2020-11-13";16;53;36;70
"2020-11-14";16;49;33;68
"2020-11-15";16;45;31;62
"2020-11-16";16;62;41;85
"2020-11-17";16;59;39;80
"2020-11-18";16;67;51;89
"2020-11-19";16;65;45;85
"2020-11-20";16;57;41;75
"2020-11-21";16;48;32;64
"2020-11-22";16;52;32;69
"2020-11-23";16;68;46;93
"2020-11-24";16;65;42;90
"2020-11-25";16;67;46;91
"2020-11-26";16;66;45;96
"2020-11-27";16;57;33;85
"2020-11-28";16;58;31;98
"2020-04-01";8;23;14;34
"2020-04-02";8;21;11;33
"2020-04-03";8;18;10;27
"2020-04-04";8;16;8;26
"2020-04-05";8;13;7;22
"2020-04-06";8;16;8;25
"2020-04-07";8;15;9;24
"2020-04-08";8;16;7;24
"2020-04-09";8;16;9;25
"2020-04-10";8;15;7;23
"2020-04-11";8;14;7;22
"2020-04-12";8;13;6;20
"2020-04-13";8;16;9;26
"2020-04-14";8;16;8;25
"2020-04-15";8;15;7;25
"2020-04-16";8;15;8;24
"2020-04-17";8;14;7;23
"2020-04-18";8;12;7;19
"2020-04-19";8;11;4;19
"2020-04-20";8;12;5;21
"2020-04-21";8;11;5;19
"2020-04-22";8;9;4;17
"2020-04-23";8;9;3;16
"2020-04-24";8;9;3;15
"2020-04-25";8;9;3;17
"2020-04-26";8;9;3;17
"2020-04-27";8;13;6;22
"2020-04-28";8;14;5;22
"2020-04-29";8;14;8;23
"2020-04-30";8;14;7;21
"2020-05-01";8;16;8;25
"2020-05-02";8;17;9;26
"2020-05-03";8;19;9;28
"2020-05-04";8;28;17;40
"2020-05-05";8;29;19;42
"2020-05-06";8;31;19;43
"2020-05-07";8;33;22;46
"2020-05-08";8;33;22;44
"2020-05-09";8;31;20;44
"2020-05-10";8;30;20;42
"2020-05-11";8;40;28;54
"2020-05-12";8;40;28;53
"2020-05-13";8;39;26;53
"2020-05-14";8;40;28;56
"2020-05-15";8;42;27;57
"2020-05-16";8;43;28;57
"2020-05-17";8;50;38;66
"2020-05-18";8;66;50;87
"2020-05-19";8;68;47;88
"2020-05-20";8;78;59;100
"2020-05-21";8;81;62;99
"2020-05-22";8;81;62;104
"2020-05-23";8;83;66;103
"2020-05-24";8;90;70;108
"2020-05-25";8;117;96;141
"2020-05-26";8;106;84;131
"2020-05-27";8;100;80;125
"2020-05-28";8;92;73;117
"2020-05-29";8;90;68;110
"2020-05-30";8;83;63;102
"2020-05-31";8;74;55;95
"2020-06-01";8;93;69;115
"2020-06-02";8;96;76;116
"2020-06-03";8;98;76;122
"2020-06-04";8;110;87;132
"2020-06-05";8;125;100;155
"2020-06-06";8;134;112;157
"2020-06-07";8;134;109;159
"2020-06-08";8;164;134;201
"2020-06-09";8;163;132;194
"2020-06-10";8;159;132;186
"2020-06-11";8;158;128;184
"2020-06-12";8;171;138;202
"2020-06-13";8;176;146;205
"2020-06-14";8;171;137;208
"2020-06-15";8;227;191;262
"2020-06-16";8;217;185;249
"2020-06-17";8;215;178;250
"2020-06-18";8;202;166;239
"2020-06-19";8;205;172;239
"2020-06-20";8;198;163;230
"2020-06-21";8;168;133;196
"2020-06-22";8;192;163;221
"2020-06-23";8;189;155;226
"2020-06-24";8;189;159;228
"2020-06-25";8;170;137;204
"2020-06-26";8;155;125;182
"2020-06-27";8;131;101;159
"2020-06-28";8;120;96;146
"2020-06-29";8;151;125;181
"2020-06-30";8;149;121;181
"2020-07-01";8;148;121;176
"2020-07-02";8;142;116;173
"2020-07-03";8;130;105;160
"2020-07-04";8;127;103;150
"2020-07-05";8;130;108;155
"2020-07-06";8;155;126;182
"2020-07-07";8;147;118;180
"2020-07-08";8;137;106;167
"2020-07-09";8;129;103;154
"2020-07-10";8;133;107;166
"2020-07-11";8;131;105;163
"2020-07-12";8;140;114;166
"2020-07-13";8;171;139;201
"2020-07-14";8;163;137;196
"2020-07-15";8;176;148;209
"2020-07-16";8;164;133;192
"2020-07-17";8;158;131;191
"2020-07-18";8;152;122;177
"2020-07-19";8;143;116;174
"2020-07-20";8;186;159;221
"2020-07-21";8;184;152;220
"2020-07-22";8;173;145;200
"2020-07-23";8;167;136;202
"2020-07-24";8;161;129;197
"2020-07-25";8;149;121;178
"2020-07-26";8;135;105;166
"2020-07-27";8;163;131;189
"2020-07-28";8;154;128;184
"2020-07-29";8;147;119;176
"2020-07-30";8;147;117;179
"2020-07-31";8;145;117;169
"2020-08-01";8;159;128;191
"2020-08-02";8;154;125;185
"2020-08-03";8;199;170;234
"2020-08-04";8;188;156;229
"2020-08-05";8;176;145;203
"2020-08-06";8;170;143;205
"2020-08-07";8;184;152;215
"2020-08-08";8;160;131;194
"2020-08-09";8;155;125;190
"2020-08-10";8;202;170;237
"2020-08-11";8;178;145;211
"2020-08-12";8;188;154;226
"2020-08-13";8;189;159;221
"2020-08-14";8;200;167;239
"2020-08-15";8;178;144;209
"2020-08-16";8;197;160;234
"2020-08-17";8;271;231;321
"2020-08-18";8;241;203;287
"2020-08-19";8;229;197;264
"2020-08-20";8;235;201;273
"2020-08-21";8;235;197;279
"2020-08-22";8;234;202;271
"2020-08-23";8;236;196;273
"2020-08-24";8;292;249;332
"2020-08-25";8;276;231;322
"2020-08-26";8;262;225;308
"2020-08-27";8;239;205;278
"2020-08-28";8;261;219;300
"2020-08-29";8;237;200;274
"2020-08-30";8;204;170;237
"2020-08-31";8;270;230;310
"2020-09-01";8;267;232;303
"2020-09-02";8;244;209;283
"2020-09-03";8;238;199;275
"2020-09-04";8;223;186;260
"2020-09-05";8;196;163;236
"2020-09-06";8;181;150;216
"2020-09-07";8;221;183;261
"2020-09-08";8;200;169;237
"2020-09-09";8;199;171;233
"2020-09-10";8;184;154;220
"2020-09-11";8;186;155;215
"2020-09-12";8;177;152;206
"2020-09-13";8;160;132;192
"2020-09-14";8;185;154;219
"2020-09-15";8;176;141;207
"2020-09-16";8;170;142;200
"2020-09-17";8;166;131;200
"2020-09-18";8;168;140;200
"2020-09-19";8;174;137;206
"2020-09-20";8;182;149;217
"2020-09-21";8;224;189;267
"2020-09-22";8;216;189;248
"2020-09-23";8;201;170;239
"2020-09-24";8;187;159;216
"2020-09-25";8;174;144;202
"2020-09-26";8;148;119;180
"2020-09-27";8;145;114;180
"2020-09-28";8;185;154;216
"2020-09-29";8;168;142;196
"2020-09-30";8;160;130;194
"2020-10-01";8;166;136;199
"2020-10-02";8;153;127;179
"2020-10-03";8;152;125;183
"2020-10-04";8;144;118;173
"2020-10-05";8;187;154;220
"2020-10-06";8;193;161;229
"2020-10-07";8;187;157;216
"2020-10-08";8;209;173;246
"2020-10-09";8;207;174;242
"2020-10-10";8;202;169;237
"2020-10-11";8;177;147;214
"2020-10-12";8;222;185;260
"2020-10-13";8;239;204;280
"2020-10-14";8;228;187;269
"2020-10-15";8;241;205;286
"2020-10-16";8;201;170;235
"2020-10-17";8;175;139;210
"2020-10-18";8;167;133;200
"2020-10-19";8;236;202;269
"2020-10-20";8;228;186;261
"2020-10-21";8;186;152;221
"2020-10-22";8;177;145;216
"2020-10-23";8;177;147;209
"2020-10-24";8;165;140;194
"2020-10-25";8;155;122;186
"2020-10-26";8;205;170;237
"2020-10-27";8;207;174;239
"2020-10-28";8;201;169;229
"2020-10-29";8;191;163;223
"2020-10-30";8;191;158;229
"2020-10-31";8;197;165;242
"2020-11-01";8;197;160;233
"2020-11-02";8;253;209;293
"2020-11-03";8;235;198;271
"2020-11-04";8;218;179;254
"2020-11-05";8;210;180;244
"2020-11-06";8;217;179;255
"2020-11-07";8;204;167;242
"2020-11-08";8;223;187;259
"2020-11-09";8;284;244;334
"2020-11-10";8;285;249;323
"2020-11-11";8;259;218;300
"2020-11-12";8;227;197;263
"2020-11-13";8;232;197;276
"2020-11-14";8;233;202;274
"2020-11-15";8;220;187;262
"2020-11-16";8;257;220;295
"2020-11-17";8;248;209;284
"2020-11-18";8;261;226;300
"2020-11-19";8;257;215;298
"2020-11-20";8;267;224;320
"2020-11-21";8;250;213;295
"2020-11-22";8;252;213;287
"2020-11-23";8;341;293;390
"2020-11-24";8;299;264;345
"2020-11-25";8;265;224;306
"2020-11-26";8;256;216;300
"2020-11-27";8;244;201;307
"2020-11-28";8;222;159;305
"2020-04-01";9;38;24;52
"2020-04-02";9;32;20;47
"2020-04-03";9;30;18;44
"2020-04-04";9;29;18;42
"2020-04-05";9;25;15;36
"2020-04-06";9;33;21;45
"2020-04-07";9;29;19;42
"2020-04-08";9;28;17;44
"2020-04-09";9;31;20;44
"2020-04-10";9;29;17;42
"2020-04-11";9;25;14;37
"2020-04-12";9;23;13;34
"2020-04-13";9;32;21;46
"2020-04-14";9;33;21;45
"2020-04-15";9;31;20;45
"2020-04-16";9;29;19;42
"2020-04-17";9;26;16;38
"2020-04-18";9;24;14;37
"2020-04-19";9;20;11;30
"2020-04-20";9;26;16;39
"2020-04-21";9;21;11;30
"2020-04-22";9;19;11;30
"2020-04-23";9;17;9;27
"2020-04-24";9;16;8;24
"2020-04-25";9;14;7;23
"2020-04-26";9;13;5;22
"2020-04-27";9;17;9;28
"2020-04-28";9;15;9;23
"2020-04-29";9;15;8;23
"2020-04-30";9;16;8;25
"2020-05-01";9;16;8;25
"2020-05-02";9;15;7;24
"2020-05-03";9;16;8;28
"2020-05-04";9;23;13;35
"2020-05-05";9;21;12;31
"2020-05-06";9;23;13;34
"2020-05-07";9;22;13;31
"2020-05-08";9;22;13;34
"2020-05-09";9;22;11;34
"2020-05-10";9;20;10;31
"2020-05-11";9;27;16;39
"2020-05-12";9;27;17;38
"2020-05-13";9;27;17;38
"2020-05-14";9;25;16;36
"2020-05-15";9;26;14;39
"2020-05-16";9;32;19;49
"2020-05-17";9;32;21;45
"2020-05-18";9;42;27;57
"2020-05-19";9;40;26;53
"2020-05-20";9;44;29;62
"2020-05-21";9;40;25;58
"2020-05-22";9;40;27;54
"2020-05-23";9;44;30;61
"2020-05-24";9;33;21;46
"2020-05-25";9;43;27;60
"2020-05-26";9;49;36;71
"2020-05-27";9;45;31;61
"2020-05-28";9;38;25;51
"2020-05-29";9;36;23;50
"2020-05-30";9;36;25;50
"2020-05-31";9;34;19;51
"2020-06-01";9;51;35;70
"2020-06-02";9;44;30;60
"2020-06-03";9;42;28;61
"2020-06-04";9;42;29;58
"2020-06-05";9;42;27;60
"2020-06-06";9;39;26;54
"2020-06-07";9;36;24;51
"2020-06-08";9;52;36;72
"2020-06-09";9;44;30;57
"2020-06-10";9;43;30;58
"2020-06-11";9;39;25;53
"2020-06-12";9;35;23;50
"2020-06-13";9;31;20;45
"2020-06-14";9;27;17;39
"2020-06-15";9;39;25;54
"2020-06-16";9;33;21;48
"2020-06-17";9;29;19;43
"2020-06-18";9;28;18;39
"2020-06-19";9;27;17;41
"2020-06-20";9;25;15;37
"2020-06-21";9;24;13;35
"2020-06-22";9;36;24;50
"2020-06-23";9;35;24;49
"2020-06-24";9;36;23;51
"2020-06-25";9;33;21;47
"2020-06-26";9;30;20;42
"2020-06-27";9;25;15;36
"2020-06-28";9;27;16;40
"2020-06-29";9;32;21;45
"2020-06-30";9;30;20;43
"2020-07-01";9;27;16;38
"2020-07-02";9;24;13;36
"2020-07-03";9;25;15;39
"2020-07-04";9;24;14;35
"2020-07-05";9;24;13;35
"2020-07-06";9;29;18;42
"2020-07-07";9;24;14;35
"2020-07-08";9;20;11;32
"2020-07-09";9;18;9;28
"2020-07-10";9;18;8;28
"2020-07-11";9;18;10;27
"2020-07-12";9;18;9;27
"2020-07-13";9;24;13;38
"2020-07-14";9;25;15;36
"2020-07-15";9;26;15;38
"2020-07-16";9;25;14;36
"2020-07-17";9;28;18;38
"2020-07-18";9;29;16;41
"2020-07-19";9;30;19;43
"2020-07-20";9;42;27;59
"2020-07-21";9;41;27;55
"2020-07-22";9;39;26;53
"2020-07-23";9;45;30;61
"2020-07-24";9;34;21;53
"2020-07-25";9;31;20;45
"2020-07-26";9;26;16;39
"2020-07-27";9;41;27;59
"2020-07-28";9;35;24;49
"2020-07-29";9;34;21;50
"2020-07-30";9;36;26;48
"2020-07-31";9;32;20;46
"2020-08-01";9;30;18;42
"2020-08-02";9;26;16;38
"2020-08-03";9;33;20;47
"2020-08-04";9;34;21;47
"2020-08-05";9;31;20;44
"2020-08-06";9;36;23;48
"2020-08-07";9;35;22;46
"2020-08-08";9;31;18;45
"2020-08-09";9;31;19;45
"2020-08-10";9;50;35;68
"2020-08-11";9;44;30;64
"2020-08-12";9;35;21;48
"2020-08-13";9;38;24;55
"2020-08-14";9;38;25;52
"2020-08-15";9;34;20;47
"2020-08-16";9;37;25;51
"2020-08-17";9;50;33;68
"2020-08-18";9;43;27;59
"2020-08-19";9;40;23;56
"2020-08-20";9;38;25;53
"2020-08-21";9;36;24;51
"2020-08-22";9;34;22;50
"2020-08-23";9;35;22;50
"2020-08-24";9;56;40;78
"2020-08-25";9;51;35;68
"2020-08-26";9;55;39;71
"2020-08-27";9;58;43;74
"2020-08-28";9;57;42;75
"2020-08-29";9;52;38;69
"2020-08-30";9;47;31;63
"2020-08-31";9;76;58;97
"2020-09-01";9;70;51;88
"2020-09-02";9;65;46;86
"2020-09-03";9;72;53;93
"2020-09-04";9;84;62;104
"2020-09-05";9;68;51;86
"2020-09-06";9;72;56;92
"2020-09-07";9;92;71;114
"2020-09-08";9;85;63;114
"2020-09-09";9;75;55;96
"2020-09-10";9;75;57;97
"2020-09-11";9;70;53;92
"2020-09-12";9;67;50;86
"2020-09-13";9;53;37;73
"2020-09-14";9;96;75;123
"2020-09-15";9;84;63;107
"2020-09-16";9;91;69;115
"2020-09-17";9;94;71;116
"2020-09-18";9;82;63;105
"2020-09-19";9;81;60;104
"2020-09-20";9;88;68;109
"2020-09-21";9;129;101;159
"2020-09-22";9;107;83;138
"2020-09-23";9;106;82;131
"2020-09-24";9;111;85;135
"2020-09-25";9;118;92;147
"2020-09-26";9;120;94;152
"2020-09-27";9;118;94;142
"2020-09-28";9;161;131;189
"2020-09-29";9;136;112;167
"2020-09-30";9;146;114;177
"2020-10-01";9;155;130;179
"2020-10-02";9;150;118;181
"2020-10-03";9;125;99;152
"2020-10-04";9;125;100;154
"2020-10-05";9;188;154;226
"2020-10-06";9;163;131;195
"2020-10-07";9;159;129;184
"2020-10-08";9;170;141;205
"2020-10-09";9;150;120;179
"2020-10-10";9;149;116;181
"2020-10-11";9;111;88;139
"2020-10-12";9;158;126;189
"2020-10-13";9;179;148;213
"2020-10-14";9;171;138;209
"2020-10-15";9;146;114;178
"2020-10-16";9;147;118;178
"2020-10-17";9;136;104;169
"2020-10-18";9;140;108;171
"2020-10-19";9;193;154;227
"2020-10-20";9;192;156;230
"2020-10-21";9;170;142;200
"2020-10-22";9;166;139;198
"2020-10-23";9;172;138;205
"2020-10-24";9;148;118;179
"2020-10-25";9;140;111;168
"2020-10-26";9;241;205;279
"2020-10-27";9;204;168;235
"2020-10-28";9;199;165;241
"2020-10-29";9;178;148;211
"2020-10-30";9;188;155;227
"2020-10-31";9;178;142;210
"2020-11-01";9;169;135;207
"2020-11-02";9;248;209;285
"2020-11-03";9;213;176;251
"2020-11-04";9;164;136;197
"2020-11-05";9;180;152;222
"2020-11-06";9;180;144;223
"2020-11-07";9;158;129;187
"2020-11-08";9;137;112;170
"2020-11-09";9;203;167;243
"2020-11-10";9;189;153;227
"2020-11-11";9;171;137;198
"2020-11-12";9;177;144;209
"2020-11-13";9;183;147;220
"2020-11-14";9;137;109;168
"2020-11-15";9;130;103;159
"2020-11-16";9;180;144;218
"2020-11-17";9;154;126;192
"2020-11-18";9;168;137;202
"2020-11-19";9;172;144;210
"2020-11-20";9;179;144;220
"2020-11-21";9;137;103;180
"2020-11-22";9;113;87;144
"2020-11-23";9;174;135;212
"2020-11-24";9;161;130;198
"2020-11-25";9;167;131;212
"2020-11-26";9;189;150;238
"2020-11-27";9;155;102;206
"2020-11-28";9;146;90;231
"2020-04-01";14;7;2;15
"2020-04-02";14;6;1;11
"2020-04-03";14;5;1;11
"2020-04-04";14;4;1;10
"2020-04-05";14;4;1;9
"2020-04-06";14;5;1;11
"2020-04-07";14;5;1;11
"2020-04-08";14;4;1;10
"2020-04-09";14;4;0;9
"2020-04-10";14;3;0;7
"2020-04-11";14;3;0;8
"2020-04-12";14;3;0;8
"2020-04-13";14;4;1;8
"2020-04-14";14;3;0;7
"2020-04-15";14;4;0;9
"2020-04-16";14;3;0;7
"2020-04-17";14;3;0;7
"2020-04-18";14;3;0;7
"2020-04-19";14;2;0;6
"2020-04-20";14;3;0;8
"2020-04-21";14;2;0;6
"2020-04-22";14;2;0;7
"2020-04-23";14;2;0;7
"2020-04-24";14;2;0;5
"2020-04-25";14;2;0;5
"2020-04-26";14;2;0;5
"2020-04-27";14;3;0;7
"2020-04-28";14;2;0;6
"2020-04-29";14;2;0;6
"2020-04-30";14;2;0;4
"2020-05-01";14;2;0;4
"2020-05-02";14;1;0;4
"2020-05-03";14;1;0;4
"2020-05-04";14;2;0;6
"2020-05-05";14;2;0;5
"2020-05-06";14;2;0;6
"2020-05-07";14;2;0;7
"2020-05-08";14;3;0;7
"2020-05-09";14;3;0;7
"2020-05-10";14;3;0;7
"2020-05-11";14;5;1;10
"2020-05-12";14;4;1;9
"2020-05-13";14;5;1;10
"2020-05-14";14;6;1;13
"2020-05-15";14;9;3;16
"2020-05-16";14;11;4;18
"2020-05-17";14;18;8;29
"2020-05-18";14;17;9;28
"2020-05-19";14;12;6;22
"2020-05-20";14;12;4;19
"2020-05-21";14;9;3;16
"2020-05-22";14;8;1;15
"2020-05-23";14;8;3;15
"2020-05-24";14;6;2;12
"2020-05-25";14;13;6;23
"2020-05-26";14;11;5;21
"2020-05-27";14;12;5;21
"2020-05-28";14;10;3;18
"2020-05-29";14;7;3;13
"2020-05-30";14;7;3;14
"2020-05-31";14;8;3;13
"2020-06-01";14;13;5;23
"2020-06-02";14;14;5;22
"2020-06-03";14;11;4;19
"2020-06-04";14;10;4;19
"2020-06-05";14;10;4;17
"2020-06-06";14;10;4;18
"2020-06-07";14;9;3;17
"2020-06-08";14;15;6;25
"2020-06-09";14;14;6;24
"2020-06-10";14;18;10;31
"2020-06-11";14;17;9;27
"2020-06-12";14;16;8;26
"2020-06-13";14;11;4;20
"2020-06-14";14;10;3;19
"2020-06-15";14;13;4;22
"2020-06-16";14;10;3;19
"2020-06-17";14;9;3;17
"2020-06-18";14;8;2;15
"2020-06-19";14;10;3;19
"2020-06-20";14;9;4;16
"2020-06-21";14;7;2;14
"2020-06-22";14;10;3;17
"2020-06-23";14;12;5;21
"2020-06-24";14;8;3;15
"2020-06-25";14;9;3;16
"2020-06-26";14;7;2;13
"2020-06-27";14;7;2;13
"2020-06-28";14;6;1;13
"2020-06-29";14;8;2;16
"2020-06-30";14;6;1;12
"2020-07-01";14;6;1;12
"2020-07-02";14;6;2;12
"2020-07-03";14;6;1;11
"2020-07-04";14;6;2;11
"2020-07-05";14;6;2;11
"2020-07-06";14;10;3;17
"2020-07-07";14;8;3;14
"2020-07-08";14;7;2;13
"2020-07-09";14;9;2;16
"2020-07-10";14;8;3;15
"2020-07-11";14;9;3;17
"2020-07-12";14;9;3;15
"2020-07-13";14;15;7;25
"2020-07-14";14;10;4;17
"2020-07-15";14;8;2;16
"2020-07-16";14;6;1;11
"2020-07-17";14;7;2;15
"2020-07-18";14;6;2;11
"2020-07-19";14;6;1;12
"2020-07-20";14;7;2;13
"2020-07-21";14;7;2;13
"2020-07-22";14;7;2;13
"2020-07-23";14;7;2;13
"2020-07-24";14;7;2;12
"2020-07-25";14;5;1;10
"2020-07-26";14;5;1;9
"2020-07-27";14;7;2;13
"2020-07-28";14;8;2;15
"2020-07-29";14;7;2;13
"2020-07-30";14;7;2;12
"2020-07-31";14;7;2;14
"2020-08-01";14;7;2;14
"2020-08-02";14;6;2;10
"2020-08-03";14;8;2;15
"2020-08-04";14;7;2;14
"2020-08-05";14;9;2;16
"2020-08-06";14;8;2;15
"2020-08-07";14;9;4;16
"2020-08-08";14;6;1;12
"2020-08-09";14;7;2;14
"2020-08-10";14;10;4;18
"2020-08-11";14;8;3;15
"2020-08-12";14;7;1;12
"2020-08-13";14;5;1;12
"2020-08-14";14;6;2;11
"2020-08-15";14;5;1;10
"2020-08-16";14;6;2;12
"2020-08-17";14;7;2;13
"2020-08-18";14;8;3;16
"2020-08-19";14;8;2;16
"2020-08-20";14;8;3;14
"2020-08-21";14;7;2;12
"2020-08-22";14;6;2;12
"2020-08-23";14;7;2;14
"2020-08-24";14;10;4;18
"2020-08-25";14;9;2;16
"2020-08-26";14;9;3;16
"2020-08-27";14;12;4;21
"2020-08-28";14;12;5;20
"2020-08-29";14;12;5;20
"2020-08-30";14;16;6;27
"2020-08-31";14;20;10;31
"2020-09-01";14;20;10;32
"2020-09-02";14;22;12;32
"2020-09-03";14;19;9;31
"2020-09-04";14;24;14;37
"2020-09-05";14;20;10;34
"2020-09-06";14;20;11;32
"2020-09-07";14;33;19;47
"2020-09-08";14;29;17;43
"2020-09-09";14;30;17;45
"2020-09-10";14;33;20;48
"2020-09-11";14;26;14;40
"2020-09-12";14;18;10;28
"2020-09-13";14;15;5;25
"2020-09-14";14;28;17;44
"2020-09-15";14;22;12;35
"2020-09-16";14;16;7;26
"2020-09-17";14;25;14;37
"2020-09-18";14;17;9;28
"2020-09-19";14;22;12;34
"2020-09-20";14;30;18;43
"2020-09-21";14;62;44;80
"2020-09-22";14;59;41;81
"2020-09-23";14;49;31;68
"2020-09-24";14;43;27;61
"2020-09-25";14;51;34;72
"2020-09-26";14;46;31;65
"2020-09-27";14;31;18;45
"2020-09-28";14;74;53;98
"2020-09-29";14;47;29;68
"2020-09-30";14;49;32;70
"2020-10-01";14;47;30;64
"2020-10-02";14;50;32;69
"2020-10-03";14;36;22;51
"2020-10-04";14;28;16;42
"2020-10-05";14;46;31;63
"2020-10-06";14;46;29;64
"2020-10-07";14;52;32;74
"2020-10-08";14;41;23;58
"2020-10-09";14;41;26;60
"2020-10-10";14;43;30;61
"2020-10-11";14;32;19;47
"2020-10-12";14;45;27;64
"2020-10-13";14;78;58;101
"2020-10-14";14;60;42;80
"2020-10-15";14;60;39;81
"2020-10-16";14;51;34;70
"2020-10-17";14;56;36;82
"2020-10-18";14;35;21;54
"2020-10-19";14;56;41;75
"2020-10-20";14;62;41;82
"2020-10-21";14;70;50;92
"2020-10-22";14;62;45;82
"2020-10-23";14;79;53;107
"2020-10-24";14;63;44;87
"2020-10-25";14;58;36;76
"2020-10-26";14;78;58;101
"2020-10-27";14;88;63;113
"2020-10-28";14;97;72;126
"2020-10-29";14;74;55;96
"2020-10-30";14;77;54;99
"2020-10-31";14;60;39;82
"2020-11-01";14;70;51;91
"2020-11-02";14;110;82;142
"2020-11-03";14;97;73;128
"2020-11-04";14;83;61;109
"2020-11-05";14;84;66;111
"2020-11-06";14;100;75;125
"2020-11-07";14;96;73;121
"2020-11-08";14;69;50;96
"2020-11-09";14;143;114;177
"2020-11-10";14;122;91;153
"2020-11-11";14;93;69;120
"2020-11-12";14;94;66;119
"2020-11-13";14;104;84;137
"2020-11-14";14;73;52;95
"2020-11-15";14;77;55;100
"2020-11-16";14;126;103;155
"2020-11-17";14;89;63;120
"2020-11-18";14;98;71;127
"2020-11-19";14;107;80;132
"2020-11-20";14;112;88;140
"2020-11-21";14;83;57;109
"2020-11-22";14;59;39;81
"2020-11-23";14;108;83;135
"2020-11-24";14;89;61;118
"2020-11-25";14;95;68;123
"2020-11-26";14;83;58;113
"2020-11-27";14;67;42;107
"2020-11-28";14;69;33;119
"2020-04-01";10;18;10;29
"2020-04-02";10;15;7;24
"2020-04-03";10;15;8;26
"2020-04-04";10;12;4;20
"2020-04-05";10;10;4;16
"2020-04-06";10;12;6;21
"2020-04-07";10;12;6;22
"2020-04-08";10;9;3;17
"2020-04-09";10;8;3;15
"2020-04-10";10;7;2;13
"2020-04-11";10;6;2;11
"2020-04-12";10;6;1;11
"2020-04-13";10;8;2;14
"2020-04-14";10;7;2;13
"2020-04-15";10;6;2;11
"2020-04-16";10;6;2;12
"2020-04-17";10;6;2;11
"2020-04-18";10;5;2;11
"2020-04-19";10;6;2;11
"2020-04-20";10;7;3;13
"2020-04-21";10;6;1;11
"2020-04-22";10;5;2;11
"2020-04-23";10;5;1;10
"2020-04-24";10;4;1;10
"2020-04-25";10;4;1;9
"2020-04-26";10;4;0;8
"2020-04-27";10;7;2;12
"2020-04-28";10;8;2;15
"2020-04-29";10;8;3;15
"2020-04-30";10;8;3;13
"2020-05-01";10;8;3;13
"2020-05-02";10;7;3;13
"2020-05-03";10;6;2;11
"2020-05-04";10;11;3;19
"2020-05-05";10;9;3;16
"2020-05-06";10;10;4;17
"2020-05-07";10;10;4;17
"2020-05-08";10;13;6;22
"2020-05-09";10;11;5;18
"2020-05-10";10;12;5;20
"2020-05-11";10;14;7;24
"2020-05-12";10;14;6;24
"2020-05-13";10;12;5;20
"2020-05-14";10;12;5;19
"2020-05-15";10;9;4;16
"2020-05-16";10;10;5;17
"2020-05-17";10;10;5;20
"2020-05-18";10;20;9;32
"2020-05-19";10;19;10;31
"2020-05-20";10;18;10;28
"2020-05-21";10;21;11;32
"2020-05-22";10;21;11;31
"2020-05-23";10;21;12;30
"2020-05-24";10;20;11;31
"2020-05-25";10;27;18;40
"2020-05-26";10;27;15;38
"2020-05-27";10;23;13;34
"2020-05-28";10;21;13;31
"2020-05-29";10;18;8;29
"2020-05-30";10;17;9;25
"2020-05-31";10;16;8;27
"2020-06-01";10;24;14;40
"2020-06-02";10;23;14;36
"2020-06-03";10;22;12;33
"2020-06-04";10;23;14;35
"2020-06-05";10;24;13;34
"2020-06-06";10;21;13;33
"2020-06-07";10;19;11;32
"2020-06-08";10;33;22;47
"2020-06-09";10;24;12;37
"2020-06-10";10;28;16;41
"2020-06-11";10;29;18;41
"2020-06-12";10;28;17;40
"2020-06-13";10;30;18;45
"2020-06-14";10;28;17;43
"2020-06-15";10;37;22;51
"2020-06-16";10;42;27;57
"2020-06-17";10;39;23;56
"2020-06-18";10;35;21;51
"2020-06-19";10;31;21;44
"2020-06-20";10;28;16;40
"2020-06-21";10;26;16;39
"2020-06-22";10;39;25;57
"2020-06-23";10;33;22;47
"2020-06-24";10;37;25;52
"2020-06-25";10;34;21;50
"2020-06-26";10;45;30;61
"2020-06-27";10;42;28;58
"2020-06-28";10;42;25;58
"2020-06-29";10;49;32;66
"2020-06-30";10;51;36;64
"2020-07-01";10;57;38;79
"2020-07-02";10;45;30;62
"2020-07-03";10;58;41;78
"2020-07-04";10;54;38;72
"2020-07-05";10;53;36;71
"2020-07-06";10;70;49;94
"2020-07-07";10;60;43;80
"2020-07-08";10;53;38;71
"2020-07-09";10;60;44;78
"2020-07-10";10;66;47;87
"2020-07-11";10;65;47;90
"2020-07-12";10;50;32;67
"2020-07-13";10;79;60;101
"2020-07-14";10;75;52;98
"2020-07-15";10;76;57;98
"2020-07-16";10;60;44;82
"2020-07-17";10;73;53;95
"2020-07-18";10;78;57;105
"2020-07-19";10;72;53;91
"2020-07-20";10;94;72;121
"2020-07-21";10;97;73;122
"2020-07-22";10;95;72;124
"2020-07-23";10;149;115;177
"2020-07-24";10;104;82;132
"2020-07-25";10;91;68;115
"2020-07-26";10;71;50;89
"2020-07-27";10;119;96;148
"2020-07-28";10;117;87;146
"2020-07-29";10;103;80;128
"2020-07-30";10;121;96;151
"2020-07-31";10;124;97;152
"2020-08-01";10;101;76;129
"2020-08-02";10;101;78;126
"2020-08-03";10;123;96;154
"2020-08-04";10;112;81;137
"2020-08-05";10;82;61;102
"2020-08-06";10;95;73;121
"2020-08-07";10;83;60;112
"2020-08-08";10;65;46;83
"2020-08-09";10;62;45;79
"2020-08-10";10;93;67;119
"2020-08-11";10;100;78;125
"2020-08-12";10;96;73;125
"2020-08-13";10;97;73;123
"2020-08-14";10;81;61;107
"2020-08-15";10;65;45;83
"2020-08-16";10;59;39;78
"2020-08-17";10;91;65;119
"2020-08-18";10;97;75;123
"2020-08-19";10;83;61;106
"2020-08-20";10;72;52;99
"2020-08-21";10;72;48;95
"2020-08-22";10;60;43;80
"2020-08-23";10;47;33;62
"2020-08-24";10;101;75;126
"2020-08-25";10;92;67;120
"2020-08-26";10;95;72;124
"2020-08-27";10;83;60;108
"2020-08-28";10;86;65;111
"2020-08-29";10;70;50;92
"2020-08-30";10;59;41;83
"2020-08-31";10;94;72;115
"2020-09-01";10;84;65;109
"2020-09-02";10;90;67;113
"2020-09-03";10;88;66;113
"2020-09-04";10;84;62;106
"2020-09-05";10;70;50;92
"2020-09-06";10;53;37;76
"2020-09-07";10;96;76;122
"2020-09-08";10;92;71;121
"2020-09-09";10;91;71;114
"2020-09-10";10;82;62;103
"2020-09-11";10;82;59;105
"2020-09-12";10;82;58;105
"2020-09-13";10;69;48;92
"2020-09-14";10;100;75;126
"2020-09-15";10;99;70;124
"2020-09-16";10;87;61;111
"2020-09-17";10;94;69;121
"2020-09-18";10;90;67;115
"2020-09-19";10;96;72;123
"2020-09-20";10;116;89;148
"2020-09-21";10;146;119;174
"2020-09-22";10;126;98;156
"2020-09-23";10;118;88;145
"2020-09-24";10;131;103;159
"2020-09-25";10;144;115;174
"2020-09-26";10;98;76;123
"2020-09-27";10;83;60;109
"2020-09-28";10;185;151;226
"2020-09-29";10;146;117;179
"2020-09-30";10;166;133;196
"2020-10-01";10;156;128;193
"2020-10-02";10;198;166;241
"2020-10-03";10;128;104;159
"2020-10-04";10;113;89;137
"2020-10-05";10;192;157;226
"2020-10-06";10;201;169;238
"2020-10-07";10;197;160;241
"2020-10-08";10;188;154;222
"2020-10-09";10;202;167;244
"2020-10-10";10;139;104;168
"2020-10-11";10;119;94;143
"2020-10-12";10;173;140;210
"2020-10-13";10;238;199;273
"2020-10-14";10;212;176;246
"2020-10-15";10;173;139;213
"2020-10-16";10;234;196;279
"2020-10-17";10;175;140;209
"2020-10-18";10;147;119;181
"2020-10-19";10;254;217;298
"2020-10-20";10;185;152;219
"2020-10-21";10;206;172;249
"2020-10-22";10;185;151;218
"2020-10-23";10;205;163;246
"2020-10-24";10;129;102;161
"2020-10-25";10;149;114;181
"2020-10-26";10;212;173;253
"2020-10-27";10;243;202;282
"2020-10-28";10;221;185;262
"2020-10-29";10;183;149;223
"2020-10-30";10;208;172;249
"2020-10-31";10;143;114;179
"2020-11-01";10;136;107;166
"2020-11-02";10;259;215;301
"2020-11-03";10;211;174;253
"2020-11-04";10;236;197;278
"2020-11-05";10;250;208;291
"2020-11-06";10;222;184;261
"2020-11-07";10;178;145;217
"2020-11-08";10;160;130;194
"2020-11-09";10;234;193;277
"2020-11-10";10;224;184;263
"2020-11-11";10;217;180;262
"2020-11-12";10;211;175;249
"2020-11-13";10;187;156;228
"2020-11-14";10;163;130;198
"2020-11-15";10;134;104;167
"2020-11-16";10;261;224;305
"2020-11-17";10;220;185;255
"2020-11-18";10;164;132;193
"2020-11-19";10;228;192;265
"2020-11-20";10;156;124;188
"2020-11-21";10;116;85;145
"2020-11-22";10;98;76;127
"2020-11-23";10;185;149;222
"2020-11-24";10;171;134;213
"2020-11-25";10;133;97;165
"2020-11-26";10;149;111;189
"2020-11-27";10;165;111;224
"2020-11-28";10;129;82;195
"2020-04-01";11;0;0;1
"2020-04-02";11;0;0;1
"2020-04-03";11;0;0;1
"2020-04-04";11;0;0;1
"2020-04-05";11;0;0;1
"2020-04-06";11;0;0;1
"2020-04-07";11;0;0;1
"2020-04-08";11;0;0;1
"2020-04-09";11;0;0;1
"2020-04-10";11;0;0;1
"2020-04-11";11;0;0;1
"2020-04-12";11;0;0;0
"2020-04-13";11;0;0;1
"2020-04-14";11;0;0;1
"2020-04-15";11;0;0;1
"2020-04-16";11;0;0;1
"2020-04-17";11;0;0;1
"2020-04-18";11;0;0;1
"2020-04-19";11;0;0;1
"2020-04-20";11;0;0;1
"2020-04-21";11;0;0;1
"2020-04-22";11;0;0;1
"2020-04-23";11;0;0;1
"2020-04-24";11;0;0;1
"2020-04-25";11;0;0;1
"2020-04-26";11;0;0;1
"2020-04-27";11;0;0;1
"2020-04-28";11;0;0;1
"2020-04-29";11;0;0;1
"2020-04-30";11;0;0;1
"2020-05-01";11;0;0;1
"2020-05-02";11;0;0;1
"2020-05-03";11;0;0;1
"2020-05-04";11;0;0;1
"2020-05-05";11;0;0;1
"2020-05-06";11;0;0;1
"2020-05-07";11;0;0;1
"2020-05-08";11;0;0;1
"2020-05-09";11;0;0;1
"2020-05-10";11;0;0;1
"2020-05-11";11;0;0;1
"2020-05-12";11;0;0;1
"2020-05-13";11;0;0;2
"2020-05-14";11;0;0;1
"2020-05-15";11;0;0;1
"2020-05-16";11;0;0;1
"2020-05-17";11;0;0;2
"2020-05-18";11;0;0;2
"2020-05-19";11;1;0;3
"2020-05-20";11;0;0;2
"2020-05-21";11;1;0;3
"2020-05-22";11;1;0;3
"2020-05-23";11;1;0;2
"2020-05-24";11;1;0;2
"2020-05-25";11;1;0;3
"2020-05-26";11;1;0;3
"2020-05-27";11;1;0;2
"2020-05-28";11;1;0;3
"2020-05-29";11;0;0;2
"2020-05-30";11;0;0;2
"2020-05-31";11;0;0;2
"2020-06-01";11;1;0;3
"2020-06-02";11;1;0;3
"2020-06-03";11;1;0;2
"2020-06-04";11;1;0;2
"2020-06-05";11;1;0;3
"2020-06-06";11;1;0;2
"2020-06-07";11;1;0;2
"2020-06-08";11;1;0;3
"2020-06-09";11;1;0;3
"2020-06-10";11;1;0;4
"2020-06-11";11;1;0;3
"2020-06-12";11;1;0;3
"2020-06-13";11;1;0;3
"2020-06-14";11;1;0;3
"2020-06-15";11;1;0;3
"2020-06-16";11;1;0;4
"2020-06-17";11;1;0;4
"2020-06-18";11;1;0;4
"2020-06-19";11;1;0;4
"2020-06-20";11;1;0;5
"2020-06-21";11;1;0;4
"2020-06-22";11;2;0;5
"2020-06-23";11;2;0;5
"2020-06-24";11;1;0;5
"2020-06-25";11;2;0;4
"2020-06-26";11;1;0;4
"2020-06-27";11;1;0;4
"2020-06-28";11;1;0;3
"2020-06-29";11;1;0;4
"2020-06-30";11;1;0;4
"2020-07-01";11;1;0;3
"2020-07-02";11;1;0;3
"2020-07-03";11;1;0;4
"2020-07-04";11;1;0;3
"2020-07-05";11;1;0;4
"2020-07-06";11;2;0;5
"2020-07-07";11;2;0;6
"2020-07-08";11;2;0;5
"2020-07-09";11;2;0;5
"2020-07-10";11;1;0;5
"2020-07-11";11;1;0;4
"2020-07-12";11;1;0;4
"2020-07-13";11;1;0;5
"2020-07-14";11;2;0;5
"2020-07-15";11;1;0;4
"2020-07-16";11;1;0;5
"2020-07-17";11;1;0;3
"2020-07-18";11;1;0;4
"2020-07-19";11;1;0;3
"2020-07-20";11;1;0;4
"2020-07-21";11;1;0;3
"2020-07-22";11;1;0;4
"2020-07-23";11;1;0;3
"2020-07-24";11;1;0;4
"2020-07-25";11;1;0;4
"2020-07-26";11;1;0;3
"2020-07-27";11;2;0;5
"2020-07-28";11;2;0;5
"2020-07-29";11;1;0;4
"2020-07-30";11;1;0;4
"2020-07-31";11;1;0;4
"2020-08-01";11;1;0;3
"2020-08-02";11;1;0;3
"2020-08-03";11;1;0;5
"2020-08-04";11;2;0;4
"2020-08-05";11;1;0;4
"2020-08-06";11;2;0;5
"2020-08-07";11;1;0;3
"2020-08-08";11;1;0;3
"2020-08-09";11;1;0;3
"2020-08-10";11;1;0;5
"2020-08-11";11;1;0;4
"2020-08-12";11;1;0;4
"2020-08-13";11;1;0;4
"2020-08-14";11;1;0;4
"2020-08-15";11;1;0;3
"2020-08-16";11;1;0;4
"2020-08-17";11;2;0;5
"2020-08-18";11;1;0;5
"2020-08-19";11;1;0;4
"2020-08-20";11;2;0;5
"2020-08-21";11;2;0;5
"2020-08-22";11;2;0;6
"2020-08-23";11;2;0;5
"2020-08-24";11;4;0;8
"2020-08-25";11;3;0;8
"2020-08-26";11;3;0;8
"2020-08-27";11;2;0;7
"2020-08-28";11;2;0;5
"2020-08-29";11;2;0;5
"2020-08-30";11;1;0;4
"2020-08-31";11;3;0;7
"2020-09-01";11;3;0;7
"2020-09-02";11;4;0;9
"2020-09-03";11;3;0;8
"2020-09-04";11;3;0;7
"2020-09-05";11;4;1;9
"2020-09-06";11;3;0;7
"2020-09-07";11;6;1;13
"2020-09-08";11;6;1;12
"2020-09-09";11;7;3;14
"2020-09-10";11;7;2;15
"2020-09-11";11;11;4;18
"2020-09-12";11;8;2;15
"2020-09-13";11;9;3;16
"2020-09-14";11;13;6;22
"2020-09-15";11;15;6;25
"2020-09-16";11;19;10;30
"2020-09-17";11;16;8;25
"2020-09-18";11;17;8;27
"2020-09-19";11;17;8;29
"2020-09-20";11;14;7;23
"2020-09-21";11;28;15;44
"2020-09-22";11;27;15;42
"2020-09-23";11;31;18;45
"2020-09-24";11;37;21;52
"2020-09-25";11;37;24;53
"2020-09-26";11;33;21;47
"2020-09-27";11;26;15;42
"2020-09-28";11;35;22;49
"2020-09-29";11;23;11;35
"2020-09-30";11;24;13;37
"2020-10-01";11;15;7;23
"2020-10-02";11;15;7;24
"2020-10-03";11;14;7;23
"2020-10-04";11;14;7;26
"2020-10-05";11;22;11;33
"2020-10-06";11;20;10;34
"2020-10-07";11;21;11;33
"2020-10-08";11;18;9;29
"2020-10-09";11;20;10;32
"2020-10-10";11;18;8;28
"2020-10-11";11;17;8;26
"2020-10-12";11;23;11;36
"2020-10-13";11;28;16;41
"2020-10-14";11;25;13;44
"2020-10-15";11;26;15;41
"2020-10-16";11;15;7;28
"2020-10-17";11;18;9;27
"2020-10-18";11;11;5;19
"2020-10-19";11;13;5;24
"2020-10-20";11;18;8;31
"2020-10-21";11;11;5;20
"2020-10-22";11;8;2;14
"2020-10-23";11;6;1;14
"2020-10-24";11;7;2;12
"2020-10-25";11;6;1;12
"2020-10-26";11;10;4;18
"2020-10-27";11;12;5;21
"2020-10-28";11;10;4;19
"2020-10-29";11;10;4;17
"2020-10-30";11;9;3;17
"2020-10-31";11;7;2;14
"2020-11-01";11;6;2;13
"2020-11-02";11;11;4;19
"2020-11-03";11;11;4;19
"2020-11-04";11;8;3;16
"2020-11-05";11;8;3;14
"2020-11-06";11;8;3;16
"2020-11-07";11;6;2;14
"2020-11-08";11;6;1;12
"2020-11-09";11;11;4;19
"2020-11-10";11;9;3;17
"2020-11-11";11;8;3;16
"2020-11-12";11;9;3;16
"2020-11-13";11;8;3;16
"2020-11-14";11;8;2;14
"2020-11-15";11;7;2;13
"2020-11-16";11;11;4;20
"2020-11-17";11;11;4;18
"2020-11-18";11;11;3;20
"2020-11-19";11;10;4;18
"2020-11-20";11;10;3;18
"2020-11-21";11;8;2;15
"2020-11-22";11;7;2;15
"2020-11-23";11;13;4;24
"2020-11-24";11;11;4;21
"2020-11-25";11;11;3;19
"2020-11-26";11;10;3;20
"2020-11-27";11;10;3;21
"2020-11-28";11;9;2;19
"2020-04-01";12;32;19;45
"2020-04-02";12;28;17;41
"2020-04-03";12;23;13;34
"2020-04-04";12;20;9;30
"2020-04-05";12;19;10;29
"2020-04-06";12;25;13;40
"2020-04-07";12;26;15;40
"2020-04-08";12;24;13;35
"2020-04-09";12;25;15;38
"2020-04-10";12;24;14;35
"2020-04-11";12;22;11;33
"2020-04-12";12;20;11;32
"2020-04-13";12;29;18;43
"2020-04-14";12;21;12;32
"2020-04-15";12;19;11;30
"2020-04-16";12;17;7;26
"2020-04-17";12;15;6;24
"2020-04-18";12;13;6;22
"2020-04-19";12;11;5;19
"2020-04-20";12;14;5;22
"2020-04-21";12;13;6;22
"2020-04-22";12;12;6;20
"2020-04-23";12;12;5;21
"2020-04-24";12;12;5;21
"2020-04-25";12;14;6;24
"2020-04-26";12;13;6;23
"2020-04-27";12;19;10;30
"2020-04-28";12;16;7;26
"2020-04-29";12;15;7;25
"2020-04-30";12;16;7;27
"2020-05-01";12;17;10;27
"2020-05-02";12;14;6;22
"2020-05-03";12;12;5;21
"2020-05-04";12;16;8;25
"2020-05-05";12;14;6;22
"2020-05-06";12;14;6;23
"2020-05-07";12;13;6;22
"2020-05-08";12;10;3;17
"2020-05-09";12;10;3;17
"2020-05-10";12;8;3;15
"2020-05-11";12;11;4;19
"2020-05-12";12;10;3;17
"2020-05-13";12;8;3;15
"2020-05-14";12;8;3;15
"2020-05-15";12;8;3;15
"2020-05-16";12;8;3;15
"2020-05-17";12;7;2;14
"2020-05-18";12;9;3;18
"2020-05-19";12;8;3;15
"2020-05-20";12;8;2;15
"2020-05-21";12;7;2;14
"2020-05-22";12;6;2;12
"2020-05-23";12;5;1;10
"2020-05-24";12;4;0;8
"2020-05-25";12;5;1;11
"2020-05-26";12;5;1;10
"2020-05-27";12;4;1;9
"2020-05-28";12;4;0;9
"2020-05-29";12;4;0;9
"2020-05-30";12;4;1;9
"2020-05-31";12;4;1;9
"2020-06-01";12;5;1;11
"2020-06-02";12;5;1;11
"2020-06-03";12;5;1;12
"2020-06-04";12;5;1;9
"2020-06-05";12;5;1;10
"2020-06-06";12;5;1;11
"2020-06-07";12;6;1;12
"2020-06-08";12;9;3;15
"2020-06-09";12;10;4;18
"2020-06-10";12;12;5;22
"2020-06-11";12;18;11;27
"2020-06-12";12;30;17;43
"2020-06-13";12;22;12;32
"2020-06-14";12;12;5;21
"2020-06-15";12;13;7;22
"2020-06-16";12;14;7;23
"2020-06-17";12;16;7;26
"2020-06-18";12;15;7;26
"2020-06-19";12;14;7;23
"2020-06-20";12;13;6;22
"2020-06-21";12;11;5;18
"2020-06-22";12;18;9;29
"2020-06-23";12;17;9;28
"2020-06-24";12;13;6;22
"2020-06-25";12;10;4;18
"2020-06-26";12;8;3;17
"2020-06-27";12;8;3;16
"2020-06-28";12;7;2;14
"2020-06-29";12;9;3;17
"2020-06-30";12;8;3;14
"2020-07-01";12;7;2;14
"2020-07-02";12;8;4;15
"2020-07-03";12;10;3;18
"2020-07-04";12;8;3;15
"2020-07-05";12;8;2;13
"2020-07-06";12;12;6;21
"2020-07-07";12;14;7;22
"2020-07-08";12;12;5;22
"2020-07-09";12;11;5;19
"2020-07-10";12;10;3;17
"2020-07-11";12;10;4;19
"2020-07-12";12;8;3;15
"2020-07-13";12;10;3;18
"2020-07-14";12;10;4;17
"2020-07-15";12;11;5;21
"2020-07-16";12;10;4;18
"2020-07-17";12;9;3;16
"2020-07-18";12;9;3;17
"2020-07-19";12;9;4;17
"2020-07-20";12;18;10;28
"2020-07-21";12;17;8;30
"2020-07-22";12;14;7;23
"2020-07-23";12;15;7;25
"2020-07-24";12;16;8;26
"2020-07-25";12;21;12;35
"2020-07-26";12;18;10;28
"2020-07-27";12;24;14;35
"2020-07-28";12;22;13;35
"2020-07-29";12;27;15;39
"2020-07-30";12;27;17;40
"2020-07-31";12;27;16;41
"2020-08-01";12;29;19;41
"2020-08-02";12;32;20;45
"2020-08-03";12;52;35;72
"2020-08-04";12;32;20;48
"2020-08-05";12;31;20;43
"2020-08-06";12;39;25;53
"2020-08-07";12;45;28;61
"2020-08-08";12;37;23;52
"2020-08-09";12;34;20;47
"2020-08-10";12;65;45;86
"2020-08-11";12;59;41;80
"2020-08-12";12;51;34;70
"2020-08-13";12;50;37;68
"2020-08-14";12;62;44;85
"2020-08-15";12;59;38;80
"2020-08-16";12;47;32;64
"2020-08-17";12;109;83;137
"2020-08-18";12;96;76;121
"2020-08-19";12;102;79;126
"2020-08-20";12;108;81;131
"2020-08-21";12;90;67;113
"2020-08-22";12;87;65;113
"2020-08-23";12;67;46;87
"2020-08-24";12;154;125;186
"2020-08-25";12;137;109;171
"2020-08-26";12;123;94;154
"2020-08-27";12;144;117;178
"2020-08-28";12;169;136;207
"2020-08-29";12;128;103;158
"2020-08-30";12;106;81;131
"2020-08-31";12;186;147;216
"2020-09-01";12;217;174;259
"2020-09-02";12;178;148;216
"2020-09-03";12;160;122;195
"2020-09-04";12;182;152;217
"2020-09-05";12;182;148;218
"2020-09-06";12;128;100;159
"2020-09-07";12;213;170;258
"2020-09-08";12;176;142;214
"2020-09-09";12;175;140;210
"2020-09-10";12;175;139;212
"2020-09-11";12;200;161;241
"2020-09-12";12;148;117;177
"2020-09-13";12;121;94;150
"2020-09-14";12;201;161;241
"2020-09-15";12;172;135;207
"2020-09-16";12;177;142;214
"2020-09-17";12;234;195;283
"2020-09-18";12;178;142;212
"2020-09-19";12;153;122;191
"2020-09-20";12;185;148;227
"2020-09-21";12;282;241;330
"2020-09-22";12;187;150;223
"2020-09-23";12;201;164;241
"2020-09-24";12;192;158;229
"2020-09-25";12;231;182;272
"2020-09-26";12;174;140;206
"2020-09-27";12;148;117;179
"2020-09-28";12;277;232;326
"2020-09-29";12;179;149;212
"2020-09-30";12;152;120;185
"2020-10-01";12;182;147;219
"2020-10-02";12;155;122;192
"2020-10-03";12;120;90;151
"2020-10-04";12;114;91;141
"2020-10-05";12;146;112;178
"2020-10-06";12;147;114;177
"2020-10-07";12;103;81;135
"2020-10-08";12;114;86;143
"2020-10-09";12;86;64;106
"2020-10-10";12;83;62;107
"2020-10-11";12;64;45;86
"2020-10-12";12;81;60;104
"2020-10-13";12;82;61;109
"2020-10-14";12;76;53;100
"2020-10-15";12;83;62;106
"2020-10-16";12;88;64;114
"2020-10-17";12;66;46;88
"2020-10-18";12;60;42;80
"2020-10-19";12;85;60;109
"2020-10-20";12;85;62;108
"2020-10-21";12;69;50;94
"2020-10-22";12;69;51;89
"2020-10-23";12;69;50;92
"2020-10-24";12;70;49;95
"2020-10-25";12;57;40;79
"2020-10-26";12;87;66;106
"2020-10-27";12;77;58;101
"2020-10-28";12;73;51;100
"2020-10-29";12;77;57;100
"2020-10-30";12;82;62;102
"2020-10-31";12;92;69;117
"2020-11-01";12;70;49;96
"2020-11-02";12;77;54;102
"2020-11-03";12;64;45;86
"2020-11-04";12;63;43;83
"2020-11-05";12;59;41;79
"2020-11-06";12;56;40;77
"2020-11-07";12;60;42;84
"2020-11-08";12;54;37;70
"2020-11-09";12;70;50;90
"2020-11-10";12;84;60;107
"2020-11-11";12;63;45;81
"2020-11-12";12;58;38;77
"2020-11-13";12;66;46;90
"2020-11-14";12;63;42;84
"2020-11-15";12;68;46;91
"2020-11-16";12;78;55;103
"2020-11-17";12;98;74;127
"2020-11-18";12;89;68;120
"2020-11-19";12;86;64;109
"2020-11-20";12;86;64;110
"2020-11-21";12;79;55;107
"2020-11-22";12;97;74;126
"2020-11-23";12;101;78;131
"2020-11-24";12;87;65;116
"2020-11-25";12;84;64;111
"2020-11-26";12;105;73;140
"2020-11-27";12;93;56;141
"2020-11-28";12;84;43;156
