fecha_primeros_sintomas;region;prop3d
2020-03-16;01;NA
2020-03-18;01;NA
2020-03-19;01;NA
2020-03-21;01;NA
2020-03-22;01;NA
2020-03-23;01;NA
2020-03-24;01;0
2020-03-25;01;0
2020-03-26;01;0
2020-03-28;01;0
2020-03-29;01;0
2020-03-30;01;0
2020-03-31;01;0
2020-04-01;01;0.0571428571428571
2020-04-02;01;0.0571428571428571
2020-04-03;01;0.0571428571428571
2020-04-04;01;0.0571428571428571
2020-04-05;01;0.104761904761905
2020-04-07;01;0.104761904761905
2020-04-09;01;0.104761904761905
2020-04-10;01;0.119047619047619
2020-04-11;01;0.119047619047619
2020-04-13;01;0.154761904761905
2020-04-14;01;0.226190476190476
2020-04-15;01;0.207142857142857
2020-04-16;01;0.207142857142857
2020-04-17;01;0.278571428571429
2020-04-18;01;0.207142857142857
2020-04-19;01;0.227551020408163
2020-04-20;01;0.191836734693878
2020-04-21;01;0.173979591836735
2020-04-22;01;0.145408163265306
2020-04-23;01;0.202551020408163
2020-04-24;01;0.131122448979592
2020-04-25;01;0.171938775510204
2020-04-26;01;0.199149659863946
2020-04-27;01;0.215956382553021
2020-04-28;01;0.206340997937637
2020-04-29;01;0.225388616985256
2020-04-30;01;0.200713292309931
2020-05-01;01;0.210565509058699
2020-05-02;01;0.194959266561701
2020-05-03;01;0.175911647514082
2020-05-04;01;0.176526527612462
2020-05-05;01;0.171531522617457
2020-05-06;01;0.176874147472277
2020-05-07;01;0.159184940127898
2020-05-08;01;0.149332723379129
2020-05-09;01;0.142437657660534
2020-05-10;01;0.131410088738228
2020-05-11;01;0.136097329488187
2020-05-12;01;0.118985030022946
2020-05-13;01;0.138148793089148
2020-05-14;01;0.167636061527364
2020-05-15;01;0.185951079842382
2020-05-16;01;0.189744905064779
2020-05-17;01;0.209877654520836
2020-05-18;01;0.221382256361573
2020-05-19;01;0.228988597867247
2020-05-20;01;0.206511874270971
2020-05-21;01;0.189718808182131
2020-05-22;01;0.186931740177671
2020-05-23;01;0.1795621256652
2020-05-24;01;0.172280653338135
2020-05-25;01;0.168480872556257
2020-05-26;01;0.176543829072821
2020-05-27;01;0.190140609500733
2020-05-28;01;0.192971112331236
2020-05-29;01;0.207838298798793
2020-05-30;01;0.220454692874153
2020-05-31;01;0.234151266854415
2020-06-01;01;0.23086821450304
2020-06-02;01;0.222242632843751
2020-06-03;01;0.232946720303977
2020-06-04;01;0.25078033596368
2020-06-05;01;0.241393602546909
2020-06-06;01;0.247500012908638
2020-06-07;01;0.236061363374751
2020-06-08;01;0.264118439863883
2020-06-09;01;0.301800186501668
2020-06-10;01;0.305202523046042
2020-06-11;01;0.307486045150536
2020-06-12;01;0.337380761657828
2020-06-13;01;0.349774107384507
2020-06-14;01;0.364087778058256
2020-06-15;01;0.362060736224495
2020-06-16;01;0.35262939087082
2020-06-17;01;0.35950753015314
2020-06-18;01;0.359280412278964
2020-06-19;01;0.355996340029374
2020-06-20;01;0.369842453377975
2020-06-21;01;0.370494769098784
2020-06-22;01;0.357872678266103
2020-06-23;01;0.352317122710547
2020-06-24;01;0.362295561260414
2020-06-25;01;0.364580645178151
2020-06-26;01;0.350443740416247
2020-06-27;01;0.343123200259886
2020-06-28;01;0.329789866926552
2020-06-29;01;0.322638196104866
2020-06-30;01;0.321143658896043
2020-07-01;01;0.307141705135053
2020-07-02;01;0.31114197633988
2020-07-03;01;0.332604888427792
2020-07-04;01;0.316698100180578
2020-07-05;01;0.347629777199212
2020-07-06;01;0.378672679187353
2020-07-07;01;0.386691294954153
2020-07-08;01;0.371337362216399
2020-07-09;01;0.344079736121564
2020-07-10;01;0.309542844441815
2020-07-11;01;0.280587477300557
2020-07-12;01;0.270315140941264
2020-07-13;01;0.247301680237834
2020-07-14;01;0.234486467339942
2020-07-15;01;0.246837507046605
2020-07-16;01;0.267742041109034
2020-07-17;01;0.275905306415157
2020-07-18;01;0.303515315043284
2020-07-19;01;0.317141688669658
2020-07-20;01;0.326159249182235
2020-07-21;01;0.309434510506277
2020-07-22;01;0.309909434518435
2020-07-23;01;0.316473463638855
2020-07-24;01;0.339489336654728
2020-07-25;01;0.366136592810181
2020-07-26;01;0.372395096211541
2020-07-27;01;0.372344758951902
2020-07-28;01;0.40091618752333
2020-07-29;01;0.38122080937207
2020-07-30;01;0.370124172135615
2020-07-31;01;0.384470936482379
2020-08-01;01;0.35585814001244
2020-08-02;01;0.325245895114481
2020-08-03;01;0.305224250092836
2020-08-04;01;0.291732186600772
2020-08-05;01;0.319463279037747
2020-08-06;01;0.328815628815629
2020-08-07;01;0.299616256759114
2020-08-08;01;0.333119658119658
2020-08-09;01;0.345380376360443
2020-08-10;01;0.36252678716357
2020-08-11;01;0.380100483308695
2020-08-12;01;0.377668872366446
2020-08-13;01;0.372723817421391
2020-08-14;01;0.385823010587029
2020-08-15;01;0.377979873332127
2020-08-16;01;0.36912051563556
2020-08-17;01;0.399135276993605
2020-08-18;01;0.409339358626258
2020-08-19;01;0.424015867527691
2020-08-20;01;0.421634915146738
2020-08-21;01;0.426746083048604
2020-08-22;01;0.424045002616431
2020-03-10;02;NA
2020-03-15;02;NA
2020-03-16;02;NA
2020-03-19;02;NA
2020-03-20;02;0
2020-03-21;02;0
2020-03-23;02;0
2020-03-24;02;0
2020-03-25;02;0
2020-03-27;02;0
2020-03-28;02;0.0714285714285714
2020-03-29;02;0.0714285714285714
2020-03-30;02;0.0714285714285714
2020-03-31;02;0.142857142857143
2020-04-01;02;0.142857142857143
2020-04-02;02;0.142857142857143
2020-04-03;02;0.163265306122449
2020-04-04;02;0.0918367346938775
2020-04-05;02;0.0918367346938775
2020-04-06;02;0.0918367346938775
2020-04-07;02;0.0561224489795918
2020-04-08;02;0.0561224489795918
2020-04-09;02;0.0561224489795918
2020-04-10;02;0.0561224489795918
2020-04-11;02;0.0799319727891157
2020-04-12;02;0.0799319727891157
2020-04-13;02;0.151360544217687
2020-04-14;02;0.115646258503401
2020-04-15;02;0.115646258503401
2020-04-16;02;0.115646258503401
2020-04-17;02;0.0952380952380952
2020-04-18;02;0.112244897959184
2020-04-19;02;0.126530612244898
2020-04-20;02;0.0836734693877551
2020-04-21;02;0.099546485260771
2020-04-22;02;0.13015873015873
2020-04-23;02;0.142063492063492
2020-04-24;02;0.152267573696145
2020-04-25;02;0.129308390022676
2020-04-26;02;0.115022675736961
2020-04-27;02;0.101229572288686
2020-04-28;02;0.100394150400632
2020-04-29;02;0.079985987135326
2020-04-30;02;0.108897551761176
2020-05-01;02;0.110355277708698
2020-05-02;02;0.101244490536687
2020-05-03;02;0.106535495827692
2020-05-04;02;0.118391553271125
2020-05-05;02;0.129988341852749
2020-05-06;02;0.131212831648667
2020-05-07;02;0.0999203146418643
2020-05-08;02;0.105802366710812
2020-05-09;02;0.123295078081075
2020-05-10;02;0.146107117286556
2020-05-11;02;0.144682818753584
2020-05-12;02;0.135191293329855
2020-05-13;02;0.129715102853665
2020-05-14;02;0.126887721901284
2020-05-15;02;0.114269970626545
2020-05-16;02;0.0899106028192718
2020-05-17;02;0.069133565648792
2020-05-18;02;0.0632285009201978
2020-05-19;02;0.0649932068025508
2020-05-20;02;0.0663294555877792
2020-05-21;02;0.0646164157206695
2020-05-22;02;0.0662584518454643
2020-05-23;02;0.0663092545278459
2020-05-24;02;0.0622673194514281
2020-05-25;02;0.0553249375090461
2020-05-26;02;0.0417578284224208
2020-05-27;02;0.0442731202534389
2020-05-28;02;0.0538399960993846
2020-05-29;02;0.0513149782848417
2020-05-30;02;0.0564267298754665
2020-05-31;02;0.0610166733739085
2020-06-01;02;0.0564333853747789
2020-06-02;02;0.0640017094052131
2020-06-03;02;0.0671010136430372
2020-06-04;02;0.0610541504533169
2020-06-05;02;0.0787659186200224
2020-06-06;02;0.0864752178939266
2020-06-07;02;0.0950514185961116
2020-06-08;02;0.105705248956106
2020-06-09;02;0.109463137653754
2020-06-10;02;0.117589643536932
2020-06-11;02;0.130711406003387
2020-06-12;02;0.12377132596686
2020-06-13;02;0.13028223164359
2020-06-14;02;0.148525892744394
2020-06-15;02;0.162842571857707
2020-06-16;02;0.174471281312503
2020-06-17;02;0.182970679710662
2020-06-18;02;0.20301218255033
2020-06-19;02;0.221772087946181
2020-06-20;02;0.224962653927444
2020-06-21;02;0.223930516934716
2020-06-22;02;0.227955764179937
2020-06-23;02;0.230041771381034
2020-06-24;02;0.231324966223217
2020-06-25;02;0.217239629118078
2020-06-26;02;0.217322350941818
2020-06-27;02;0.223060784515303
2020-06-28;02;0.221799633058631
2020-06-29;02;0.216770558722626
2020-06-30;02;0.229451376357004
2020-07-01;02;0.23331311522731
2020-07-02;02;0.242598145112787
2020-07-03;02;0.239767770747554
2020-07-04;02;0.250846153990886
2020-07-05;02;0.257482109739764
2020-07-06;02;0.27335512561278
2020-07-07;02;0.272866245374858
2020-07-08;02;0.2824399691852
2020-07-09;02;0.303142906113462
2020-07-10;02;0.311653312564372
2020-07-11;02;0.321324778049791
2020-07-12;02;0.332340370842671
2020-07-13;02;0.32885605028518
2020-07-14;02;0.334775521178222
2020-07-15;02;0.333237601019738
2020-07-16;02;0.313262289606877
2020-07-17;02;0.318969860531839
2020-07-18;02;0.324678800081998
2020-07-19;02;0.329460717272674
2020-07-20;02;0.32842943848698
2020-07-21;02;0.323275330663044
2020-07-22;02;0.326947652450241
2020-07-23;02;0.340782238916406
2020-07-24;02;0.348118146252313
2020-07-25;02;0.333393365785404
2020-07-26;02;0.319655201362308
2020-07-27;02;0.332870434405127
2020-07-28;02;0.343103179188434
2020-07-29;02;0.340677033905146
2020-07-30;02;0.321901523701064
2020-07-31;02;0.310104986904527
2020-08-01;02;0.303893806780304
2020-08-02;02;0.303614242899957
2020-08-03;02;0.294423691183632
2020-08-04;02;0.304535567259364
2020-08-05;02;0.342212176364544
2020-08-06;02;0.367203225415744
2020-08-07;02;0.371731591786215
2020-08-08;02;0.383033580936306
2020-08-09;02;0.387227039141506
2020-08-10;02;0.38892350266754
2020-08-11;02;0.384580857361039
2020-08-12;02;0.360640511992122
2020-08-13;02;0.355991793421502
2020-08-14;02;0.353207053794657
2020-08-15;02;0.331700983011914
2020-08-16;02;0.32459207291167
2020-08-17;02;0.32576747978328
2020-08-18;02;0.315299000893748
2020-08-19;02;0.322541758136505
2020-08-20;02;0.302513399398469
2020-08-21;02;0.293407948432553
2020-08-22;02;0.305164825096262
2020-03-10;03;NA
2020-03-23;03;NA
2020-03-26;03;NA
2020-03-28;03;NA
2020-04-02;03;NA
2020-04-06;03;0.142857142857143
2020-04-07;03;0.142857142857143
2020-04-08;03;0.142857142857143
2020-04-10;03;0.142857142857143
2020-04-15;03;0
2020-04-16;03;0
2020-04-17;03;0
2020-04-18;03;0
2020-04-19;03;0
2020-04-20;03;0
2020-04-21;03;0
2020-04-22;03;0
2020-04-23;03;0
2020-04-24;03;0
2020-04-25;03;NA
2020-04-26;03;NA
2020-04-27;03;NA
2020-04-28;03;NA
2020-04-29;03;NA
2020-04-30;03;NA
2020-05-01;03;NA
2020-05-02;03;0.30952380952381
2020-05-03;03;0.452380952380952
2020-05-04;03;0.523809523809524
2020-05-05;03;0.452380952380952
2020-05-06;03;0.404761904761905
2020-05-07;03;0.547619047619048
2020-05-08;03;0.595238095238095
2020-05-09;03;0.595238095238095
2020-05-10;03;0.452380952380952
2020-05-11;03;0.30952380952381
2020-05-12;03;0.285714285714286
2020-05-13;03;0.285714285714286
2020-05-14;03;0.285714285714286
2020-05-15;03;0.19047619047619
2020-05-16;03;0.261904761904762
2020-05-17;03;0.357142857142857
2020-05-18;03;0.464285714285714
2020-05-19;03;0.445238095238095
2020-05-20;03;0.516666666666667
2020-05-21;03;0.445238095238095
2020-05-22;03;0.480952380952381
2020-05-23;03;0.480952380952381
2020-05-24;03;0.433333333333333
2020-05-25;03;0.357936507936508
2020-05-26;03;0.376984126984127
2020-05-27;03;0.359126984126984
2020-05-28;03;0.303571428571429
2020-05-29;03;0.308673469387755
2020-05-30;03;0.284863945578231
2020-05-31;03;0.328153988868275
2020-06-01;03;0.337224283652855
2020-06-02;03;0.325319521748093
2020-06-03;03;0.311430632859204
2020-06-04;03;0.318114007963632
2020-06-05;03;0.300154824290163
2020-06-06;03;0.294202443337782
2020-06-07;03;0.235760884896223
2020-06-08;03;0.242563605984659
2020-06-09;03;0.213342826763879
2020-06-10;03;0.192293827454011
2020-06-11;03;0.181642198381329
2020-06-12;03;0.164499341238472
2020-06-13;03;0.12812367986281
2020-06-14;03;0.1176341693733
2020-06-15;03;0.101265121754252
2020-06-16;03;0.135587941791358
2020-06-17;03;0.124473198411168
2020-06-18;03;0.118282722220692
2020-06-19;03;0.139023462961433
2020-06-20;03;0.150875314813285
2020-06-21;03;0.166712418885683
2020-06-22;03;0.149748133171397
2020-06-23;03;0.127979425688404
2020-06-24;03;0.161276955226535
2020-06-25;03;0.192599706549286
2020-06-26;03;0.22629505603411
2020-06-27;03;0.244866484605538
2020-06-28;03;0.24786768508573
2020-06-29;03;0.313581970800016
2020-06-30;03;0.340752839147355
2020-07-01;03;0.343587306267536
2020-07-02;03;0.334200038815753
2020-07-03;03;0.323029254712638
2020-07-04;03;0.356579038262421
2020-07-05;03;0.364742303568544
2020-07-06;03;0.348234367060607
2020-07-07;03;0.37140363476769
2020-07-08;03;0.380133793497849
2020-07-09;03;0.423912595341167
2020-07-10;03;0.414933003504432
2020-07-11;03;0.396689342403628
2020-07-12;03;0.429342403628118
2020-07-13;03;0.417437641723356
2020-07-14;03;0.413983952555381
2020-07-15;03;0.391014764880311
2020-07-16;03;0.383078256943803
2020-07-17;03;0.382039295904842
2020-07-18;03;0.376733173455863
2020-07-19;03;0.351306609387612
2020-07-20;03;0.334969771622203
2020-07-21;03;0.34156317821561
2020-07-22;03;0.35500855636687
2020-07-23;03;0.331992683350997
2020-07-24;03;0.31373557813737
2020-07-25;03;0.287068911470704
2020-07-26;03;0.267053298668205
2020-07-27;03;0.277721202193252
2020-07-28;03;0.23098738045943
2020-07-29;03;0.212974958099182
2020-07-30;03;0.181002168983535
2020-07-31;03;0.182276257214145
2020-08-01;03;0.186792702967705
2020-08-02;03;0.174110364209416
2020-08-03;03;0.168320407777405
2020-08-04;03;0.158254148857936
2020-08-05;03;0.166677530122294
2020-08-06;03;0.227247912121247
2020-08-07;03;0.238779590319592
2020-08-08;03;0.251462860273211
2020-08-09;03;0.277841344156216
2020-08-10;03;0.275942309498833
2020-08-11;03;0.308732437840286
2020-08-12;03;0.318591020715152
2020-08-13;03;0.306660094498511
2020-08-14;03;0.32917280328573
2020-08-15;03;0.34054451614998
2020-08-16;03;0.306530910707803
2020-08-17;03;0.326743092891817
2020-08-18;03;0.339450062472101
2020-08-19;03;0.35346623497884
2020-08-20;03;0.339450062472101
2020-08-21;03;0.334856224937087
2020-08-22;03;0.318983209064072
2020-03-12;04;NA
2020-03-13;04;NA
2020-03-14;04;NA
2020-03-17;04;NA
2020-03-18;04;0.0285714285714286
2020-03-19;04;NA
2020-03-20;04;NA
2020-03-21;04;NA
2020-03-22;04;NA
2020-03-24;04;NA
2020-03-25;04;NA
2020-03-26;04;NA
2020-03-27;04;0.0714285714285714
2020-03-28;04;0.142857142857143
2020-03-29;04;0.142857142857143
2020-03-30;04;0.142857142857143
2020-04-01;04;0.142857142857143
2020-04-02;04;0.142857142857143
2020-04-03;04;0.142857142857143
2020-04-04;04;0.214285714285714
2020-04-07;04;0.285714285714286
2020-04-08;04;0.285714285714286
2020-04-09;04;0.357142857142857
2020-04-10;04;0.357142857142857
2020-04-13;04;0.357142857142857
2020-04-14;04;0.357142857142857
2020-04-15;04;0.214285714285714
2020-04-16;04;0.119047619047619
2020-04-17;04;0.119047619047619
2020-04-18;04;0.0476190476190476
2020-04-20;04;0.0476190476190476
2020-04-21;04;0.0476190476190476
2020-04-23;04;0.0476190476190476
2020-04-24;04;0.0476190476190476
2020-04-25;04;0
2020-04-26;04;0
2020-04-27;04;0
2020-04-28;04;0.0476190476190476
2020-04-29;04;0.108843537414966
2020-04-30;04;0.144557823129252
2020-05-01;04;0.144557823129252
2020-05-02;04;0.144557823129252
2020-05-03;04;0.144557823129252
2020-05-04;04;0.144557823129252
2020-05-05;04;0.106462585034014
2020-05-06;04;0.0531746031746032
2020-05-07;04;0.0174603174603175
2020-05-08;04;0.0174603174603175
2020-05-09;04;0.0174603174603175
2020-05-10;04;0.0242630385487528
2020-05-11;04;0.0284647192210217
2020-05-12;04;0.0189409096972122
2020-05-13;04;0.0185231987531855
2020-05-14;04;0.0260419957456667
2020-05-15;04;0.0379467576504286
2020-05-16;04;0.0522324719361429
2020-05-17;04;0.0522324719361429
2020-05-18;04;0.048030791263874
2020-05-19;04;0.048030791263874
2020-05-20;04;0.0405119942713928
2020-05-21;04;0.0482993197278912
2020-05-22;04;0.0439133548156105
2020-05-23;04;0.0296276405298962
2020-05-24;04;0.0410620015083301
2020-05-25;04;0.0538171035491464
2020-05-26;04;0.083295561599033
2020-05-27;04;0.0913818149683053
2020-05-28;04;0.0825691990128322
2020-05-29;04;0.0836218305917796
2020-05-30;04;0.0910109931533559
2020-05-31;04;0.0855670880587681
2020-06-01;04;0.0908951686580964
2020-06-02;04;0.0825807317722309
2020-06-03;04;0.0941023215402136
2020-06-04;04;0.103781321785252
2020-06-05;04;0.106638464642394
2020-06-06;04;0.118156865106028
2020-06-07;04;0.15978545684123
2020-06-08;04;0.182214001279976
2020-06-09;04;0.190035487362332
2020-06-10;04;0.18520596934823
2020-06-11;04;0.193349572032178
2020-06-12;04;0.203899022581628
2020-06-13;04;0.224400326551492
2020-06-14;04;0.224773078391954
2020-06-15;04;0.21827495675524
2020-06-16;04;0.251911758706515
2020-06-17;04;0.27503430821893
2020-06-18;04;0.308468958674858
2020-06-19;04;0.32890165098255
2020-06-20;04;0.322656049293598
2020-06-21;04;0.300828561712686
2020-06-22;04;0.306993527699081
2020-06-23;04;0.273426908574068
2020-06-24;04;0.283995421693602
2020-06-25;04;0.275768471338992
2020-06-26;04;0.289537532334177
2020-06-27;04;0.286986511926013
2020-06-28;04;0.293428345954054
2020-06-29;04;0.29028681156252
2020-06-30;04;0.310492205233723
2020-07-01;04;0.311782047013131
2020-07-02;04;0.312144858804515
2020-07-03;04;0.30290385903382
2020-07-04;04;0.303409011589892
2020-07-05;04;0.304178716023389
2020-07-06;04;0.320270368478678
2020-07-07;04;0.301366427591979
2020-07-08;04;0.276451918554362
2020-07-09;04;0.241803392477265
2020-07-10;04;0.207022671678307
2020-07-11;04;0.190034002638719
2020-07-12;04;0.177505200795401
2020-07-13;04;0.150728799791286
2020-07-14;04;0.153241442016317
2020-07-15;04;0.154370747493449
2020-07-16;04;0.183205600583621
2020-07-17;04;0.19617982100465
2020-07-18;04;0.214451681691827
2020-07-19;04;0.215677292045784
2020-07-20;04;0.23590885448925
2020-07-21;04;0.248151851361963
2020-07-22;04;0.270810044232921
2020-07-23;04;0.273353637258037
2020-07-24;04;0.299434300131153
2020-07-25;04;0.324656760249221
2020-07-26;04;0.356143553348241
2020-07-27;04;0.350534231763186
2020-07-28;04;0.348610818579063
2020-07-29;04;0.344729030026677
2020-07-30;04;0.336635763151624
2020-07-31;04;0.335046885296609
2020-08-01;04;0.308832144080974
2020-08-02;04;0.277842467704961
2020-08-03;04;0.256709208199609
2020-08-04;04;0.243595027398769
2020-08-05;04;0.24077006294468
2020-08-06;04;0.242539828759389
2020-08-07;04;0.221827333234864
2020-08-08;04;0.243050604178179
2020-08-09;04;0.243440012277868
2020-08-10;04;0.265690579171292
2020-08-11;04;0.288336479636741
2020-08-12;04;0.298956169791664
2020-08-13;04;0.296990655631028
2020-08-14;04;0.30422366931843
2020-08-15;04;0.283020661799633
2020-08-16;04;0.287952634588749
2020-08-17;04;0.299642310459097
2020-08-18;04;0.313676896256033
2020-08-19;04;0.331892754948849
2020-08-20;04;0.341757999900782
2020-08-21;04;0.350160272585993
2020-08-22;04;0.38498428914914
2020-03-10;05;NA
2020-03-12;05;NA
2020-03-13;05;NA
2020-03-14;05;0
2020-03-15;05;0
2020-03-16;05;0
2020-03-17;05;0.0119047619047619
2020-03-18;05;0.0119047619047619
2020-03-19;05;0.022108843537415
2020-03-20;05;0.041156462585034
2020-03-21;05;0.0554421768707483
2020-03-22;05;0.0554421768707483
2020-03-23;05;0.0554421768707483
2020-03-24;05;0.0435374149659864
2020-03-25;05;0.0703231292517007
2020-03-26;05;0.0601190476190476
2020-03-27;05;0.0540584415584416
2020-03-28;05;0.0826298701298701
2020-03-29;05;0.137574925074925
2020-03-30;05;0.244717782217782
2020-03-31;05;0.273289210789211
2020-04-01;05;0.275074925074925
2020-04-02;05;0.328646353646354
2020-04-03;05;0.339468864468864
2020-04-04;05;0.317019884877028
2020-04-05;05;0.262074829931973
2020-04-06;05;0.154931972789116
2020-04-07;05;0.126360544217687
2020-04-08;05;0.0977891156462585
2020-04-09;05;0.0701917130488559
2020-04-10;05;0.0463821892393321
2020-04-11;05;0.0616883116883117
2020-04-12;05;0.109307359307359
2020-04-13;05;0.109307359307359
2020-04-14;05;0.180735930735931
2020-04-15;05;0.252164502164502
2020-04-16;05;0.267006802721088
2020-04-17;05;0.287414965986395
2020-04-18;05;0.272108843537415
2020-04-19;05;0.295918367346939
2020-04-20;05;0.295918367346939
2020-04-21;05;0.256235827664399
2020-04-22;05;0.184807256235828
2020-04-23;05;0.179705215419501
2020-04-24;05;0.206916099773243
2020-04-25;05;0.216583124477861
2020-04-26;05;0.174711203295595
2020-04-27;05;0.210425489009881
2020-04-28;05;0.213428492012884
2020-04-29;05;0.237818735915323
2020-04-30;05;0.21996159305818
2020-05-01;05;0.184587443398316
2020-05-02;05;0.161901417989968
2020-05-03;05;0.144949809760469
2020-05-04;05;0.120224535035194
2020-05-05;05;0.111116525927185
2020-05-06;05;0.103289429022676
2020-05-07;05;0.111545957440495
2020-05-08;05;0.12852183870209
2020-05-09;05;0.140040239165724
2020-05-10;05;0.14221352227207
2020-05-11;05;0.149959874280717
2020-05-12;05;0.145075869396712
2020-05-13;05;0.145869197699183
2020-05-14;05;0.127918791730344
2020-05-15;05;0.110602774414327
2020-05-16;05;0.0975261151792039
2020-05-17;05;0.0969321872191718
2020-05-18;05;0.0839883300130195
2020-05-19;05;0.0727551187798082
2020-05-20;05;0.0612809964205842
2020-05-21;05;0.0597843977811284
2020-05-22;05;0.0553547189328449
2020-05-23;05;0.0615962497504033
2020-05-24;05;0.0507731971250979
2020-05-25;05;0.0623158216384337
2020-05-26;05;0.0772818080329915
2020-05-27;05;0.0992740195517453
2020-05-28;05;0.107521010655879
2020-05-29;05;0.124827268707273
2020-05-30;05;0.132147206433176
2020-05-31;05;0.166052942640702
2020-06-01;05;0.17147481739275
2020-06-02;05;0.171005249034434
2020-06-03;05;0.1720292669082
2020-06-04;05;0.190173460377069
2020-06-05;05;0.180015291372684
2020-06-06;05;0.199042832459049
2020-06-07;05;0.199829401121069
2020-06-08;05;0.211904289552316
2020-06-09;05;0.229677375062174
2020-06-10;05;0.237207364157049
2020-06-11;05;0.247289541205922
2020-06-12;05;0.260117349494592
2020-06-13;05;0.251152517076151
2020-06-14;05;0.250513833655185
2020-06-15;05;0.23780896229307
2020-06-16;05;0.229666442873955
2020-06-17;05;0.228952157159669
2020-06-18;05;0.224530419925865
2020-06-19;05;0.230619812204516
2020-06-20;05;0.245078016361465
2020-06-21;05;0.255494683028131
2020-06-22;05;0.273018806674704
2020-06-23;05;0.290530803721585
2020-06-24;05;0.289856949274145
2020-06-25;05;0.286512807879269
2020-06-26;05;0.291861324097351
2020-06-27;05;0.273922064912956
2020-06-28;05;0.266295735938252
2020-06-29;05;0.28435143112273
2020-06-30;05;0.293073200309615
2020-07-01;05;0.303904328675796
2020-07-02;05;0.308841352990473
2020-07-03;05;0.314645201531751
2020-07-04;05;0.328609731625314
2020-07-05;05;0.343781635009556
2020-07-06;05;0.328852226659425
2020-07-07;05;0.319517117324316
2020-07-08;05;0.329546178809301
2020-07-09;05;0.340489094256789
2020-07-10;05;0.338653499683764
2020-07-11;05;0.34708389749694
2020-07-12;05;0.345970256325813
2020-07-13;05;0.343787110213798
2020-07-14;05;0.348264114690802
2020-07-15;05;0.332679006280941
2020-07-16;05;0.326586207181493
2020-07-17;05;0.33033494071746
2020-07-18;05;0.338187184993378
2020-07-19;05;0.344606299253611
2020-07-20;05;0.351632060377733
2020-07-21;05;0.349426733802659
2020-07-22;05;0.363420548131108
2020-07-23;05;0.37000278986702
2020-07-24;05;0.371348961425957
2020-07-25;05;0.360058638845312
2020-07-26;05;0.344614053931701
2020-07-27;05;0.352550561868209
2020-07-28;05;0.353300861988257
2020-07-29;05;0.346173710574199
2020-07-30;05;0.337647465430473
2020-07-31;05;0.325912721301362
2020-08-01;05;0.333502854128687
2020-08-02;05;0.33652730715314
2020-08-03;05;0.336909789463333
2020-08-04;05;0.34545016213414
2020-08-05;05;0.355410843654455
2020-08-06;05;0.362245694383068
2020-08-07;05;0.376909016783222
2020-08-08;05;0.381337815329668
2020-08-09;05;0.384662568654421
2020-08-10;05;0.37811662805311
2020-08-11;05;0.380555091361138
2020-08-12;05;0.376207265274182
2020-08-13;05;0.368708319120165
2020-08-14;05;0.35184129833925
2020-08-15;05;0.340068536566488
2020-08-16;05;0.348876124642369
2020-08-17;05;0.34442784760265
2020-08-18;05;0.328749763503514
2020-08-19;05;0.320399176892057
2020-08-20;05;0.313560271116981
2020-08-21;05;0.305785732730198
2020-08-22;05;0.308560735505201
2020-03-15;06;NA
2020-03-16;06;NA
2020-03-20;06;NA
2020-03-23;06;NA
2020-03-24;06;NA
2020-03-27;06;0
2020-03-28;06;0.142857142857143
2020-03-30;06;NA
2020-03-31;06;NA
2020-04-01;06;NA
2020-04-05;06;NA
2020-04-06;06;NA
2020-04-11;06;NA
2020-04-12;06;NA
2020-04-13;06;0.214285714285714
2020-04-14;06;0.214285714285714
2020-04-16;06;0.0714285714285714
2020-04-19;06;0.142857142857143
2020-04-20;06;0.257142857142857
2020-04-21;06;0.304761904761905
2020-04-22;06;0.352380952380952
2020-04-23;06;0.495238095238095
2020-04-24;06;0.495238095238095
2020-04-25;06;0.495238095238095
2020-04-26;06;0.352380952380952
2020-04-27;06;0.273809523809524
2020-04-28;06;0.297619047619048
2020-04-29;06;0.25
2020-04-30;06;0.121428571428571
2020-05-01;06;0.121428571428571
2020-05-02;06;0.121428571428571
2020-05-03;06;0.15
2020-05-04;06;0.174193548387097
2020-05-05;06;0.135732009925558
2020-05-06;06;0.155436443423095
2020-05-07;06;0.159784269510052
2020-05-08;06;0.172771282497065
2020-05-09;06;0.198745308471091
2020-05-10;06;0.207440960645004
2020-05-11;06;0.151394130404625
2020-05-12;06;0.123529138253919
2020-05-13;06;0.103824704756382
2020-05-14;06;0.0964693598724328
2020-05-15;06;0.0834823468854198
2020-05-16;06;0.0575083209113938
2020-05-17;06;0.0202412401660522
2020-05-18;06;0.0235230934479055
2020-05-19;06;0.0235230934479055
2020-05-20;06;0.0391075090323211
2020-05-21;06;0.0466972380719011
2020-05-22;06;0.052263100780621
2020-05-23;06;0.0548605033780236
2020-05-24;06;0.0594687983088992
2020-05-25;06;0.0606315890065736
2020-05-26;06;0.067191355770422
2020-05-27;06;0.0716962259002921
2020-05-28;06;0.0574365963028658
2020-05-29;06;0.0606890757458214
2020-05-30;06;0.0766101916669374
2020-05-31;06;0.112818223266674
2020-06-01;06;0.118564097674386
2020-06-02;06;0.122208412543191
2020-06-03;06;0.106583412543191
2020-06-04;06;0.118395478860263
2020-06-05;06;0.119429353457356
2020-06-06;06;0.111795188680334
2020-06-07;06;0.0893274860029324
2020-06-08;06;0.0920308138428723
2020-06-09;06;0.087010405679607
2020-06-10;06;0.100913466904097
2020-06-11;06;0.111094090877824
2020-06-12;06;0.111266936785697
2020-06-13;06;0.126424249710867
2020-06-14;06;0.155211231368896
2020-06-15;06;0.186274671776828
2020-06-16;06;0.236654319526339
2020-06-17;06;0.277057316168033
2020-06-18;06;0.28522579428725
2020-06-19;06;0.327208631564776
2020-06-20;06;0.355562569293713
2020-06-21;06;0.378885916594367
2020-06-22;06;0.376923005286965
2020-06-23;06;0.364775163467374
2020-06-24;06;0.364541405252757
2020-06-25;06;0.389607394417475
2020-06-26;06;0.392794299678113
2020-06-27;06;0.381876956152074
2020-06-28;06;0.377352069274246
2020-06-29;06;0.390104748693592
2020-06-30;06;0.402360709140942
2020-07-01;06;0.400055126814602
2020-07-02;06;0.393524578360165
2020-07-03;06;0.380623006248066
2020-07-04;06;0.385513699259266
2020-07-05;06;0.401397815143382
2020-07-06;06;0.409953935639801
2020-07-07;06;0.420609026405389
2020-07-08;06;0.417288076275928
2020-07-09;06;0.42087318486698
2020-07-10;06;0.431140598684543
2020-07-11;06;0.444370596310987
2020-07-12;06;0.432727853089296
2020-07-13;06;0.426052734473879
2020-07-14;06;0.407255741992676
2020-07-15;06;0.413169218494388
2020-07-16;06;0.416279205852163
2020-07-17;06;0.422463552276326
2020-07-18;06;0.427868393436627
2020-07-19;06;0.433323206940976
2020-07-20;06;0.433122481969609
2020-07-21;06;0.451919474450812
2020-07-22;06;0.478810230753333
2020-07-23;06;0.459935771878874
2020-07-24;06;0.452363486443567
2020-07-25;06;0.451895897298563
2020-07-26;06;0.434301359483437
2020-07-27;06;0.430192799246642
2020-07-28;06;0.430192799246642
2020-07-29;06;0.423369771528092
2020-07-30;06;0.428249073017563
2020-07-31;06;0.407151553098362
2020-08-01;06;0.380024216570931
2020-08-02;06;0.371591676888391
2020-08-03;06;0.38839326806712
2020-08-04;06;0.379735259409111
2020-08-05;06;0.362382462951837
2020-08-06;06;0.386740093684373
2020-08-07;06;0.429227263991092
2020-08-08;06;0.479406774719989
2020-08-09;06;0.507086972482154
2020-08-10;06;0.502952421857294
2020-08-11;06;0.511610430515303
2020-08-12;06;0.49885245678172
2020-08-13;06;0.484512392397757
2020-08-14;06;0.465218799254285
2020-08-15;06;0.440362564387457
2020-08-16;06;0.430875802191609
2020-08-17;06;0.426131550459405
2020-08-18;06;0.414970836173691
2020-08-19;06;0.424301728514091
2020-08-20;06;0.423224374495561
2020-08-21;06;0.440285279692059
2020-08-22;06;0.423872464566009
2020-03-12;07;NA
2020-03-16;07;NA
2020-03-17;07;NA
2020-03-18;07;NA
2020-03-19;07;NA
2020-03-20;07;NA
2020-03-21;07;NA
2020-03-22;07;NA
2020-03-23;07;NA
2020-03-24;07;NA
2020-03-26;07;NA
2020-03-28;07;0.321428571428571
2020-03-30;07;0.321428571428571
2020-03-31;07;0.25
2020-04-01;07;0.25
2020-04-03;07;0.285714285714286
2020-04-05;07;0.285714285714286
2020-04-06;07;0.321428571428571
2020-04-07;07;0.25
2020-04-08;07;0.285714285714286
2020-04-09;07;0.214285714285714
2020-04-10;07;0.214285714285714
2020-04-11;07;0.25
2020-04-12;07;0.327922077922078
2020-04-13;07;0.363636363636364
2020-04-14;07;0.435064935064935
2020-04-15;07;0.524350649350649
2020-04-16;07;0.610064935064935
2020-04-17;07;0.610064935064935
2020-04-18;07;0.538636363636364
2020-04-19;07;0.460714285714286
2020-04-20;07;0.425
2020-04-22;07;0.353571428571429
2020-04-23;07;0.3
2020-04-24;07;0.261904761904762
2020-04-25;07;0.261904761904762
2020-04-26;07;0.30952380952381
2020-04-27;07;0.30952380952381
2020-04-28;07;0.238095238095238
2020-04-29;07;0.166666666666667
2020-04-30;07;0.0952380952380952
2020-05-01;07;0.0476190476190476
2020-05-02;07;0.0476190476190476
2020-05-03;07;0.0285714285714286
2020-05-04;07;0.0603174603174603
2020-05-05;07;0.0603174603174603
2020-05-06;07;0.0984126984126984
2020-05-07;07;0.109401709401709
2020-05-08;07;0.109401709401709
2020-05-09;07;0.146995694364115
2020-05-10;07;0.156519503887925
2020-05-11;07;0.132292269134374
2020-05-12;07;0.141508858996126
2020-05-13;07;0.103413620900887
2020-05-14;07;0.0924246099118765
2020-05-15;07;0.0924246099118765
2020-05-16;07;0.0711571555617153
2020-05-17;07;0.0968917047005198
2020-05-18;07;0.116845435180566
2020-05-19;07;0.153177499563121
2020-05-20;07;0.175310296343805
2020-05-21;07;0.218167439200948
2020-05-22;07;0.251649582058091
2020-05-23;07;0.263518540167651
2020-05-24;07;0.22166677491163
2020-05-25;07;0.212509265754121
2020-05-26;07;0.182659198636973
2020-05-27;07;0.167461214616345
2020-05-28;07;0.140477087632218
2020-05-29;07;0.133979071759202
2020-05-30;07;0.140266341658087
2020-05-31;07;0.162815221349824
2020-06-01;07;0.181499175285576
2020-06-02;07;0.209660237281225
2020-06-03;07;0.24312946492521
2020-06-04;07;0.260949171424161
2020-06-05;07;0.263985748373782
2020-06-06;07;0.265527834473589
2020-06-07;07;0.253413897989905
2020-06-08;07;0.250297709621918
2020-06-09;07;0.241036274784825
2020-06-10;07;0.224128474982288
2020-06-11;07;0.224972644290069
2020-06-12;07;0.216157297499179
2020-06-13;07;0.199340135851912
2020-06-14;07;0.197124615497428
2020-06-15;07;0.201742338200257
2020-06-16;07;0.22778132843664
2020-06-17;07;0.264263277584318
2020-06-18;07;0.284506192564075
2020-06-19;07;0.30316794505577
2020-06-20;07;0.342245976268255
2020-06-21;07;0.390215647339628
2020-06-22;07;0.430956212182587
2020-06-23;07;0.450602360671116
2020-06-24;07;0.458481313779077
2020-06-25;07;0.465870819288883
2020-06-26;07;0.488860852511474
2020-06-27;07;0.497802028982063
2020-06-28;07;0.494115987560172
2020-06-29;07;0.501674192804295
2020-06-30;07;0.49765292357455
2020-07-01;07;0.49777607628391
2020-07-02;07;0.503110688761379
2020-07-03;07;0.511682117332808
2020-07-04;07;0.508819433797855
2020-07-05;07;0.513883813862235
2020-07-06;07;0.509791304106834
2020-07-07;07;0.511306998103731
2020-07-08;07;0.518002027212554
2020-07-09;07;0.527544651522433
2020-07-10;07;0.512693166373918
2020-07-11;07;0.525998862065189
2020-07-12;07;0.517214422205983
2020-07-13;07;0.500741421522456
2020-07-14;07;0.49251251592513
2020-07-15;07;0.49024423625959
2020-07-16;07;0.493197687302928
2020-07-17;07;0.488847943572795
2020-07-18;07;0.469487078561048
2020-07-19;07;0.474713905820089
2020-07-20;07;0.491388302851629
2020-07-21;07;0.505041942445118
2020-07-22;07;0.49867263328439
2020-07-23;07;0.476708347570104
2020-07-24;07;0.486314693719541
2020-07-25;07;0.499434227247238
2020-07-26;07;0.519550281405845
2020-07-27;07;0.509049163150324
2020-07-28;07;0.496022089972875
2020-07-29;07;0.507906432045896
2020-07-30;07;0.52328341617288
2020-07-31;07;0.529680004659021
2020-08-01;07;0.517775242754259
2020-08-02;07;0.501036426015442
2020-08-03;07;0.506269132558453
2020-08-04;07;0.512698248827386
2020-08-05;07;0.492345467280574
2020-08-06;07;0.499019348954456
2020-08-07;07;0.483626645154474
2020-08-08;07;0.454322615850444
2020-08-09;07;0.440671822199651
2020-08-10;07;0.414980122594908
2020-08-11;07;0.381019490970421
2020-08-12;07;0.375764077894954
2020-08-13;07;0.330842332973209
2020-08-14;07;0.312925394508325
2020-08-15;07;0.329458861041791
2020-08-16;07;0.344696956279887
2020-08-17;07;0.384323995906926
2020-08-18;07;0.406441977427893
2020-08-19;07;0.428339596911025
2020-08-20;07;0.451145776238944
2020-08-21;07;0.485272760365928
2020-08-22;07;0.509948085041253
2020-03-10;08;NA
2020-03-11;08;NA
2020-03-12;08;NA
2020-03-13;08;0.0714285714285714
2020-03-14;08;0.0714285714285714
2020-03-15;08;0.0714285714285714
2020-03-16;08;0.0918367346938775
2020-03-17;08;0.139455782312925
2020-03-18;08;0.103741496598639
2020-03-19;08;0.11473050758765
2020-03-20;08;0.123133868932188
2020-03-21;08;0.180276726075045
2020-03-22;08;0.200684889340352
2020-03-23;08;0.200684889340352
2020-03-24;08;0.200684889340352
2020-03-25;08;0.185378766891372
2020-03-26;08;0.206135787648393
2020-03-27;08;0.249680478251907
2020-03-28;08;0.208410636982066
2020-03-29;08;0.241573902288188
2020-03-30;08;0.30907782693497
2020-03-31;08;0.344792112649256
2020-04-01;08;0.360098235098235
2020-04-02;08;0.328352203352203
2020-04-03;08;0.371642246642247
2020-04-04;08;0.441483516483517
2020-04-05;08;0.387912087912088
2020-04-06;08;0.385714285714286
2020-04-07;08;0.302380952380952
2020-04-08;08;0.314285714285714
2020-04-09;08;0.375510204081633
2020-04-10;08;0.359637188208617
2020-04-11;08;0.345351473922902
2020-04-12;08;0.416780045351474
2020-04-13;08;0.378684807256236
2020-04-14;08;0.450113378684807
2020-04-15;08;0.473922902494331
2020-04-16;08;0.546031746031746
2020-04-17;08;0.589115646258503
2020-04-18;08;0.624829931972789
2020-04-19;08;0.642687074829932
2020-04-20;08;0.709353741496599
2020-04-21;08;0.723639455782313
2020-04-22;08;0.723639455782313
2020-04-23;08;0.651530612244898
2020-04-24;08;0.600510204081633
2020-04-25;08;0.540986394557823
2020-04-26;08;0.487414965986395
2020-04-27;08;0.387414965986395
2020-04-28;08;0.333446712018141
2020-04-29;08;0.290589569160998
2020-04-30;08;0.253174603174603
2020-05-01;08;0.192735042735043
2020-05-02;08;0.165524158381301
2020-05-03;08;0.157020757020757
2020-05-04;08;0.214163614163614
2020-05-05;08;0.253846153846154
2020-05-06;08;0.299808886765408
2020-05-07;08;0.336438923395445
2020-05-08;08;0.36116419812072
2020-05-09;08;0.442796851181944
2020-05-10;08;0.465036516278752
2020-05-11;08;0.44329738584397
2020-05-12;08;0.439329131875716
2020-05-13;08;0.420695591503045
2020-05-14;08;0.397122390510489
2020-05-15;08;0.44798819137629
2020-05-16;08;0.424765109039907
2020-05-17;08;0.435054819329617
2020-05-18;08;0.42579664518219
2020-05-19;08;0.426907756293301
2020-05-20;08;0.427805758238972
2020-05-21;08;0.436574319426888
2020-05-22;08;0.408817762258566
2020-05-23;08;0.40346941602352
2020-05-24;08;0.420872013426118
2020-05-25;08;0.451189045899484
2020-05-26;08;0.46727370198414
2020-05-27;08;0.495061545085871
2020-05-28;08;0.526185686284639
2020-05-29;08;0.532297221807939
2020-05-30;08;0.534117409342412
2020-05-31;08;0.519474552199555
2020-06-01;08;0.506996929571556
2020-06-02;08;0.474782074571891
2020-06-03;08;0.455130673341543
2020-06-04;08;0.461704944841187
2020-06-05;08;0.468198451334694
2020-06-06;08;0.455408876045119
2020-06-07;08;0.466024736562554
2020-06-08;08;0.47455775976805
2020-06-09;08;0.502728775009589
2020-06-10;08;0.50372777600859
2020-06-11;08;0.499398771679586
2020-06-12;08;0.487970200251015
2020-06-13;08;0.491531306774549
2020-06-14;08;0.478565822196963
2020-06-15;08;0.480843275887934
2020-06-16;08;0.492668005779891
2020-06-17;08;0.506702883945204
2020-06-18;08;0.51215497901994
2020-06-19;08;0.522679391316504
2020-06-20;08;0.514533342708028
2020-06-21;08;0.543186055571267
2020-06-22;08;0.544034971913141
2020-06-23;08;0.519429446249638
2020-06-24;08;0.514385577075334
2020-06-25;08;0.51088153394865
2020-06-26;08;0.501732783027747
2020-06-27;08;0.494838133275954
2020-06-28;08;0.465198103635925
2020-06-29;08;0.457427248536825
2020-06-30;08;0.471583377050164
2020-07-01;08;0.477454555052489
2020-07-02;08;0.462667587633943
2020-07-03;08;0.451712094325509
2020-07-04;08;0.460842062102093
2020-07-05;08;0.482979815947164
2020-07-06;08;0.499638335106341
2020-07-07;08;0.498149623679741
2020-07-08;08;0.496070571918522
2020-07-09;08;0.498086976566505
2020-07-10;08;0.507190618023088
2020-07-11;08;0.527040242083238
2020-07-12;08;0.525104508440188
2020-07-13;08;0.518229220493205
2020-07-14;08;0.50971263556466
2020-07-15;08;0.504279293396624
2020-07-16;08;0.501734540851872
2020-07-17;08;0.502118565429445
2020-07-18;08;0.482436025746905
2020-07-19;08;0.478375486802645
2020-07-20;08;0.465747994811276
2020-07-21;08;0.464714898569814
2020-07-22;08;0.458486433157675
2020-07-23;08;0.445978057012935
2020-07-24;08;0.444511781353111
2020-07-25;08;0.444102155137033
2020-07-26;08;0.440226186144785
2020-07-27;08;0.434602507260774
2020-07-28;08;0.42700735948471
2020-07-29;08;0.430700265218432
2020-07-30;08;0.448399907058639
2020-07-31;08;0.460039211150774
2020-08-01;08;0.475584093347178
2020-08-02;08;0.479080596843681
2020-08-03;08;0.505636235256143
2020-08-04;08;0.526182424746432
2020-08-05;08;0.524966363100534
2020-08-06;08;0.530409218208679
2020-08-07;08;0.51475012438247
2020-08-08;08;0.501954049688693
2020-08-09;08;0.504192686963827
2020-08-10;08;0.493769208375554
2020-08-11;08;0.483992970836513
2020-08-12;08;0.50129546705624
2020-08-13;08;0.503595709186991
2020-08-14;08;0.507182598488166
2020-08-15;08;0.523646836005035
2020-08-16;08;0.5206143979361
2020-08-17;08;0.522219534372698
2020-08-18;08;0.526348502388218
2020-08-19;08;0.532154461135353
2020-08-20;08;0.531584785412303
2020-08-21;08;0.538664884800095
2020-08-22;08;0.53380143142179
2020-03-10;09;NA
2020-03-11;09;NA
2020-03-12;09;0
2020-03-13;09;0
2020-03-14;09;0
2020-03-15;09;0.0158730158730159
2020-03-16;09;0.0158730158730159
2020-03-17;09;0.0223665223665224
2020-03-18;09;0.0388500388500388
2020-03-19;09;0.0436119436119436
2020-03-20;09;0.0478136242842125
2020-03-21;09;0.0517818782524665
2020-03-22;09;0.0395718660424543
2020-03-23;09;0.0437735467147232
2020-03-24;09;0.0523176342061791
2020-03-25;09;0.0701198320083769
2020-03-26;09;0.0653579272464721
2020-03-27;09;0.0653579272464721
2020-03-28;09;0.0764272672631806
2020-03-29;09;0.0973948054720981
2020-03-30;09;0.0931931247998292
2020-03-31;09;0.0836500363093723
2020-04-01;09;0.0568831190161392
2020-04-02;09;0.0630942991403628
2020-04-03;09;0.0803211898966653
2020-04-04;09;0.0817671123952194
2020-04-05;09;0.0766170900038177
2020-04-06;09;0.081908095294823
2020-04-07;09;0.0878421612288889
2020-04-08;09;0.0803233642364077
2020-04-09;09;0.0825155454567219
2020-04-10;09;0.08056749350867
2020-04-11;09;0.0640839770251535
2020-04-12;09;0.044603457544634
2020-04-13;09;0.0455236323778523
2020-04-14;09;0.0381766936023421
2020-04-15;09;0.054049709475358
2020-04-16;09;0.0580687083792674
2020-04-17;09;0.0453909099871833
2020-04-18;09;0.058996352164054
2020-04-19;09;0.091963385131087
2020-04-20;09;0.112963089360605
2020-04-21;09;0.159901864870809
2020-04-22;09;0.198973903942848
2020-04-23;09;0.243694400837258
2020-04-24;09;0.270505125126974
2020-04-25;09;0.288645714696135
2020-04-26;09;0.341392967443388
2020-04-27;09;0.353143122050685
2020-04-28;09;0.373551285315991
2020-04-29;09;0.318606230370936
2020-04-30;09;0.27245238421709
2020-05-01;09;0.24776751026751
2020-05-02;09;0.229008491508492
2020-05-03;09;0.196865634365634
2020-05-04;09;0.212326364112078
2020-05-05;09;0.17386482565054
2020-05-06;09;0.239798891584606
2020-05-07;09;0.249218043860901
2020-05-08;09;0.272035504178361
2020-05-09;09;0.285834205477063
2020-05-10;09;0.290704335347192
2020-05-11;09;0.260092090449233
2020-05-12;09;0.281546826189683
2020-05-13;09;0.229898474541332
2020-05-14;09;0.248451350237064
2020-05-15;09;0.260661362447077
2020-05-16;09;0.274054219589934
2020-05-17;09;0.254573700109414
2020-05-18;09;0.262510208045922
2020-05-19;09;0.242571197959129
2020-05-20;09;0.264759647807153
2020-05-21;09;0.251308812927747
2020-05-22;09;0.262297823916758
2020-05-23;09;0.265245937124305
2020-05-24;09;0.288396699405502
2020-05-25;09;0.29665066765947
2020-05-26;09;0.308815139359481
2020-05-27;09;0.310156101276162
2020-05-28;09;0.316903961710658
2020-05-29;09;0.304286949093646
2020-05-30;09;0.27995725693873
2020-05-31;09;0.265464503315542
2020-06-01;09;0.278259534371442
2020-06-02;09;0.272428630581355
2020-06-03;09;0.283720647388078
2020-06-04;09;0.300334763323077
2020-06-05;09;0.300477763466077
2020-06-06;09;0.369916065102521
2020-06-07;09;0.387232082418538
2020-06-08;09;0.386108783885434
2020-06-09;09;0.408149600211964
2020-06-10;09;0.408022049191556
2020-06-11;09;0.406768916359476
2020-06-12;09;0.407587917178477
2020-06-13;09;0.377553681261888
2020-06-14;09;0.377553681261888
2020-06-15;09;0.351522974380117
2020-06-16;09;0.338116380973524
2020-06-17;09;0.373170402582167
2020-06-18;09;0.389043418455183
2020-06-19;09;0.399324803736568
2020-06-20;09;0.393071797483562
2020-06-21;09;0.373249514503384
2020-06-22;09;0.39919579044966
2020-06-23;09;0.421173812427682
2020-06-24;09;0.391194253036358
2020-06-25;09;0.386815490036906
2020-06-26;09;0.374060387996089
2020-06-27;09;0.330515697392575
2020-06-28;09;0.376672756707529
2020-06-29;09;0.372704502739275
2020-06-30;09;0.369847359882132
2020-07-01;09;0.408961007691432
2020-07-02;09;0.421276278627393
2020-07-03;09;0.417727032842122
2020-07-04;09;0.416842468490066
2020-07-05;09;0.360055385840914
2020-07-06;09;0.339647222575608
2020-07-07;09;0.355109407449558
2020-07-08;09;0.293687737332235
2020-07-09;09;0.23813218177668
2020-07-10;09;0.227650815317052
2020-07-11;09;0.311041109233662
2020-07-12;09;0.33370120775583
2020-07-13;09;0.3473066499327
2020-07-14;09;0.316844465058751
2020-07-15;09;0.330552978767264
2020-07-16;09;0.370235518449804
2020-07-17;09;0.382410843125129
2020-07-18;09;0.327216037930324
2020-07-19;09;0.324260372905693
2020-07-20;09;0.337498100429135
2020-07-21;09;0.343450481381516
2020-07-22;09;0.331329269260304
2020-07-23;09;0.310405748336783
2020-07-24;09;0.330968518899553
2020-07-25;09;0.325866478083227
2020-07-26;09;0.350250714536429
2020-07-27;09;0.337012987012987
2020-07-28;09;0.333611626468769
2020-07-29;09;0.347897340754484
2020-07-30;09;0.350532386867791
2020-07-31;09;0.316218661377595
2020-08-01;09;0.31989213076535
2020-08-02;09;0.308989875126252
2020-08-03;09;0.303887834309925
2020-08-04;09;0.287174252325407
2020-08-05;09;0.275269490420645
2020-08-06;09;0.261811933484828
2020-08-07;09;0.281244706594071
2020-08-08;09;0.288625658975024
2020-08-09;09;0.274527914614122
2020-08-10;09;0.284268174354381
2020-08-11;09;0.295879715522573
2020-08-12;09;0.304121473764331
2020-08-13;09;0.33473371866229
2020-08-14;09;0.324573620140123
2020-08-15;09;0.318621239187742
2020-08-16;09;0.336478382044885
2020-08-17;09;0.350257286067691
2020-08-18;09;0.357678436345984
2020-08-19;09;0.336579535247083
2020-08-20;09;0.324485808867642
2020-08-21;09;0.308636590619623
2020-08-22;09;0.304668336651369
2020-03-10;10;NA
2020-03-12;10;NA
2020-03-13;10;NA
2020-03-14;10;NA
2020-03-15;10;NA
2020-03-16;10;NA
2020-03-17;10;0.113095238095238
2020-03-18;10;0.113095238095238
2020-03-19;10;0.133503401360544
2020-03-20;10;0.142431972789116
2020-03-21;10;0.0839904143475572
2020-03-22;10;0.0998634302205731
2020-03-23;10;0.0760539064110493
2020-03-24;10;0.0581967635539064
2020-03-25;10;0.0581967635539064
2020-03-26;10;0.0377886002886003
2020-03-27;10;0.0288600288600289
2020-03-28;10;0.0158730158730159
2020-03-29;10;0.0075187969924812
2020-03-30;10;0.0075187969924812
2020-03-31;10;0.0075187969924812
2020-04-01;10;0.0075187969924812
2020-04-02;10;0.0075187969924812
2020-04-03;10;0.0075187969924812
2020-04-04;10;0.0075187969924812
2020-04-05;10;0.0238095238095238
2020-04-06;10;0.0238095238095238
2020-04-07;10;0.0238095238095238
2020-04-08;10;0.0238095238095238
2020-04-09;10;0.0850340136054422
2020-04-10;10;0.0850340136054422
2020-04-11;10;0.0850340136054422
2020-04-12;10;0.0612244897959184
2020-04-13;10;0.0612244897959184
2020-04-14;10;0.0969387755102041
2020-04-15;10;0.120748299319728
2020-04-16;10;0.0595238095238095
2020-04-17;10;0.0595238095238095
2020-04-18;10;0.0595238095238095
2020-04-19;10;0.0595238095238095
2020-04-20;10;0.0833333333333333
2020-04-21;10;0.0833333333333333
2020-04-22;10;0.0595238095238095
2020-04-23;10;0.0595238095238095
2020-04-24;10;0.130952380952381
2020-04-25;10;0.130952380952381
2020-04-26;10;0.130952380952381
2020-04-27;10;0.178571428571429
2020-04-28;10;0.155844155844156
2020-04-29;10;0.227272727272727
2020-04-30;10;0.227272727272727
2020-05-01;10;0.194805194805195
2020-05-02;10;0.251948051948052
2020-05-03;10;0.287662337662338
2020-05-04;10;0.311471861471861
2020-05-05;10;0.322294372294372
2020-05-06;10;0.250865800865801
2020-05-07;10;0.286580086580087
2020-05-08;10;0.304761904761905
2020-05-09;10;0.319047619047619
2020-05-10;10;0.345833333333333
2020-05-11;10;0.364880952380952
2020-05-12;10;0.361479591836735
2020-05-13;10;0.385289115646259
2020-05-14;10;0.363860544217687
2020-05-15;10;0.354336734693878
2020-05-16;10;0.303316326530612
2020-05-17;10;0.312244897959184
2020-05-18;10;0.269387755102041
2020-05-19;10;0.296598639455782
2020-05-20;10;0.293197278911565
2020-05-21;10;0.328601005619639
2020-05-22;10;0.336537513556147
2020-05-23;10;0.343340234644582
2020-05-24;10;0.326333431923494
2020-05-25;10;0.306852912442975
2020-05-26;10;0.311181916771979
2020-05-27;10;0.315983837540286
2020-05-28;10;0.294865825117926
2020-05-29;10;0.275024555276656
2020-05-30;10;0.278425915820874
2020-05-31;10;0.313289861399105
2020-06-01;10;0.344048576368346
2020-06-02;10;0.381386238706009
2020-06-03;10;0.418676154672395
2020-06-04;10;0.418676154672395
2020-06-05;10;0.420555853920516
2020-06-06;10;0.457170499778859
2020-06-07;10;0.401498230871296
2020-06-08;10;0.352124797287336
2020-06-09;10;0.352124797287336
2020-06-10;10;0.339075346737885
2020-06-11;10;0.358122965785504
2020-06-12;10;0.39571695074791
2020-06-13;10;0.3846125089712
2020-06-14;10;0.412223553388967
2020-06-15;10;0.439329780495194
2020-06-16;10;0.429409145574559
2020-06-17;10;0.447185486880312
2020-06-18;10;0.481199092322489
2020-06-19;10;0.487643775458901
2020-06-20;10;0.456366046976204
2020-06-21;10;0.457253358422522
2020-06-22;10;0.438288452360842
2020-06-23;10;0.433209087281476
2020-06-24;10;0.417930248473226
2020-06-25;10;0.379775856281567
2020-06-26;10;0.334773239850379
2020-06-27;10;0.362193327715854
2020-06-28;10;0.376493486606508
2020-06-29;10;0.386300883510679
2020-06-30;10;0.39772945493925
2020-07-01;10;0.423948518894163
2020-07-02;10;0.421286584555211
2020-07-03;10;0.446994210262836
2020-07-04;10;0.4432469221161
2020-07-05;10;0.425143999884085
2020-07-06;10;0.415620190360275
2020-07-07;10;0.393092717832803
2020-07-08;10;0.363626900631136
2020-07-09;10;0.382611238552351
2020-07-10;10;0.36070484306105
2020-07-11;10;0.374843964449427
2020-07-12;10;0.372925903992161
2020-07-13;10;0.37164385271011
2020-07-14;10;0.369681529319215
2020-07-15;10;0.339715593615574
2020-07-16;10;0.351343500592319
2020-07-17;10;0.358531281365005
2020-07-18;10;0.340772598944668
2020-07-19;10;0.345920083039521
2020-07-20;10;0.362166581638961
2020-07-21;10;0.356379192056262
2020-07-22;10;0.399477517757964
2020-07-23;10;0.413366406646853
2020-07-24;10;0.4257887668953
2020-07-25;10;0.42022828183171
2020-07-26;10;0.42102748263091
2020-07-27;10;0.415325201718546
2020-07-28;10;0.426678454009964
2020-07-29;10;0.419639285858549
2020-07-30;10;0.399256890476154
2020-07-31;10;0.397823541216717
2020-08-01;10;0.387057495668063
2020-08-02;10;0.389084040551751
2020-08-03;10;0.413353207678061
2020-08-04;10;0.43479814929107
2020-08-05;10;0.457485468936829
2020-08-06;10;0.467738373926576
2020-08-07;10;0.471124924482938
2020-08-08;10;0.489137346843187
2020-08-09;10;0.500574888892974
2020-08-10;10;0.491683703945451
2020-08-11;10;0.495285144521681
2020-08-12;10;0.472225073035459
2020-08-13;10;0.442859205536523
2020-08-14;10;0.43128476443933
2020-08-15;10;0.443707124687777
2020-08-16;10;0.446136667933647
2020-08-17;10;0.421892844336325
2020-08-18;10;0.404035701479182
2020-08-19;10;0.422874006031773
2020-08-20;10;0.434875032857597
2020-08-21;10;0.427312007647513
2020-08-22;10;0.424784201783004
2020-03-14;11;NA
2020-03-30;11;NA
2020-05-05;11;NA
2020-05-20;11;NA
2020-05-21;11;NA
2020-05-22;11;NA
2020-05-24;11;0.547619047619048
2020-05-26;11;0.547619047619048
2020-05-28;11;0.619047619047619
2020-06-01;11;0.619047619047619
2020-06-06;11;0.619047619047619
2020-06-08;11;0.571428571428571
2020-06-09;11;0.571428571428571
2020-06-10;11;0.714285714285714
2020-06-14;11;0.761904761904762
2020-06-18;11;0.619047619047619
2020-06-19;11;0.476190476190476
2020-06-20;11;0.333333333333333
2020-06-22;11;0.404761904761905
2020-06-23;11;0.404761904761905
2020-06-24;11;0.404761904761905
2020-06-26;11;0.357142857142857
2020-06-27;11;0.5
2020-07-03;11;0.5
2020-07-06;11;0.5
2020-07-07;11;0.523809523809524
2020-07-08;11;0.428571428571429
2020-07-09;11;0.428571428571429
2020-07-10;11;0.571428571428571
2020-07-11;11;0.428571428571429
2020-07-12;11;0.571428571428571
2020-07-13;11;0.714285714285714
2020-07-14;11;0.619047619047619
2020-07-18;11;0.571428571428571
2020-07-22;11;0.523809523809524
2020-07-24;11;0.523809523809524
2020-07-25;11;0.523809523809524
2020-07-27;11;0.476190476190476
2020-07-28;11;0.476190476190476
2020-07-31;11;0.476190476190476
2020-08-04;11;0.619047619047619
2020-08-10;11;0.666666666666667
2020-08-11;11;0.595238095238095
2020-08-15;11;0.595238095238095
2020-08-16;11;0.5
2020-08-17;11;0.428571428571429
2020-08-21;11;0.571428571428571
2020-08-22;11;0.428571428571429
2020-03-12;12;NA
2020-03-13;12;NA
2020-03-14;12;NA
2020-03-15;12;NA
2020-03-16;12;NA
2020-03-17;12;0
2020-03-18;12;0
2020-03-19;12;0
2020-03-20;12;0
2020-03-21;12;0
2020-03-22;12;0.0158730158730159
2020-03-23;12;0.0238095238095238
2020-03-24;12;0.0238095238095238
2020-03-25;12;0.0238095238095238
2020-03-26;12;0.0238095238095238
2020-03-27;12;0.0497835497835498
2020-03-28;12;0.0974025974025974
2020-03-29;12;0.152958152958153
2020-03-30;12;0.145021645021645
2020-03-31;12;0.145021645021645
2020-04-01;12;0.183116883116883
2020-04-02;12;0.200974025974026
2020-04-03;12;0.260714285714286
2020-04-04;12;0.260714285714286
2020-04-05;12;0.20969387755102
2020-04-06;12;0.20969387755102
2020-04-07;12;0.20969387755102
2020-04-08;12;0.171598639455782
2020-04-09;12;0.196598639455782
2020-04-10;12;0.176818419675563
2020-04-11;12;0.149607535321821
2020-04-12;12;0.182770800627943
2020-04-13;12;0.262135879993023
2020-04-14;12;0.36927873713588
2020-04-15;12;0.448643816500959
2020-04-16;12;0.426194836909123
2020-04-17;12;0.407879818594104
2020-04-18;12;0.387471655328798
2020-04-19;12;0.33390022675737
2020-04-20;12;0.25453514739229
2020-04-21;12;0.147392290249433
2020-04-22;12;0.0680272108843537
2020-04-23;12;0.0476190476190476
2020-04-24;12;0
2020-04-25;12;0
2020-04-26;12;0
2020-04-27;12;0.051948051948052
2020-04-28;12;0.051948051948052
2020-04-29;12;0.0948051948051948
2020-04-30;12;0.130519480519481
2020-05-01;12;0.160594668489405
2020-05-02;12;0.21553972343446
2020-05-03;12;0.319435827330564
2020-05-04;12;0.358396866291603
2020-05-05;12;0.444111152005889
2020-05-06;12;0.462478498944664
2020-05-07;12;0.45851024497641
2020-05-08;12;0.428435057006486
2020-05-09;12;0.516347144918573
2020-05-10;12;0.441022469593898
2020-05-11;12;0.397732426303855
2020-05-12;12;0.312018140589569
2020-05-13;12;0.346031746031746
2020-05-14;12;0.314285714285714
2020-05-15;12;0.33015873015873
2020-05-16;12;0.203174603174603
2020-05-17;12;0.21031746031746
2020-05-18;12;0.216269841269841
2020-05-19;12;0.236678004535147
2020-05-20;12;0.155725623582766
2020-05-21;12;0.262868480725624
2020-05-22;12;0.28781179138322
2020-05-23;12;0.271938775510204
2020-05-24;12;0.379081632653061
2020-05-25;12;0.396938775510204
2020-05-26;12;0.471768707482993
2020-05-27;12;0.564625850340136
2020-05-28;12;0.600340136054422
2020-05-29;12;0.588095238095238
2020-05-30;12;0.635714285714286
2020-05-31;12;0.55
2020-06-01;12;0.478571428571429
2020-06-02;12;0.454761904761905
2020-06-03;12;0.429251700680272
2020-06-04;12;0.286394557823129
2020-06-05;12;0.305442176870748
2020-06-06;12;0.293537414965986
2020-06-07;12;0.260204081632653
2020-06-08;12;0.307823129251701
2020-06-09;12;0.318027210884354
2020-06-10;12;0.33843537414966
2020-06-11;12;0.427721088435374
2020-06-12;12;0.48399814471243
2020-06-13;12;0.54352195423624
2020-06-14;12;0.605426716141002
2020-06-15;12;0.605426716141002
2020-06-16;12;0.625834879406308
2020-06-17;12;0.607127396413111
2020-06-18;12;0.660698824984539
2020-06-19;12;0.64608843537415
2020-06-20;12;0.622278911564626
2020-06-21;12;0.565136054421769
2020-06-22;12;0.565136054421769
2020-06-23;12;0.516666666666667
2020-06-24;12;0.474149659863946
2020-06-25;12;0.445578231292517
2020-06-26;12;0.427721088435374
2020-06-27;12;0.427721088435374
2020-06-28;12;0.51343537414966
2020-06-29;12;0.506632653061225
2020-06-30;12;0.500680272108844
2020-07-02;12;0.531292517006803
2020-07-03;12;0.498639455782313
2020-07-04;12;0.516496598639456
2020-07-05;12;0.502210884353742
2020-07-06;12;0.428741496598639
2020-07-07;12;0.495068027210884
2020-07-08;12;0.561734693877551
2020-07-09;12;0.604591836734694
2020-07-10;12;0.594387755102041
2020-07-11;12;0.596011131725417
2020-07-12;12;0.649979385693671
2020-07-13;12;0.609163059163059
2020-07-14;12;0.573448773448773
2020-07-15;12;0.554401154401154
2020-07-16;12;0.487734487734488
2020-07-17;12;0.47979797979798
2020-07-18;12;0.496031746031746
2020-07-19;12;0.420634920634921
2020-07-20;12;0.43968253968254
2020-07-21;12;0.384126984126984
2020-07-22;12;0.320634920634921
2020-07-23;12;0.298989898989899
2020-07-24;12;0.295021645021645
2020-07-25;12;0.2286951144094
2020-07-26;12;0.254205318491033
2020-07-27;12;0.275974025974026
2020-07-28;12;0.331529581529582
2020-07-29;12;0.343261810653115
2020-07-30;12;0.362742330133634
2020-07-31;12;0.347861377752682
2020-08-01;12;0.362945672340082
2020-08-02;12;0.366656247479229
2020-08-03;12;0.373458968567664
2020-08-04;12;0.367964463073159
2020-08-05;12;0.403851281568673
2020-08-06;12;0.449305827023218
2020-08-07;12;0.444662969880361
2020-08-08;12;0.449368409368409
2020-08-09;12;0.434122785427133
2020-08-10;12;0.443646594950943
2020-08-11;12;0.467938092926651
2020-08-12;12;0.46649509148365
2020-08-13;12;0.453137020982722
2020-08-14;12;0.461654541198356
2020-08-15;12;0.46598354552736
2020-08-16;12;0.492484580724047
2020-08-17;12;0.522540239351134
2020-08-18;12;0.505975389727074
2020-08-19;12;0.512202039789341
2020-08-20;12;0.500903607372896
2020-08-21;12;0.522604004832807
2020-08-22;12;0.535363175486715
2020-03-10;13;0
2020-03-11;13;0
2020-03-12;13;0
2020-03-13;13;0.0133928571428571
2020-03-14;13;0.0133928571428571
2020-03-15;13;0.0372023809523809
2020-03-16;13;0.0394345238095238
2020-03-17;13;0.0494013012181617
2020-03-18;13;0.0596053828508147
2020-03-19;13;0.0672584440753045
2020-03-20;13;0.0611915942584547
2020-03-21;13;0.0775850368814055
2020-03-22;13;0.0641651234614921
2020-03-23;13;0.0901019946888563
2020-03-24;13;0.0982758068493794
2020-03-25;13;0.107552244697246
2020-03-26;13;0.12370870728228
2020-03-27;13;0.135863219436792
2020-03-28;13;0.153952535434531
2020-03-29;13;0.175308956790952
2020-03-30;13;0.176756667445121
2020-03-31;13;0.186013338149933
2020-04-01;13;0.195609936242106
2020-04-02;13;0.203092929439385
2020-04-03;13;0.210486525941892
2020-04-04;13;0.205129980913436
2020-04-05;13;0.221002996786452
2020-04-06;13;0.223132303793807
2020-04-07;13;0.256959533315753
2020-04-08;13;0.277627313702244
2020-04-09;13;0.272832492547976
2020-04-10;13;0.27472821783479
2020-04-11;13;0.301157559798113
2020-04-12;13;0.31236204159083
2020-04-13;13;0.332429481347389
2020-04-14;13;0.339566078317465
2020-04-15;13;0.346835914503061
2020-04-16;13;0.363816479520091
2020-04-17;13;0.376629468565475
2020-04-18;13;0.373454865390871
2020-04-19;13;0.357102378450149
2020-04-20;13;0.347537385286262
2020-04-21;13;0.32507793786453
2020-04-22;13;0.313840630712648
2020-04-23;13;0.311837024220963
2020-04-24;13;0.301360184689148
2020-04-25;13;0.284229696130088
2020-04-26;13;0.281620005478803
2020-04-27;13;0.271444500510704
2020-04-28;13;0.262316468914625
2020-04-29;13;0.254489979872667
2020-04-30;13;0.245931207130606
2020-05-01;13;0.235862176668252
2020-05-02;13;0.218725347601897
2020-05-03;13;0.204035318923942
2020-05-04;13;0.204105202696195
2020-05-05;13;0.194870321281918
2020-05-06;13;0.185350411762008
2020-05-07;13;0.177831355523014
2020-05-08;13;0.173233149929918
2020-05-09;13;0.172424255370688
2020-05-10;13;0.168591087744256
2020-05-11;13;0.154168362132272
2020-05-12;13;0.141080502850388
2020-05-13;13;0.123381797651683
2020-05-14;13;0.110204837605775
2020-05-15;13;0.105380484736119
2020-05-16;13;0.107247874437662
2020-05-17;13;0.106339951031356
2020-05-18;13;0.108143122977028
2020-05-19;13;0.114197165816272
2020-05-20;13;0.117860546517696
2020-05-21;13;0.124134529611258
2020-05-22;13;0.13170493922401
2020-05-23;13;0.131231579817963
2020-05-24;13;0.129668498358995
2020-05-25;13;0.128412274295207
2020-05-26;13;0.128447270507226
2020-05-27;13;0.134763196950536
2020-05-28;13;0.133100879830342
2020-05-29;13;0.13270521240939
2020-05-30;13;0.135507599370405
2020-05-31;13;0.14522874354237
2020-06-01;13;0.147721962113838
2020-06-02;13;0.153139863423245
2020-06-03;13;0.163327774048411
2020-06-04;13;0.17289428090271
2020-06-05;13;0.174849795722807
2020-06-06;13;0.178919500696861
2020-06-07;13;0.179359013134405
2020-06-08;13;0.190330810973584
2020-06-09;13;0.201901348232093
2020-06-10;13;0.206599337197177
2020-06-11;13;0.215358516151547
2020-06-12;13;0.218387442187006
2020-06-13;13;0.224390078724937
2020-06-14;13;0.230950580863165
2020-06-15;13;0.236787719024503
2020-06-16;13;0.23975008964458
2020-06-17;13;0.243558867655008
2020-06-18;13;0.247527242279225
2020-06-19;13;0.250238789121854
2020-06-20;13;0.258062177316584
2020-06-21;13;0.264629771376024
2020-06-22;13;0.276612732369993
2020-06-23;13;0.284926355242107
2020-06-24;13;0.294947829426959
2020-06-25;13;0.304769713655891
2020-06-26;13;0.316301434739269
2020-06-27;13;0.314683079420025
2020-06-28;13;0.315789906922644
2020-06-29;13;0.312602734821411
2020-06-30;13;0.318836221457931
2020-07-01;13;0.316928073453807
2020-07-02;13;0.316090057523612
2020-07-03;13;0.317034243652983
2020-07-04;13;0.32522459441524
2020-07-05;13;0.330704664410538
2020-07-06;13;0.3353890660422
2020-07-07;13;0.333842592939917
2020-07-08;13;0.351753711235105
2020-07-09;13;0.358604036701987
2020-07-10;13;0.350090483516743
2020-07-11;13;0.35398683002471
2020-07-12;13;0.359836577385917
2020-07-13;13;0.36350214232083
2020-07-14;13;0.368075306752233
2020-07-15;13;0.348088506757214
2020-07-16;13;0.339622227727932
2020-07-17;13;0.350383533160928
2020-07-18;13;0.342535110773105
2020-07-19;13;0.34715658263727
2020-07-20;13;0.339152946356182
2020-07-21;13;0.335733238970319
2020-07-22;13;0.353083635020319
2020-07-23;13;0.356121992012165
2020-07-24;13;0.35581806600325
2020-07-25;13;0.356536302015603
2020-07-26;13;0.347369795297188
2020-07-27;13;0.352043968096019
2020-07-28;13;0.36209624237454
2020-07-29;13;0.35898614492482
2020-07-30;13;0.354121204812591
2020-07-31;13;0.352113086430254
2020-08-01;13;0.351228263959528
2020-08-02;13;0.361101385418015
2020-08-03;13;0.365197587030969
2020-08-04;13;0.357229282477188
2020-08-05;13;0.349576067474869
2020-08-06;13;0.363013119636914
2020-08-07;13;0.367767166470169
2020-08-08;13;0.377396997685903
2020-08-09;13;0.388163461134027
2020-08-10;13;0.383944455006695
2020-08-11;13;0.388440166334704
2020-08-12;13;0.398198551929122
2020-08-13;13;0.396389975909693
2020-08-14;13;0.388581476165709
2020-08-15;13;0.38366561998403
2020-08-16;13;0.376874625511375
2020-08-17;13;0.379183332635385
2020-08-18;13;0.377405847447762
2020-08-19;13;0.374886942514074
2020-08-20;13;0.370371478273416
2020-08-21;13;0.375721121264064
2020-08-22;13;0.373386717526444
2020-03-10;14;NA
2020-03-15;14;NA
2020-03-16;14;NA
2020-03-17;14;NA
2020-03-18;14;NA
2020-03-19;14;NA
2020-03-20;14;0.0158730158730159
2020-03-21;14;0.0317460317460317
2020-03-22;14;0.0317460317460317
2020-03-23;14;0.0317460317460317
2020-03-24;14;0.0317460317460317
2020-03-25;14;0.0317460317460317
2020-03-26;14;0.0317460317460317
2020-03-27;14;0.111111111111111
2020-03-28;14;0.113095238095238
2020-03-29;14;0.113095238095238
2020-03-30;14;0.113095238095238
2020-03-31;14;0.113095238095238
2020-04-01;14;0.113095238095238
2020-04-02;14;0.18452380952381
2020-04-03;14;0.0892857142857143
2020-04-05;14;0.0714285714285714
2020-04-06;14;NA
2020-04-07;14;NA
2020-04-08;14;NA
2020-04-09;14;NA
2020-04-10;14;NA
2020-04-11;14;NA
2020-04-12;14;NA
2020-04-13;14;0
2020-04-14;14;NA
2020-04-20;14;NA
2020-04-23;14;NA
2020-04-25;14;NA
2020-04-26;14;NA
2020-04-27;14;NA
2020-04-28;14;NA
2020-05-01;14;0.30952380952381
2020-05-03;14;0.238095238095238
2020-05-04;14;0.30952380952381
2020-05-06;14;0.452380952380952
2020-05-08;14;0.452380952380952
2020-05-09;14;0.395238095238095
2020-05-10;14;0.395238095238095
2020-05-11;14;0.442857142857143
2020-05-12;14;0.478571428571429
2020-05-13;14;0.407142857142857
2020-05-14;14;0.264285714285714
2020-05-15;14;0.28469387755102
2020-05-16;14;0.224953617810761
2020-05-17;14;0.231756338899196
2020-05-18;14;0.222232529375387
2020-05-19;14;0.281756338899196
2020-05-20;14;0.363388991960421
2020-05-21;14;0.420531849103278
2020-05-22;14;0.471552257266543
2020-05-23;14;0.50907029478458
2020-05-24;14;0.454648526077097
2020-05-25;14;0.479053287981859
2020-05-26;14;0.463180272108844
2020-05-27;14;0.429166666666667
2020-05-28;14;0.443452380952381
2020-05-29;14;0.514880952380952
2020-05-30;14;0.451388888888889
2020-05-31;14;0.427579365079365
2020-06-01;14;0.391053391053391
2020-06-02;14;0.34025974025974
2020-06-03;14;0.364069264069264
2020-06-04;14;0.374273345701917
2020-06-05;14;0.31713048855906
2020-06-06;14;0.382065553494125
2020-06-07;14;0.453494124922696
2020-06-08;14;0.463234384662956
2020-06-09;14;0.466408987837559
2020-06-10;14;0.486817151102865
2020-06-11;14;0.423041640898784
2020-06-12;14;0.384946402803546
2020-06-13;14;0.320011337868481
2020-06-14;14;0.278344671201814
2020-06-15;14;0.3140589569161
2020-06-16;14;0.335884353741497
2020-06-17;14;0.325680272108844
2020-06-18;14;0.450680272108844
2020-06-19;14;0.434807256235828
2020-06-20;14;0.518140589569161
2020-06-21;14;0.52171201814059
2020-06-22;14;0.450283446712018
2020-06-23;14;0.49875283446712
2020-06-24;14;0.512358276643991
2020-06-25;14;0.44092970521542
2020-06-26;14;0.504421768707483
2020-06-27;14;0.468707482993197
2020-06-28;14;0.452380952380952
2020-06-29;14;0.509523809523809
2020-06-30;14;0.550340136054422
2020-07-01;14;0.526530612244898
2020-07-02;14;0.526530612244898
2020-07-03;14;0.431292517006803
2020-07-04;14;0.47891156462585
2020-07-05;14;0.466666666666667
2020-07-06;14;0.528571428571429
2020-07-07;14;0.446938775510204
2020-07-08;14;0.42312925170068
2020-07-09;14;0.405272108843537
2020-07-10;14;0.458843537414966
2020-07-11;14;0.381462585034014
2020-07-12;14;0.467176870748299
2020-07-13;14;0.436041339612768
2020-07-14;14;0.446245421245421
2020-07-15;14;0.470054945054945
2020-07-17;14;0.464102564102564
2020-07-18;14;0.467673992673993
2020-07-19;14;0.568864468864469
2020-07-20;14;0.49029304029304
2020-07-21;14;0.516666666666667
2020-07-22;14;0.516666666666667
2020-07-23;14;0.547278911564626
2020-07-24;14;0.499659863945578
2020-07-25;14;0.513945578231292
2020-07-26;14;0.490136054421769
2020-07-27;14;0.525850340136054
2020-07-28;14;0.482993197278912
2020-07-29;14;0.506802721088435
2020-07-30;14;0.476190476190476
2020-07-31;14;0.571428571428571
2020-08-01;14;0.585714285714286
2020-08-02;14;0.597619047619048
2020-08-03;14;0.583333333333333
2020-08-04;14;0.607142857142857
2020-08-05;14;0.654761904761905
2020-08-06;14;0.624149659863946
2020-08-07;14;0.600340136054422
2020-08-08;14;0.657482993197279
2020-08-09;14;0.621768707482993
2020-08-10;14;0.607482993197279
2020-08-11;14;0.573469387755102
2020-08-12;14;0.430612244897959
2020-08-13;14;0.389795918367347
2020-08-14;14;0.389795918367347
2020-08-15;14;0.28265306122449
2020-08-16;14;0.28265306122449
2020-08-17;14;0.325510204081633
2020-08-18;14;0.345918367346939
2020-08-19;14;0.393537414965986
2020-08-20;14;0.393537414965986
2020-08-21;14;0.369727891156463
2020-08-22;14;0.429251700680272
2020-03-14;15;NA
2020-03-18;15;NA
2020-03-21;15;NA
2020-03-22;15;NA
2020-03-24;15;0
2020-03-25;15;0
2020-03-26;15;0
2020-03-27;15;0
2020-03-28;15;0
2020-03-29;15;0
2020-03-30;15;0
2020-03-31;15;0
2020-04-01;15;0.0158730158730159
2020-04-02;15;0.0770975056689342
2020-04-03;15;0.158730158730159
2020-04-04;15;0.199546485260771
2020-04-05;15;0.247165532879819
2020-04-06;15;0.369614512471655
2020-04-07;15;0.48390022675737
2020-04-08;15;0.539455782312925
2020-04-09;15;0.478231292517007
2020-04-10;15;0.396598639455782
2020-04-11;15;0.35578231292517
2020-04-12;15;0.343877551020408
2020-04-13;15;0.221428571428571
2020-04-14;15;0.107142857142857
2020-04-15;15;0.0357142857142857
2020-04-16;15;0.0833333333333333
2020-04-17;15;0.174242424242424
2020-04-18;15;0.245670995670996
2020-04-19;15;0.271181199752628
2020-04-20;15;0.373222016079159
2020-04-21;15;0.516079158936302
2020-04-22;15;0.611317254174397
2020-04-23;15;0.611317254174397
2020-04-24;15;0.520408163265306
2020-04-25;15;0.448979591836735
2020-04-26;15;0.473469387755102
2020-04-27;15;0.457142857142857
2020-04-28;15;0.428571428571429
2020-04-29;15;0.419047619047619
2020-04-30;15;0.407142857142857
2020-05-01;15;0.407142857142857
2020-05-02;15;0.407142857142857
2020-05-03;15;0.35
2020-05-04;15;0.311904761904762
2020-05-05;15;0.233333333333333
2020-05-06;15;0.226984126984127
2020-05-07;15;0.334126984126984
2020-05-08;15;0.41984126984127
2020-05-09;15;0.41984126984127
2020-05-10;15;0.407142857142857
2020-05-11;15;0.377380952380952
2020-05-12;15;0.35952380952381
2020-05-13;15;0.310770975056689
2020-05-14;15;0.253628117913832
2020-05-15;15;0.275056689342404
2020-05-16;15;0.360770975056689
2020-05-17;15;0.42182103610675
2020-05-18;15;0.451582940868655
2020-05-19;15;0.501753008895866
2020-05-20;15;0.491548927263213
2020-05-21;15;0.465985017488777
2020-05-22;15;0.423127874631634
2020-05-23;15;0.40884216034592
2020-05-24;15;0.385490511994271
2020-05-25;15;0.345807972311732
2020-05-26;15;0.298188924692684
2020-05-27;15;0.316242299888916
2020-05-28;15;0.31958398744113
2020-05-29;15;0.312441130298273
2020-05-30;15;0.33489010989011
2020-05-31;15;0.352747252747253
2020-06-01;15;0.41052503052503
2020-06-02;15;0.459504622361765
2020-06-03;15;0.492471655328798
2020-06-04;15;0.500408163265306
2020-06-05;15;0.509199372056515
2020-06-06;15;0.470266875981162
2020-06-07;15;0.460062794348509
2020-06-08;15;0.459654631083203
2020-06-09;15;0.505474249253051
2020-06-10;15;0.519079691429922
2020-06-11;15;0.508090680440911
2020-06-12;15;0.501269914999456
2020-06-13;15;0.507549349850319
2020-06-14;15;0.517753431482972
2020-06-15;15;0.542148305711734
2020-06-16;15;0.502337757836669
2020-06-17;15;0.509469642848739
2020-06-18;15;0.528395161774258
2020-06-19;15;0.557427757938182
2020-06-20;15;0.52217729411629
2020-06-21;15;0.524341796280792
2020-06-22;15;0.500116990079241
2020-06-23;15;0.505077307539559
2020-06-24;15;0.501581359660964
2020-06-25;15;0.478694685611499
2020-06-26;15;0.450349453406791
2020-06-27;15;0.500906039677663
2020-06-28;15;0.501488790260414
2020-06-29;15;0.500638450124359
2020-06-30;15;0.498203385189294
2020-07-01;15;0.494354863021807
2020-07-02;15;0.51579853562827
2020-07-03;15;0.514671340564198
2020-07-04;15;0.517811057989629
2020-07-05;15;0.519392809571381
2020-07-06;15;0.50578736739451
2020-07-07;15;0.489089779268351
2020-07-08;15;0.490289856073266
2020-07-09;15;0.489022830415997
2020-07-10;15;0.496017563793218
2020-07-11;15;0.486033645272715
2020-07-12;15;0.496695822601559
2020-07-13;15;0.512516829903562
2020-07-14;15;0.494321600004373
2020-07-15;15;0.473114909442844
2020-07-16;15;0.457684346973954
2020-07-17;15;0.431425011204051
2020-07-18;15;0.409357647673273
2020-07-19;15;0.390505462154421
2020-07-20;15;0.367798773750708
2020-07-21;15;0.376264530465274
2020-07-22;15;0.349911254111998
2020-07-23;15;0.347734383363699
2020-07-24;15;0.346935554978663
2020-07-25;15;0.340478734962521
2020-07-26;15;0.333443855046285
2020-07-27;15;0.33049316916877
2020-07-28;15;0.329418320624701
2020-07-29;15;0.333164574370955
2020-07-30;15;0.309831241037622
2020-07-31;15;0.311137168814138
2020-08-01;15;0.288527816906965
2020-08-02;15;0.2696617959223
2020-08-03;15;0.264695058561197
2020-08-04;15;0.263382033351113
2020-08-05;15;0.28069805066713
2020-08-06;15;0.293303092683937
2020-08-07;15;0.289101412011668
2020-08-08;15;0.323853440367108
2020-08-09;15;0.345962283904523
2020-08-10;15;0.367437287773893
2020-08-11;15;0.372875599462204
2020-08-12;15;0.390006842203203
2020-08-13;15;0.433853413089622
2020-08-14;15;0.460410189646399
2020-08-15;15;0.459583419706013
2020-08-16;15;0.479141242835265
2020-08-17;15;0.486666326447305
2020-08-18;15;0.516776956557935
2020-08-19;15;0.528924993096216
2020-08-20;15;0.516591027251813
2020-08-21;15;0.517037735015594
2020-08-22;15;0.540750077095283
2020-03-12;16;NA
2020-03-13;16;NA
2020-03-14;16;NA
2020-03-15;16;NA
2020-03-16;16;0.204761904761905
2020-03-17;16;0.204761904761905
2020-03-18;16;0.233333333333333
2020-03-19;16;0.233333333333333
2020-03-20;16;0.214285714285714
2020-03-21;16;0.164285714285714
2020-03-22;16;0.164285714285714
2020-03-23;16;0.164285714285714
2020-03-24;16;0.211904761904762
2020-03-25;16;0.183333333333333
2020-03-26;16;0.111904761904762
2020-03-27;16;0.107142857142857
2020-03-28;16;0.142857142857143
2020-03-29;16;0.174603174603175
2020-03-30;16;0.215419501133787
2020-03-31;16;0.253514739229025
2020-04-01;16;0.253514739229025
2020-04-02;16;0.335147392290249
2020-04-03;16;0.413378684807256
2020-04-04;16;0.413378684807256
2020-04-05;16;0.524489795918367
2020-04-06;16;0.590816326530612
2020-04-07;16;0.576530612244898
2020-04-08;16;0.624149659863946
2020-04-09;16;0.542517006802721
2020-04-10;16;0.440476190476191
2020-04-11;16;0.440476190476191
2020-04-12;16;0.440476190476191
2020-04-13;16;0.333333333333333
2020-04-14;16;0.357142857142857
2020-04-15;16;0.380952380952381
2020-04-16;16;0.416666666666667
2020-04-17;16;0.416666666666667
2020-04-18;16;0.345238095238095
2020-04-19;16;0.202380952380952
2020-04-20;16;0.25
2020-04-21;16;0.178571428571429
2020-04-22;16;0.154761904761905
2020-04-23;16;0.19047619047619
2020-04-24;16;0.251700680272109
2020-04-25;16;0.251700680272109
2020-04-26;16;0.308843537414966
2020-04-27;16;0.308843537414966
2020-04-28;16;0.33265306122449
2020-04-29;16;0.320748299319728
2020-04-30;16;0.310544217687075
2020-05-01;16;0.356462585034014
2020-05-02;16;0.417687074829932
2020-05-03;16;0.396258503401361
2020-05-04;16;0.396258503401361
2020-05-05;16;0.361626468769326
2020-05-06;16;0.337816944959802
2020-05-07;16;0.300401978973408
2020-05-08;16;0.213667285095857
2020-05-09;16;0.181014223871367
2020-05-10;16;0.212969111089412
2020-05-11;16;0.243272141392442
2020-05-12;16;0.305115060378218
2020-05-13;16;0.407496012759171
2020-05-14;16;0.461067441330599
2020-05-15;16;0.506985808677538
2020-05-16;16;0.560047033167334
2020-05-17;16;0.515235003092146
2020-05-18;16;0.450299938157081
2020-05-19;16;0.446898577612863
2020-05-20;16;0.358586889301175
2020-05-21;16;0.32882498453927
2020-05-22;16;0.323722943722944
2020-05-23;16;0.279357371407061
2020-05-24;16;0.265716818411669
2020-05-25;16;0.287361840056691
2020-05-26;16;0.263552316247167
2020-05-27;16;0.28349665762008
2020-05-28;16;0.320533694657117
2020-05-29;16;0.298991744543738
2020-05-30;16;0.352633754707487
2020-05-31;16;0.418605134770548
2020-06-01;16;0.450175190730848
2020-06-02;16;0.457501198056856
2020-06-03;16;0.497297116424202
2020-06-04;16;0.498355317482404
2020-06-05;16;0.528060532901905
2020-06-06;16;0.535365727707099
2020-06-07;16;0.57178490063943
2020-06-08;16;0.58721546310832
2020-06-09;16;0.617984693877551
2020-06-10;16;0.631938182249644
2020-06-11;16;0.627856549596583
2020-06-12;16;0.650905769284458
2020-06-13;16;0.639799497507455
2020-06-14;16;0.635335211793169
2020-06-15;16;0.657598662628048
2020-06-16;16;0.678196669272566
2020-06-17;16;0.658528895186188
2020-06-18;16;0.674298839527561
2020-06-19;16;0.673290436166216
2020-06-20;16;0.630138466184978
2020-06-21;16;0.580138466184978
2020-06-22;16;0.534443420489932
2020-06-23;16;0.519967862825006
2020-06-24;16;0.545787968645111
2020-06-25;16;0.516708352608974
2020-06-26;16;0.477227833128454
2020-06-27;16;0.49577178917241
2020-06-28;16;0.499068492469114
2020-06-29;16;0.487199480600102
2020-06-30;16;0.50118285172633
2020-07-01;16;0.500124650668129
2020-07-02;16;0.512547010916576
2020-07-03;16;0.535786928893336
2020-07-04;16;0.550837949301499
2020-07-05;16;0.593846664724008
2020-07-06;16;0.649101919979263
2020-07-07;16;0.612064882942226
2020-07-08;16;0.621005602087027
2020-07-09;16;0.629545974757834
2020-07-10;16;0.643027955571939
2020-07-11;16;0.64381794898866
2020-07-12;16;0.60915274190966
2020-07-13;16;0.607565440322358
2020-07-14;16;0.636996657253575
2020-07-15;16;0.610595620648457
2020-07-16;16;0.612218997271834
2020-07-17;16;0.609263332247203
2020-07-18;16;0.594414381914382
2020-07-19;16;0.600461245104102
2020-07-20;16;0.561685734900021
2020-07-21;16;0.532254517968804
2020-07-22;16;0.543167216381502
2020-07-23;16;0.553098461606865
2020-07-24;16;0.538812747321151
2020-07-25;16;0.563232771741175
2020-07-26;16;0.549627329564304
2020-07-27;16;0.538092280762175
2020-07-28;16;0.515392161287862
2020-07-29;16;0.488606447002148
2020-07-30;16;0.408174274133
2020-07-31;16;0.429182677494344
2020-08-01;16;0.382086916112869
2020-08-02;16;0.389986850280084
2020-08-03;16;0.429100498089384
2020-08-04;16;0.476185250643982
2020-08-05;16;0.501899536358268
2020-08-06;16;0.576729468331057
2020-08-07;16;0.56286392211257
2020-08-08;16;0.588714262248624
2020-08-09;16;0.642038817877327
2020-08-10;16;0.611436787275297
2020-08-11;16;0.584595616024187
2020-08-12;16;0.555121931813661
2020-08-13;16;0.499883836575566
2020-08-14;16;0.506254492946222
2020-08-15;16;0.513320545173565
2020-08-16;16;0.471228708438871
2020-08-17;16;0.501697600976729
2020-08-18;16;0.50505748151431
2020-08-19;16;0.50881688001055
2020-08-20;16;0.530650568709911
2020-08-21;16;0.526294564353906
2020-08-22;16;0.53276234671303
